{"type": "FeatureCollection", "features": [{"type": "Feature", "geometry": {"type": "Point", "coordinates": [6.167349, 49.986547]}, "properties": {"id": "lu-camp-0001", "name": "Alte Mühle", "theme": "camping", "description": "", "links": [{"label": "🌐 Site officiel", "url": "http://www.gemuend-our.de/camping/Camping.html"}, {"label": "🔎 Infos", "url": "https://www.google.com/search?q=Alte%20M%C3%BChle%20Luxembourg"}], "photos": [], "details": {"fiche": "Référencé"}}}, {"type": "Feature", "geometry": {"type": "Point", "coordinates": [6.199541, 49.799658]}, "properties": {"id": "lu-camp-0002", "name": "Auf Kengert", "theme": "camping", "description": "", "links": [{"label": "🌐 Site officiel", "url": "https://www.kengert.lu/"}, {"label": "🔎 Infos", "url": "https://www.google.com/search?q=Auf%20Kengert%20Luxembourg"}], "photos": [], "details": {"fiche": "Référencé"}}}, {"type": "Feature", "geometry": {"type": "Point", "coordinates": [6.349661, 49.818453]}, "properties": {"id": "lu-camp-0003", "name": "Belle-Vue 2000", "theme": "camping", "description": "", "links": [{"label": "🌐 Site officiel", "url": "https://campingbellevue.lu/"}, {"label": "🔎 Infos", "url": "https://www.google.com/search?q=Belle-Vue%202000%20Luxembourg"}], "photos": [], "details": {"fiche": "Référencé"}}}, {"type": "Feature", "geometry": {"type": "Point", "coordinates": [5.945112, 49.963817]}, "properties": {"id": "lu-camp-0004", "name": "Camp 10 - Sangliers - Wild Boar - Wildschwein", "theme": "camping", "description": "", "links": [{"label": "🌐 Site officiel", "url": "https://scoutswiltz.lu/"}, {"label": "🔎 Infos", "url": "https://www.google.com/search?q=Camp%2010%20-%20Sangliers%20-%20Wild%20Boar%20-%20Wildschwein%20Luxembourg"}], "photos": [], "details": {"fiche": "Référencé"}}}, {"type": "Feature", "geometry": {"type": "Point", "coordinates": [5.941719, 49.965245]}, "properties": {"id": "lu-camp-0005", "name": "Camp 9 Lièvre - Rabbit - Hase", "theme": "camping", "description": "", "links": [{"label": "🔎 Infos", "url": "https://www.google.com/search?q=Camp%209%20Li%C3%A8vre%20-%20Rabbit%20-%20Hase%20Luxembourg"}], "photos": [], "details": {"fiche": "À vérifier"}}}, {"type": "Feature", "geometry": {"type": "Point", "coordinates": [5.940923, 49.906481]}, "properties": {"id": "lu-camp-0006", "name": "Camping \"im Aal\"", "theme": "camping", "description": "", "links": [{"label": "🌐 Site officiel", "url": "http://www.campingaal.lu/"}, {"label": "🔎 Infos", "url": "https://www.google.com/search?q=Camping%20%22im%20Aal%22%20Luxembourg"}], "photos": [], "details": {"fiche": "Référencé"}}}, {"type": "Feature", "geometry": {"type": "Point", "coordinates": [6.179765, 49.915994]}, "properties": {"id": "lu-camp-0007", "name": "Camping - Beter Uit Walsdorf", "theme": "camping", "description": "", "links": [{"label": "🌐 Site officiel", "url": "https://www.beteruitholidayparks.com/walsdorf"}, {"label": "🔎 Infos", "url": "https://www.google.com/search?q=Camping%20-%20Beter%20Uit%20Walsdorf%20Luxembourg"}], "photos": [], "details": {"fiche": "Référencé"}}}, {"type": "Feature", "geometry": {"type": "Point", "coordinates": [6.287295, 49.842735]}, "properties": {"id": "lu-camp-0008", "name": "Camping Beau Site", "theme": "camping", "description": "", "links": [{"label": "🔎 Infos", "url": "https://www.google.com/search?q=Camping%20Beau%20Site%20Luxembourg"}], "photos": [], "details": {"fiche": "À vérifier"}}}, {"type": "Feature", "geometry": {"type": "Point", "coordinates": [6.00757, 49.925292]}, "properties": {"id": "lu-camp-0009", "name": "Camping Berkel", "theme": "camping", "description": "", "links": [{"label": "🌐 Site officiel", "url": "https://www.campingberkel.com/"}, {"label": "🔎 Infos", "url": "https://www.google.com/search?q=Camping%20Berkel%20Luxembourg"}], "photos": [], "details": {"fiche": "Référencé"}}}, {"type": "Feature", "geometry": {"type": "Point", "coordinates": [6.212702, 49.782927]}, "properties": {"id": "lu-camp-0010", "name": "Camping Birkelt", "theme": "camping", "description": "", "links": [{"label": "🌐 Site officiel", "url": "http://www.camping-birkelt.lu/"}, {"label": "🔎 Infos", "url": "https://www.google.com/search?q=Camping%20Birkelt%20Luxembourg"}], "photos": [], "details": {"fiche": "Référencé"}}}, {"type": "Feature", "geometry": {"type": "Point", "coordinates": [5.958542, 49.905786]}, "properties": {"id": "lu-camp-0011", "name": "Camping Bissen", "theme": "camping", "description": "", "links": [{"label": "🌐 Site officiel", "url": "https://camping-bissen.lu/"}, {"label": "🔎 Infos", "url": "https://www.google.com/search?q=Camping%20Bissen%20Luxembourg"}], "photos": [], "details": {"fiche": "Référencé"}}}, {"type": "Feature", "geometry": {"type": "Point", "coordinates": [6.188728, 49.873442]}, "properties": {"id": "lu-camp-0012", "name": "Camping Bleesbruck", "theme": "camping", "description": "", "links": [{"label": "🌐 Site officiel", "url": "https://www.camping-bleesbruck.lu/"}, {"label": "🔎 Infos", "url": "https://www.google.com/search?q=Camping%20Bleesbruck%20Luxembourg"}], "photos": [], "details": {"fiche": "Référencé"}}}, {"type": "Feature", "geometry": {"type": "Point", "coordinates": [6.187394, 49.874553]}, "properties": {"id": "lu-camp-0013", "name": "Camping Bleesbruck", "theme": "camping", "description": "", "links": [{"label": "🌐 Site officiel", "url": "https://www.camping-bleesbruck.lu/"}, {"label": "🔎 Infos", "url": "https://www.google.com/search?q=Camping%20Bleesbruck%20Luxembourg"}], "photos": [], "details": {"fiche": "Référencé"}}}, {"type": "Feature", "geometry": {"type": "Point", "coordinates": [6.158991, 49.569744]}, "properties": {"id": "lu-camp-0014", "name": "Camping Bon Accueil Alzingen", "theme": "camping", "description": "", "links": [{"label": "🌐 Site officiel", "url": "http://www.camping-alzingen.lu/en"}, {"label": "🔎 Infos", "url": "https://www.google.com/search?q=Camping%20Bon%20Accueil%20Alzingen%20Luxembourg"}], "photos": [], "details": {"fiche": "Référencé"}}}, {"type": "Feature", "geometry": {"type": "Point", "coordinates": [6.036084, 49.920899]}, "properties": {"id": "lu-camp-0015", "name": "Camping Dirbach", "theme": "camping", "description": "Dirbach (en luxembourgeois : Dierbech ) est une section des communes luxembourgeoises de Bourscheid et de Goesdorf située dans les cantons de Diekirch et Wiltz.", "links": [{"label": "🔗 Wikipédia", "url": "https://fr.wikipedia.org/wiki/Dirbach"}, {"label": "🔎 Infos", "url": "https://www.google.com/search?q=Camping%20Dirbach%20Luxembourg"}], "photos": [], "details": {"fiche": "Référencé"}}}, {"type": "Feature", "geometry": {"type": "Point", "coordinates": [6.081067, 49.846199]}, "properties": {"id": "lu-camp-0016", "name": "Camping Ettelbruck", "theme": "camping", "description": "", "links": [{"label": "🌐 Site officiel", "url": "https://www.campingettelbruck.lu/"}, {"label": "🔎 Infos", "url": "https://www.google.com/search?q=Camping%20Ettelbruck%20Luxembourg"}], "photos": [], "details": {"fiche": "Référencé"}}}, {"type": "Feature", "geometry": {"type": "Point", "coordinates": [5.990407, 49.877621]}, "properties": {"id": "lu-camp-0017", "name": "Camping Fuussekaul", "theme": "camping", "description": "", "links": [{"label": "🌐 Site officiel", "url": "https://www.fuussekaul.lu/"}, {"label": "🔎 Infos", "url": "https://www.google.com/search?q=Camping%20Fuussekaul%20Luxembourg"}], "photos": [], "details": {"fiche": "Référencé"}}}, {"type": "Feature", "geometry": {"type": "Point", "coordinates": [5.985381, 49.485035]}, "properties": {"id": "lu-camp-0018", "name": "Camping Gaalgebierg", "theme": "camping", "description": "", "links": [{"label": "🌐 Site officiel", "url": "https://gaalgebierg.lu/"}, {"label": "🔎 Infos", "url": "https://www.google.com/search?q=Camping%20Gaalgebierg%20Luxembourg"}], "photos": [], "details": {"fiche": "Référencé"}}}, {"type": "Feature", "geometry": {"type": "Point", "coordinates": [6.136809, 49.851991]}, "properties": {"id": "lu-camp-0019", "name": "Camping Gritt", "theme": "camping", "description": "", "links": [{"label": "🌐 Site officiel", "url": "http://camping-gritt.lu"}, {"label": "🔎 Infos", "url": "https://www.google.com/search?q=Camping%20Gritt%20Luxembourg"}], "photos": [], "details": {"fiche": "Référencé"}}}, {"type": "Feature", "geometry": {"type": "Point", "coordinates": [5.783595, 49.809698]}, "properties": {"id": "lu-camp-0020", "name": "Camping Héiltzerstee", "theme": "camping", "description": "", "links": [{"label": "🔎 Infos", "url": "https://www.google.com/search?q=Camping%20H%C3%A9iltzerstee%20Luxembourg"}], "photos": [], "details": {"fiche": "À vérifier"}}}, {"type": "Feature", "geometry": {"type": "Point", "coordinates": [5.931605, 49.973383]}, "properties": {"id": "lu-camp-0021", "name": "Camping KAUL", "theme": "camping", "description": "", "links": [{"label": "🌐 Site officiel", "url": "https://www.wiltz.lu/fr/base-de-loisirs-et-camping-kaul"}, {"label": "🔎 Infos", "url": "https://www.google.com/search?q=Camping%20KAUL%20Luxembourg"}], "photos": [], "details": {"fiche": "Référencé"}}}, {"type": "Feature", "geometry": {"type": "Point", "coordinates": [6.028448, 49.955362]}, "properties": {"id": "lu-camp-0022", "name": "Camping Kautenbach", "theme": "camping", "description": "", "links": [{"label": "🌐 Site officiel", "url": "https://www.campingkautenbach.lu/"}, {"label": "🔎 Infos", "url": "https://www.google.com/search?q=Camping%20Kautenbach%20Luxembourg"}], "photos": [], "details": {"fiche": "Référencé"}}}, {"type": "Feature", "geometry": {"type": "Point", "coordinates": [6.090152, 49.74212]}, "properties": {"id": "lu-camp-0023", "name": "Camping Krounebierg", "theme": "camping", "description": "", "links": [{"label": "🌐 Site officiel", "url": "https://campingkrounebierg.lu/de/"}, {"label": "🔎 Infos", "url": "https://www.google.com/search?q=Camping%20Krounebierg%20Luxembourg"}], "photos": [], "details": {"fiche": "Référencé"}}}, {"type": "Feature", "geometry": {"type": "Point", "coordinates": [5.965219, 49.905907]}, "properties": {"id": "lu-camp-0024", "name": "Camping Le Moulin", "theme": "camping", "description": "", "links": [{"label": "🌐 Site officiel", "url": "https://www.camping-moulin.eu/"}, {"label": "🔎 Infos", "url": "https://www.google.com/search?q=Camping%20Le%20Moulin%20Luxembourg"}], "photos": [], "details": {"fiche": "Référencé"}}}, {"type": "Feature", "geometry": {"type": "Point", "coordinates": [5.874741, 49.910825]}, "properties": {"id": "lu-camp-0025", "name": "Camping Liefrange", "theme": "camping", "description": "", "links": [{"label": "🌐 Site officiel", "url": "https://www.camping-liefrange.lu"}, {"label": "🔎 Infos", "url": "https://www.google.com/search?q=Camping%20Liefrange%20Luxembourg"}], "photos": [], "details": {"fiche": "Référencé"}}}, {"type": "Feature", "geometry": {"type": "Point", "coordinates": [6.223756, 49.838356]}, "properties": {"id": "lu-camp-0026", "name": "Camping Neumuhle", "theme": "camping", "description": "", "links": [{"label": "🌐 Site officiel", "url": "https://www.camping-neumuhle.lu/"}, {"label": "🔎 Infos", "url": "https://www.google.com/search?q=Camping%20Neumuhle%20Luxembourg"}], "photos": [], "details": {"fiche": "Référencé"}}}, {"type": "Feature", "geometry": {"type": "Point", "coordinates": [6.408611, 49.816269]}, "properties": {"id": "lu-camp-0027", "name": "Camping Officiel Wollefsschlucht", "theme": "camping", "description": "", "links": [{"label": "🌐 Site officiel", "url": "https://www.visitechternach.lu/de/essen-uebernachten/campingplatze"}, {"label": "🔎 Infos", "url": "https://www.google.com/search?q=Camping%20Officiel%20Wollefsschlucht%20Luxembourg"}], "photos": [], "details": {"fiche": "Référencé"}}}, {"type": "Feature", "geometry": {"type": "Point", "coordinates": [6.173534, 49.866934]}, "properties": {"id": "lu-camp-0028", "name": "Camping Op der Sauer", "theme": "camping", "description": "", "links": [{"label": "🌐 Site officiel", "url": "https://www.campsauer.lu/"}, {"label": "🔎 Infos", "url": "https://www.google.com/search?q=Camping%20Op%20der%20Sauer%20Luxembourg"}], "photos": [], "details": {"fiche": "Référencé"}}}, {"type": "Feature", "geometry": {"type": "Point", "coordinates": [6.072576, 49.907412]}, "properties": {"id": "lu-camp-0029", "name": "Camping Panorama", "theme": "camping", "description": "", "links": [{"label": "🔎 Infos", "url": "https://www.google.com/search?q=Camping%20Panorama%20Luxembourg"}], "photos": [], "details": {"fiche": "À vérifier"}}}, {"type": "Feature", "geometry": {"type": "Point", "coordinates": [6.286739, 49.839311]}, "properties": {"id": "lu-camp-0030", "name": "Camping Park Beaufort", "theme": "camping", "description": "", "links": [{"label": "🌐 Site officiel", "url": "https://campingpark-beaufort.lu/"}, {"label": "🔎 Infos", "url": "https://www.google.com/search?q=Camping%20Park%20Beaufort%20Luxembourg"}], "photos": [], "details": {"fiche": "Référencé"}}}, {"type": "Feature", "geometry": {"type": "Point", "coordinates": [6.286802, 49.841032]}, "properties": {"id": "lu-camp-0031", "name": "Camping Plage, Annexe", "theme": "camping", "description": "", "links": [{"label": "🔎 Infos", "url": "https://www.google.com/search?q=Camping%20Plage%2C%20Annexe%20Luxembourg"}], "photos": [], "details": {"fiche": "À vérifier"}}}, {"type": "Feature", "geometry": {"type": "Point", "coordinates": [6.265506, 49.869291]}, "properties": {"id": "lu-camp-0032", "name": "Camping Reisdorf", "theme": "camping", "description": "", "links": [{"label": "🌐 Site officiel", "url": "https://www.campingreisdorf.com/"}, {"label": "🔎 Infos", "url": "https://www.google.com/search?q=Camping%20Reisdorf%20Luxembourg"}], "photos": [], "details": {"fiche": "Référencé"}}}, {"type": "Feature", "geometry": {"type": "Point", "coordinates": [6.279517, 49.816997]}, "properties": {"id": "lu-camp-0033", "name": "Camping Relax", "theme": "camping", "description": "", "links": [{"label": "🌐 Site officiel", "url": "http://camprelax.com"}, {"label": "🔎 Infos", "url": "https://www.google.com/search?q=Camping%20Relax%20Luxembourg"}], "photos": [], "details": {"fiche": "Référencé"}}}, {"type": "Feature", "geometry": {"type": "Point", "coordinates": [6.504716, 49.807886]}, "properties": {"id": "lu-camp-0034", "name": "Camping Rosport", "theme": "camping", "description": "", "links": [{"label": "🌐 Site officiel", "url": "https://www.camping-rosport.lu/"}, {"label": "🔎 Infos", "url": "https://www.google.com/search?q=Camping%20Rosport%20Luxembourg"}], "photos": [], "details": {"fiche": "Référencé"}}}, {"type": "Feature", "geometry": {"type": "Point", "coordinates": [6.000004, 49.987652]}, "properties": {"id": "lu-camp-0035", "name": "Camping Saint-Willibrord", "theme": "camping", "description": "La gare de Wilwerwiltz est une gare ferroviaire luxembourgeoise de la ligne 1, de Luxembourg à Troisvierges-frontière, située à Wilwerwiltz sur le territoire de la commune de Kiischpelt, dans le canton de Wiltz.", "links": [{"label": "🔗 Wikipédia", "url": "https://fr.wikipedia.org/wiki/Gare_de_Wilwerwiltz"}, {"label": "🔎 Infos", "url": "https://www.google.com/search?q=Camping%20Saint-Willibrord%20Luxembourg"}], "photos": ["https://upload.wikimedia.org/wikipedia/commons/thumb/5/53/Wilwerwiltz_Gare_2011.jpg/960px-Wilwerwiltz_Gare_2011.jpg"], "details": {"fiche": "Référencé"}}}, {"type": "Feature", "geometry": {"type": "Point", "coordinates": [6.504852, 49.716229]}, "properties": {"id": "lu-camp-0036", "name": "Camping Schützwiese", "theme": "camping", "description": "", "links": [{"label": "🌐 Site officiel", "url": "https://www.visitwasserbillig.lu/"}, {"label": "🔎 Infos", "url": "https://www.google.com/search?q=Camping%20Sch%C3%BCtzwiese%20Luxembourg"}], "photos": [], "details": {"fiche": "Référencé"}}}, {"type": "Feature", "geometry": {"type": "Point", "coordinates": [6.001483, 49.914336]}, "properties": {"id": "lu-camp-0037", "name": "Camping Toodlermillen", "theme": "camping", "description": "", "links": [{"label": "🌐 Site officiel", "url": "https://www.camping-toodlermillen.lu/"}, {"label": "🔎 Infos", "url": "https://www.google.com/search?q=Camping%20Toodlermillen%20Luxembourg"}], "photos": [], "details": {"fiche": "Référencé"}}}, {"type": "Feature", "geometry": {"type": "Point", "coordinates": [6.104519, 50.123031]}, "properties": {"id": "lu-camp-0038", "name": "Camping Trois Frontières", "theme": "camping", "description": "", "links": [{"label": "🔎 Infos", "url": "https://www.google.com/search?q=Camping%20Trois%20Fronti%C3%A8res%20Luxembourg"}], "photos": [], "details": {"fiche": "À vérifier"}}}, {"type": "Feature", "geometry": {"type": "Point", "coordinates": [6.00072, 50.118241]}, "properties": {"id": "lu-camp-0039", "name": "Camping Troisvierges", "theme": "camping", "description": "", "links": [{"label": "🌐 Site officiel", "url": "https://www.camping-troisvierges.lu"}, {"label": "🔎 Infos", "url": "https://www.google.com/search?q=Camping%20Troisvierges%20Luxembourg"}], "photos": [], "details": {"fiche": "Référencé"}}}, {"type": "Feature", "geometry": {"type": "Point", "coordinates": [6.096386, 49.888219]}, "properties": {"id": "lu-camp-0040", "name": "Camping Um Willspull", "theme": "camping", "description": "", "links": [{"label": "🌐 Site officiel", "url": "https://www.umwillspull.lu"}, {"label": "🔎 Infos", "url": "https://www.google.com/search?q=Camping%20Um%20Willspull%20Luxembourg"}], "photos": [], "details": {"fiche": "Référencé"}}}, {"type": "Feature", "geometry": {"type": "Point", "coordinates": [6.132059, 50.042639]}, "properties": {"id": "lu-camp-0041", "name": "Camping Vallée de l'Our", "theme": "camping", "description": "", "links": [{"label": "🔎 Infos", "url": "https://www.google.com/search?q=Camping%20Vall%C3%A9e%20de%20l%27Our%20Luxembourg"}], "photos": [], "details": {"fiche": "À vérifier"}}}, {"type": "Feature", "geometry": {"type": "Point", "coordinates": [6.027138, 50.090595]}, "properties": {"id": "lu-camp-0042", "name": "Camping Woltzdal", "theme": "camping", "description": "", "links": [{"label": "🌐 Site officiel", "url": "https://www.campingwoltzdal.com/"}, {"label": "🔎 Infos", "url": "https://www.google.com/search?q=Camping%20Woltzdal%20Luxembourg"}], "photos": [], "details": {"fiche": "Référencé"}}}, {"type": "Feature", "geometry": {"type": "Point", "coordinates": [5.973793, 49.700454]}, "properties": {"id": "lu-camp-0043", "name": "Camping an der Hô", "theme": "camping", "description": "", "links": [{"label": "🔎 Infos", "url": "https://www.google.com/search?q=Camping%20an%20der%20H%C3%B4%20Luxembourg"}], "photos": [], "details": {"fiche": "À vérifier"}}}, {"type": "Feature", "geometry": {"type": "Point", "coordinates": [6.22234, 49.928962]}, "properties": {"id": "lu-camp-0044", "name": "Camping de l'Our", "theme": "camping", "description": "", "links": [{"label": "🌐 Site officiel", "url": "https://www.camping-our-vianden.lu/"}, {"label": "🔎 Infos", "url": "https://www.google.com/search?q=Camping%20de%20l%27Our%20Luxembourg"}], "photos": [], "details": {"fiche": "Référencé"}}}, {"type": "Feature", "geometry": {"type": "Point", "coordinates": [6.449148, 49.682381]}, "properties": {"id": "lu-camp-0045", "name": "Camping de la Route du Vin", "theme": "camping", "description": "", "links": [{"label": "🌐 Site officiel", "url": "https://visitmaacher.lu/unterkuenfte/camping/"}, {"label": "🔎 Infos", "url": "https://www.google.com/search?q=Camping%20de%20la%20Route%20du%20Vin%20Luxembourg"}], "photos": [], "details": {"fiche": "Référencé"}}}, {"type": "Feature", "geometry": {"type": "Point", "coordinates": [6.165736, 49.866768]}, "properties": {"id": "lu-camp-0046", "name": "Camping de la Sûre", "theme": "camping", "description": "", "links": [{"label": "🌐 Site officiel", "url": "https://camping.diekirch.lu/"}, {"label": "🔎 Infos", "url": "https://www.google.com/search?q=Camping%20de%20la%20S%C3%BBre%20Luxembourg"}], "photos": [], "details": {"fiche": "Référencé"}}}, {"type": "Feature", "geometry": {"type": "Point", "coordinates": [6.26844, 49.870735]}, "properties": {"id": "lu-camp-0047", "name": "Camping de la Sûre", "theme": "camping", "description": "", "links": [{"label": "🌐 Site officiel", "url": "https://campingdelasure.lu/"}, {"label": "🔎 Infos", "url": "https://www.google.com/search?q=Camping%20de%20la%20S%C3%BBre%20Luxembourg"}], "photos": [], "details": {"fiche": "Référencé"}}}, {"type": "Feature", "geometry": {"type": "Point", "coordinates": [6.166613, 49.978799]}, "properties": {"id": "lu-camp-0048", "name": "Camping du Barrage", "theme": "camping", "description": "", "links": [{"label": "🌐 Site officiel", "url": "https://www.campingdubarrage.lu/"}, {"label": "🔎 Infos", "url": "https://www.google.com/search?q=Camping%20du%20Barrage%20Luxembourg"}], "photos": [], "details": {"fiche": "Référencé"}}}, {"type": "Feature", "geometry": {"type": "Point", "coordinates": [6.196415, 49.949833]}, "properties": {"id": "lu-camp-0049", "name": "Camping du Lac", "theme": "camping", "description": "", "links": [{"label": "🔎 Infos", "url": "https://www.google.com/search?q=Camping%20du%20Lac%20Luxembourg"}], "photos": [], "details": {"fiche": "À vérifier"}}}, {"type": "Feature", "geometry": {"type": "Point", "coordinates": [6.086024, 49.913219]}, "properties": {"id": "lu-camp-0050", "name": "Camping du Moulin", "theme": "camping", "description": "Bourscheid-Moulin (en luxembourgeois : Buerschter Millen et en allemand : Burscheidermühle) est un lieu-dit de la commune luxembourgeoise de Bourscheid.", "links": [{"label": "🌐 Site officiel", "url": "https://www.camp.lu/"}, {"label": "🔗 Wikipédia", "url": "https://fr.wikipedia.org/wiki/Bourscheid-Moulin"}, {"label": "🔎 Infos", "url": "https://www.google.com/search?q=Camping%20du%20Moulin%20Luxembourg"}], "photos": ["https://upload.wikimedia.org/wikipedia/commons/thumb/5/5a/Buerschter_Mille_Millebaach.jpg/960px-Buerschter_Mille_Millebaach.jpg"], "details": {"fiche": "Référencé"}}}, {"type": "Feature", "geometry": {"type": "Point", "coordinates": [6.221658, 49.927173]}, "properties": {"id": "lu-camp-0051", "name": "Camping du Moulin", "theme": "camping", "description": "", "links": [{"label": "🔎 Infos", "url": "https://www.google.com/search?q=Camping%20du%20Moulin%20Luxembourg"}], "photos": [], "details": {"fiche": "À vérifier"}}}, {"type": "Feature", "geometry": {"type": "Point", "coordinates": [6.044969, 49.925264]}, "properties": {"id": "lu-camp-0052", "name": "Camping du Nord", "theme": "camping", "description": "", "links": [{"label": "🌐 Site officiel", "url": "https://www.campingdunord.lu/"}, {"label": "🔎 Infos", "url": "https://www.google.com/search?q=Camping%20du%20Nord%20Luxembourg"}], "photos": [], "details": {"fiche": "Référencé"}}}, {"type": "Feature", "geometry": {"type": "Point", "coordinates": [6.475828, 49.701655]}, "properties": {"id": "lu-camp-0053", "name": "Camping du Parc", "theme": "camping", "description": "", "links": [{"label": "🌐 Site officiel", "url": "https://sit-mertert.lu/"}, {"label": "🔎 Infos", "url": "https://www.google.com/search?q=Camping%20du%20Parc%20Luxembourg"}], "photos": [], "details": {"fiche": "Référencé"}}}, {"type": "Feature", "geometry": {"type": "Point", "coordinates": [6.291128, 49.87333]}, "properties": {"id": "lu-camp-0054", "name": "Camping du Rivage", "theme": "camping", "description": "La gare de Wallendorf-Pont était une gare ferroviaire luxembourgeoise de la ligne d'Ettelbruck à Grevenmacher, située dans la localité de Wallendorf-Pont, sur le territoire de la commune de Reisdorf, dans le canton de Diekirch.", "links": [{"label": "🌐 Site officiel", "url": "https://www.durivage.lu/home"}, {"label": "🔗 Wikipédia", "url": "https://fr.wikipedia.org/wiki/Gare_de_Wallendorf-Pont"}, {"label": "🔎 Infos", "url": "https://www.google.com/search?q=Camping%20du%20Rivage%20Luxembourg"}], "photos": ["https://upload.wikimedia.org/wikipedia/commons/thumb/4/42/Wallendorf_Pont%2C_ancienne_gare_%28101%29.jpg/960px-Wallendorf_Pont%2C_ancienne_gare_%28101%29.jpg"], "details": {"fiche": "Référencé"}}}, {"type": "Feature", "geometry": {"type": "Point", "coordinates": [6.023375, 50.053933]}, "properties": {"id": "lu-camp-0055", "name": "Camping officiel de Clervaux", "theme": "camping", "description": "", "links": [{"label": "🌐 Site officiel", "url": "https://www.camping-clervaux.lu/"}, {"label": "🔎 Infos", "url": "https://www.google.com/search?q=Camping%20officiel%20de%20Clervaux%20Luxembourg"}], "photos": [], "details": {"fiche": "Référencé"}}}, {"type": "Feature", "geometry": {"type": "Point", "coordinates": [6.290678, 49.843172]}, "properties": {"id": "lu-camp-0056", "name": "Camping um Bierg", "theme": "camping", "description": "", "links": [{"label": "🔎 Infos", "url": "https://www.google.com/search?q=Camping%20um%20Bierg%20Luxembourg"}], "photos": [], "details": {"fiche": "À vérifier"}}}, {"type": "Feature", "geometry": {"type": "Point", "coordinates": [6.333025, 49.840472]}, "properties": {"id": "lu-camp-0057", "name": "Camping-Altschmiede", "theme": "camping", "description": "", "links": [{"label": "🌐 Site officiel", "url": "https://www.camping-altschmiede.de/"}, {"label": "🔎 Infos", "url": "https://www.google.com/search?q=Camping-Altschmiede%20Luxembourg"}], "photos": [], "details": {"fiche": "Référencé"}}}, {"type": "Feature", "geometry": {"type": "Point", "coordinates": [6.430867, 49.811887]}, "properties": {"id": "lu-camp-0058", "name": "Campingpark Freibad Echternacherbrück", "theme": "camping", "description": "", "links": [{"label": "🌐 Site officiel", "url": "https://www.echternacherbrueck.de/"}, {"label": "🔎 Infos", "url": "https://www.google.com/search?q=Campingpark%20Freibad%20Echternacherbr%C3%BCck%20Luxembourg"}], "photos": [], "details": {"fiche": "Référencé"}}}, {"type": "Feature", "geometry": {"type": "Point", "coordinates": [6.511227, 49.786423]}, "properties": {"id": "lu-camp-0059", "name": "Campingplatz \"Zum Sauertal\"", "theme": "camping", "description": "", "links": [{"label": "🔎 Infos", "url": "https://www.google.com/search?q=Campingplatz%20%22Zum%20Sauertal%22%20Luxembourg"}], "photos": [], "details": {"fiche": "À vérifier"}}}, {"type": "Feature", "geometry": {"type": "Point", "coordinates": [6.286277, 49.876126]}, "properties": {"id": "lu-camp-0060", "name": "Campingplatz Sauer-Our", "theme": "camping", "description": "", "links": [{"label": "🌐 Site officiel", "url": "https://www.eifelidyll.de/campingplatze/campingplatz-sauer-our/"}, {"label": "🔎 Infos", "url": "https://www.google.com/search?q=Campingplatz%20Sauer-Our%20Luxembourg"}], "photos": [], "details": {"fiche": "Référencé"}}}, {"type": "Feature", "geometry": {"type": "Point", "coordinates": [6.125494, 50.093535]}, "properties": {"id": "lu-camp-0061", "name": "Campingplatz Tintesmühle", "theme": "camping", "description": "Tintesmühle (en luxembourgeois : Tëntesmillen ) est une localité de la commune luxembourgeoise de Clervaux située dans le canton de Clervaux.", "links": [{"label": "🌐 Site officiel", "url": "https://www.campingtintesmuehle.lu/"}, {"label": "🔗 Wikipédia", "url": "https://fr.wikipedia.org/wiki/Tintesm%C3%BChle"}, {"label": "🔎 Infos", "url": "https://www.google.com/search?q=Campingplatz%20Tintesm%C3%BChle%20Luxembourg"}], "photos": ["https://upload.wikimedia.org/wikipedia/commons/thumb/2/25/Tentesmillen04.jpg/960px-Tentesmillen04.jpg"], "details": {"fiche": "Référencé"}}}, {"type": "Feature", "geometry": {"type": "Point", "coordinates": [6.244871, 49.621884]}, "properties": {"id": "lu-camp-0062", "name": "Centre de Formation et d'Animation Neihaischen", "theme": "camping", "description": "", "links": [{"label": "🔎 Infos", "url": "https://www.google.com/search?q=Centre%20de%20Formation%20et%20d%27Animation%20Neihaischen%20Luxembourg"}], "photos": [], "details": {"fiche": "À vérifier"}}}, {"type": "Feature", "geometry": {"type": "Point", "coordinates": [5.994683, 49.879364]}, "properties": {"id": "lu-camp-0063", "name": "De Reenert", "theme": "camping", "description": "", "links": [{"label": "🌐 Site officiel", "url": "https://www.reenert.lu/"}, {"label": "🔎 Infos", "url": "https://www.google.com/search?q=De%20Reenert%20Luxembourg"}], "photos": [], "details": {"fiche": "Référencé"}}}, {"type": "Feature", "geometry": {"type": "Point", "coordinates": [6.134791, 50.017679]}, "properties": {"id": "lu-camp-0064", "name": "Euro Parcs Kohnenhof", "theme": "camping", "description": "", "links": [{"label": "🔎 Infos", "url": "https://www.google.com/search?q=Euro%20Parcs%20Kohnenhof%20Luxembourg"}], "photos": [], "details": {"fiche": "À vérifier"}}}, {"type": "Feature", "geometry": {"type": "Point", "coordinates": [6.338533, 49.778111]}, "properties": {"id": "lu-camp-0065", "name": "Garden-Parc", "theme": "camping", "description": "", "links": [{"label": "🌐 Site officiel", "url": "https://www.camping.lu/fr/campings/garden-park-consdorf"}, {"label": "🔎 Infos", "url": "https://www.google.com/search?q=Garden-Parc%20Luxembourg"}], "photos": [], "details": {"fiche": "Référencé"}}}, {"type": "Feature", "geometry": {"type": "Point", "coordinates": [6.077511, 49.479954]}, "properties": {"id": "lu-camp-0066", "name": "Gréng Scouten a Guiden", "theme": "camping", "description": "", "links": [{"label": "🌐 Site officiel", "url": "https://scoutcenter.lu/"}, {"label": "🔎 Infos", "url": "https://www.google.com/search?q=Gr%C3%A9ng%20Scouten%20a%20Guiden%20Luxembourg"}], "photos": [], "details": {"fiche": "Référencé"}}}, {"type": "Feature", "geometry": {"type": "Point", "coordinates": [6.107289, 49.571836]}, "properties": {"id": "lu-camp-0067", "name": "Kockelscheuer", "theme": "camping", "description": "", "links": [{"label": "🌐 Site officiel", "url": "https://en.ccclv.lu/"}, {"label": "🔎 Infos", "url": "https://www.google.com/search?q=Kockelscheuer%20Luxembourg"}], "photos": [], "details": {"fiche": "Référencé"}}}, {"type": "Feature", "geometry": {"type": "Point", "coordinates": [6.33077, 49.779866]}, "properties": {"id": "lu-camp-0068", "name": "La Pinede", "theme": "camping", "description": "", "links": [{"label": "🌐 Site officiel", "url": "https://www.visitconsdorf.lu/fr/loger-manger/campings"}, {"label": "🔎 Infos", "url": "https://www.google.com/search?q=La%20Pinede%20Luxembourg"}], "photos": [], "details": {"fiche": "Référencé"}}}, {"type": "Feature", "geometry": {"type": "Point", "coordinates": [6.330135, 49.831901]}, "properties": {"id": "lu-camp-0069", "name": "Letzcamp", "theme": "camping", "description": "", "links": [{"label": "🌐 Site officiel", "url": "https://letzcamp.lu/"}, {"label": "🔎 Infos", "url": "https://www.google.com/search?q=Letzcamp%20Luxembourg"}], "photos": [], "details": {"fiche": "Référencé"}}}, {"type": "Feature", "geometry": {"type": "Point", "coordinates": [6.060469, 49.49317]}, "properties": {"id": "lu-camp-0070", "name": "Lëtzebuerger Guiden a Scouten, Saint-Jean Diddeleng", "theme": "camping", "description": "", "links": [{"label": "🔎 Infos", "url": "https://www.google.com/search?q=L%C3%ABtzebuerger%20Guiden%20a%20Scouten%2C%20Saint-Jean%20Diddeleng%20Luxembourg"}], "photos": [], "details": {"fiche": "À vérifier"}}}, {"type": "Feature", "geometry": {"type": "Point", "coordinates": [5.944572, 49.966478]}, "properties": {"id": "lu-camp-0071", "name": "Marmottes", "theme": "camping", "description": "", "links": [{"label": "🔎 Infos", "url": "https://www.google.com/search?q=Marmottes%20Luxembourg"}], "photos": [], "details": {"fiche": "À vérifier"}}}, {"type": "Feature", "geometry": {"type": "Point", "coordinates": [6.342713, 49.826008]}, "properties": {"id": "lu-camp-0072", "name": "Martbusch", "theme": "camping", "description": "", "links": [{"label": "🌐 Site officiel", "url": "https://camping-martbusch.lu/"}, {"label": "🔎 Infos", "url": "https://www.google.com/search?q=Martbusch%20Luxembourg"}], "photos": [], "details": {"fiche": "Référencé"}}}, {"type": "Feature", "geometry": {"type": "Point", "coordinates": [5.829699, 49.867039]}, "properties": {"id": "lu-camp-0073", "name": "Misärshaff", "theme": "camping", "description": "", "links": [{"label": "🌐 Site officiel", "url": "https://misaershaff.lu/"}, {"label": "🔎 Infos", "url": "https://www.google.com/search?q=Mis%C3%A4rshaff%20Luxembourg"}], "photos": [], "details": {"fiche": "Référencé"}}}, {"type": "Feature", "geometry": {"type": "Point", "coordinates": [6.005528, 49.534396]}, "properties": {"id": "lu-camp-0074", "name": "Monnerecher Scouten", "theme": "camping", "description": "", "links": [{"label": "🔎 Infos", "url": "https://www.google.com/search?q=Monnerecher%20Scouten%20Luxembourg"}], "photos": [], "details": {"fiche": "À vérifier"}}}, {"type": "Feature", "geometry": {"type": "Point", "coordinates": [6.165773, 49.783914]}, "properties": {"id": "lu-camp-0075", "name": "Nommerlayen", "theme": "camping", "description": "", "links": [{"label": "🌐 Site officiel", "url": "https://www.nommerlayen-ec.lu/"}, {"label": "🔎 Infos", "url": "https://www.google.com/search?q=Nommerlayen%20Luxembourg"}], "photos": [], "details": {"fiche": "Référencé"}}}, {"type": "Feature", "geometry": {"type": "Point", "coordinates": [6.037876, 50.053592]}, "properties": {"id": "lu-camp-0076", "name": "Reiler Weier", "theme": "camping", "description": "", "links": [{"label": "🌐 Site officiel", "url": "https://reilerweier.lu/de/"}, {"label": "🔎 Infos", "url": "https://www.google.com/search?q=Reiler%20Weier%20Luxembourg"}], "photos": [], "details": {"fiche": "Référencé"}}}, {"type": "Feature", "geometry": {"type": "Point", "coordinates": [5.790144, 49.933007]}, "properties": {"id": "lu-camp-0077", "name": "Saint Hubert", "theme": "camping", "description": "", "links": [{"label": "🔎 Infos", "url": "https://www.google.com/search?q=Saint%20Hubert%20Luxembourg"}], "photos": [], "details": {"fiche": "À vérifier"}}}, {"type": "Feature", "geometry": {"type": "Point", "coordinates": [6.012365, 49.47868]}, "properties": {"id": "lu-camp-0078", "name": "Scout", "theme": "camping", "description": "", "links": [{"label": "🔎 Infos", "url": "https://www.google.com/search?q=Scout%20Luxembourg"}], "photos": [], "details": {"fiche": "À vérifier"}}}, {"type": "Feature", "geometry": {"type": "Point", "coordinates": [6.397399, 49.819059]}, "properties": {"id": "lu-camp-0079", "name": "Scout Camp Echternach", "theme": "camping", "description": "", "links": [{"label": "🌐 Site officiel", "url": "https://www.camp-scout.lu/"}, {"label": "🔎 Infos", "url": "https://www.google.com/search?q=Scout%20Camp%20Echternach%20Luxembourg"}], "photos": [], "details": {"fiche": "Référencé"}}}, {"type": "Feature", "geometry": {"type": "Point", "coordinates": [5.926722, 49.959103]}, "properties": {"id": "lu-camp-0080", "name": "Scout camp Aigles", "theme": "camping", "description": "", "links": [{"label": "🔎 Infos", "url": "https://www.google.com/search?q=Scout%20camp%20Aigles%20Luxembourg"}], "photos": [], "details": {"fiche": "À vérifier"}}}, {"type": "Feature", "geometry": {"type": "Point", "coordinates": [6.192986, 49.515609]}, "properties": {"id": "lu-camp-0081", "name": "Site Bisons Futés", "theme": "camping", "description": "", "links": [{"label": "🔎 Infos", "url": "https://www.google.com/search?q=Site%20Bisons%20Fut%C3%A9s%20Luxembourg"}], "photos": [], "details": {"fiche": "À vérifier"}}}, {"type": "Feature", "geometry": {"type": "Point", "coordinates": [6.220269, 49.873196]}, "properties": {"id": "lu-camp-0082", "name": "Um Wirt", "theme": "camping", "description": "La gare de Bettendorf était une gare ferroviaire luxembourgeoise de la ligne d'Ettelbruck à Grevenmacher, située sur le territoire de la commune de Bettendorf, dans le canton de Diekirch.", "links": [{"label": "🔗 Wikipédia", "url": "https://fr.wikipedia.org/wiki/Gare_de_Bettendorf"}, {"label": "🔎 Infos", "url": "https://www.google.com/search?q=Um%20Wirt%20Luxembourg"}], "photos": ["https://upload.wikimedia.org/wikipedia/commons/thumb/8/80/Bettendorf%2C_ancienne_gare_%28101%29.jpg/960px-Bettendorf%2C_ancienne_gare_%28101%29.jpg"], "details": {"fiche": "Référencé"}}}, {"type": "Feature", "geometry": {"type": "Point", "coordinates": [5.992158, 49.999812]}, "properties": {"id": "lu-camp-0083", "name": "Val d'Or", "theme": "camping", "description": "Enscherange (luxembourgeois : Äischer, allemand : Enscheringen) est une section de la commune luxembourgeoise de Kiischpelt située dans le canton de Wiltz.", "links": [{"label": "🌐 Site officiel", "url": "https://www.valdor.lu"}, {"label": "🔗 Wikipédia", "url": "https://fr.wikipedia.org/wiki/Enscherange"}, {"label": "🔎 Infos", "url": "https://www.google.com/search?q=Val%20d%27Or%20Luxembourg"}], "photos": ["https://upload.wikimedia.org/wikipedia/commons/e/ef/Kierch_%C3%84ischer_baussen.jpg"], "details": {"fiche": "Référencé"}}}, {"type": "Feature", "geometry": {"type": "Point", "coordinates": [6.148217, 50.007413]}, "properties": {"id": "lu-camp-0084", "name": "Vieux Moulin", "theme": "camping", "description": "", "links": [{"label": "🔎 Infos", "url": "https://www.google.com/search?q=Vieux%20Moulin%20Luxembourg"}], "photos": [], "details": {"fiche": "À vérifier"}}}, {"type": "Feature", "geometry": {"type": "Point", "coordinates": [6.321337, 49.850381]}, "properties": {"id": "lu-camp-0085", "name": "Wies-Neu", "theme": "camping", "description": "", "links": [{"label": "🌐 Site officiel", "url": "https://www.camping-wies-neu.lu/"}, {"label": "🔎 Infos", "url": "https://www.google.com/search?q=Wies-Neu%20Luxembourg"}], "photos": [], "details": {"fiche": "Référencé"}}}, {"type": "Feature", "geometry": {"type": "Point", "coordinates": [5.943373, 49.967557]}, "properties": {"id": "lu-camp-0086", "name": "Wiltz International Scout Centre / Camp 19 (Renards - Fox - Fuchs)", "theme": "camping", "description": "", "links": [{"label": "🌐 Site officiel", "url": "https://scoutswiltz.lu"}, {"label": "🔎 Infos", "url": "https://www.google.com/search?q=Wiltz%20International%20Scout%20Centre%20/%20Camp%2019%20%28Renards%20-%20Fox%20-%20Fuchs%29%20Luxembourg"}], "photos": [], "details": {"fiche": "Référencé"}}}, {"type": "Feature", "geometry": {"type": "Point", "coordinates": [5.939367, 49.96904]}, "properties": {"id": "lu-camp-0087", "name": "Wiltz International Scout Centre / Camp Castors", "theme": "camping", "description": "", "links": [{"label": "🔎 Infos", "url": "https://www.google.com/search?q=Wiltz%20International%20Scout%20Centre%20/%20Camp%20Castors%20Luxembourg"}], "photos": [], "details": {"fiche": "À vérifier"}}}, {"type": "Feature", "geometry": {"type": "Point", "coordinates": [6.184565, 49.618129]}, "properties": {"id": "lu-lac-0001", "name": "A2", "theme": "lac", "description": "", "links": [{"label": "🔎 Infos", "url": "https://www.google.com/search?q=A2%20Luxembourg"}], "photos": [], "details": {"fiche": "À vérifier"}}}, {"type": "Feature", "geometry": {"type": "Point", "coordinates": [6.184066, 49.617597]}, "properties": {"id": "lu-lac-0002", "name": "A3", "theme": "lac", "description": "", "links": [{"label": "🔎 Infos", "url": "https://www.google.com/search?q=A3%20Luxembourg"}], "photos": [], "details": {"fiche": "À vérifier"}}}, {"type": "Feature", "geometry": {"type": "Point", "coordinates": [6.200758, 49.601874]}, "properties": {"id": "lu-lac-0003", "name": "Ale Weier", "theme": "lac", "description": "", "links": [{"label": "🔎 Infos", "url": "https://www.google.com/search?q=Ale%20Weier%20Luxembourg"}], "photos": [], "details": {"fiche": "À vérifier"}}}, {"type": "Feature", "geometry": {"type": "Point", "coordinates": [6.281674, 49.839672]}, "properties": {"id": "lu-lac-0004", "name": "Ale Weier", "theme": "lac", "description": "", "links": [{"label": "🔎 Infos", "url": "https://www.google.com/search?q=Ale%20Weier%20Luxembourg"}], "photos": [], "details": {"fiche": "À vérifier"}}}, {"type": "Feature", "geometry": {"type": "Point", "coordinates": [5.931363, 49.50434]}, "properties": {"id": "lu-lac-0005", "name": "Bassin d'Orage", "theme": "lac", "description": "", "links": [{"label": "🔎 Infos", "url": "https://www.google.com/search?q=Bassin%20d%27Orage%20Luxembourg"}], "photos": [], "details": {"fiche": "À vérifier"}}}, {"type": "Feature", "geometry": {"type": "Point", "coordinates": [5.947569, 49.508543]}, "properties": {"id": "lu-lac-0006", "name": "Bassin d'Orage", "theme": "lac", "description": "", "links": [{"label": "🔎 Infos", "url": "https://www.google.com/search?q=Bassin%20d%27Orage%20Luxembourg"}], "photos": [], "details": {"fiche": "À vérifier"}}}, {"type": "Feature", "geometry": {"type": "Point", "coordinates": [6.177263, 49.939898]}, "properties": {"id": "lu-lac-0007", "name": "Bassins supérieurs", "theme": "lac", "description": "", "links": [{"label": "🔎 Infos", "url": "https://www.google.com/search?q=Bassins%20sup%C3%A9rieurs%20Luxembourg"}], "photos": [], "details": {"fiche": "À vérifier"}}}, {"type": "Feature", "geometry": {"type": "Point", "coordinates": [6.173163, 49.946218]}, "properties": {"id": "lu-lac-0008", "name": "Bassins supérieurs", "theme": "lac", "description": "", "links": [{"label": "🔎 Infos", "url": "https://www.google.com/search?q=Bassins%20sup%C3%A9rieurs%20Luxembourg"}], "photos": [], "details": {"fiche": "À vérifier"}}}, {"type": "Feature", "geometry": {"type": "Point", "coordinates": [6.09782, 49.657964]}, "properties": {"id": "lu-lac-0009", "name": "Gipsweieren", "theme": "lac", "description": "", "links": [{"label": "🔎 Infos", "url": "https://www.google.com/search?q=Gipsweieren%20Luxembourg"}], "photos": [], "details": {"fiche": "À vérifier"}}}, {"type": "Feature", "geometry": {"type": "Point", "coordinates": [6.098986, 49.658489]}, "properties": {"id": "lu-lac-0010", "name": "Gipsweieren", "theme": "lac", "description": "", "links": [{"label": "🔎 Infos", "url": "https://www.google.com/search?q=Gipsweieren%20Luxembourg"}], "photos": [], "details": {"fiche": "À vérifier"}}}, {"type": "Feature", "geometry": {"type": "Point", "coordinates": [6.412779, 49.799063]}, "properties": {"id": "lu-lac-0011", "name": "Lac d'Echternach", "theme": "lac", "description": "Le lac d'Echternach est un lac artificiel créé au sud-ouest de la ville d'Echternach, à la fin des années 1970.", "links": [{"label": "🔗 Wikipédia", "url": "https://fr.wikipedia.org/wiki/Lac_d%27Echternach"}, {"label": "🔎 Infos", "url": "https://www.google.com/search?q=Lac%20d%27Echternach%20Luxembourg"}], "photos": ["https://upload.wikimedia.org/wikipedia/commons/e/e3/Iechterncher_S%C3%A9i_beta_w_2-5.jpg"], "details": {"fiche": "Référencé"}}}, {"type": "Feature", "geometry": {"type": "Point", "coordinates": [6.067723, 50.138148]}, "properties": {"id": "lu-lac-0012", "name": "Lac de Weiswampach", "theme": "lac", "description": "Les lacs de Weiswampach sont un ensemble de deux lacs artificiels à Weiswampach au Luxembourg.", "links": [{"label": "🔗 Wikipédia", "url": "https://fr.wikipedia.org/wiki/Lacs_de_Weiswampach"}, {"label": "🔎 Infos", "url": "https://www.google.com/search?q=Lac%20de%20Weiswampach%20Luxembourg"}], "photos": ["https://upload.wikimedia.org/wikipedia/commons/thumb/a/ad/Weiswampach_W%C3%A4mper_S%C3%A9i_103.jpg/960px-Weiswampach_W%C3%A4mper_S%C3%A9i_103.jpg"], "details": {"fiche": "Référencé"}}}, {"type": "Feature", "geometry": {"type": "Point", "coordinates": [5.871065, 49.892746]}, "properties": {"id": "lu-lac-0013", "name": "Lac de la Haute-Sûre", "theme": "lac", "description": "", "links": [{"label": "🔎 Infos", "url": "https://www.google.com/search?q=Lac%20de%20la%20Haute-S%C3%BBre%20Luxembourg"}], "photos": [], "details": {"fiche": "À vérifier"}}}, {"type": "Feature", "geometry": {"type": "Point", "coordinates": [6.289167, 49.59876]}, "properties": {"id": "lu-lac-0014", "name": "Neie Weier", "theme": "lac", "description": "", "links": [{"label": "🔎 Infos", "url": "https://www.google.com/search?q=Neie%20Weier%20Luxembourg"}], "photos": [], "details": {"fiche": "À vérifier"}}}, {"type": "Feature", "geometry": {"type": "Point", "coordinates": [6.198045, 49.600505]}, "properties": {"id": "lu-lac-0015", "name": "Nessesch Weier", "theme": "lac", "description": "", "links": [{"label": "🔎 Infos", "url": "https://www.google.com/search?q=Nessesch%20Weier%20Luxembourg"}], "photos": [], "details": {"fiche": "À vérifier"}}}, {"type": "Feature", "geometry": {"type": "Point", "coordinates": [6.148153, 49.665805]}, "properties": {"id": "lu-lac-0016", "name": "Qanatwasserloch", "theme": "lac", "description": "", "links": [{"label": "🔎 Infos", "url": "https://www.google.com/search?q=Qanatwasserloch%20Luxembourg"}], "photos": [], "details": {"fiche": "À vérifier"}}}, {"type": "Feature", "geometry": {"type": "Point", "coordinates": [6.360394, 49.489593]}, "properties": {"id": "lu-lac-0017", "name": "Riemescher Weieren", "theme": "lac", "description": "", "links": [{"label": "🔎 Infos", "url": "https://www.google.com/search?q=Riemescher%20Weieren%20Luxembourg"}], "photos": [], "details": {"fiche": "À vérifier"}}}, {"type": "Feature", "geometry": {"type": "Point", "coordinates": [6.00083, 49.569331]}, "properties": {"id": "lu-lac-0018", "name": "Rückstaukanal", "theme": "lac", "description": "", "links": [{"label": "🌐 Site officiel", "url": "https://sivec.lu/"}, {"label": "🔎 Infos", "url": "https://www.google.com/search?q=R%C3%BCckstaukanal%20Luxembourg"}], "photos": [], "details": {"fiche": "Référencé"}}}, {"type": "Feature", "geometry": {"type": "Point", "coordinates": [6.053901, 49.686982]}, "properties": {"id": "lu-lac-0019", "name": "Settling basin", "theme": "lac", "description": "", "links": [{"label": "🔎 Infos", "url": "https://www.google.com/search?q=Settling%20basin%20Luxembourg"}], "photos": [], "details": {"fiche": "À vérifier"}}}, {"type": "Feature", "geometry": {"type": "Point", "coordinates": [5.918324, 49.657549]}, "properties": {"id": "lu-lac-0020", "name": "Stengeforter Weier", "theme": "lac", "description": "", "links": [{"label": "🔎 Infos", "url": "https://www.google.com/search?q=Stengeforter%20Weier%20Luxembourg"}], "photos": [], "details": {"fiche": "À vérifier"}}}, {"type": "Feature", "geometry": {"type": "Point", "coordinates": [6.242628, 49.743817]}, "properties": {"id": "lu-lac-0021", "name": "Waldweiher", "theme": "lac", "description": "", "links": [{"label": "🔎 Infos", "url": "https://www.google.com/search?q=Waldweiher%20Luxembourg"}], "photos": [], "details": {"fiche": "À vérifier"}}}, {"type": "Feature", "geometry": {"type": "Point", "coordinates": [6.068476, 49.659244]}, "properties": {"id": "lu-lac-0022", "name": "Étang du Centre de l'Oseraie", "theme": "lac", "description": "", "links": [{"label": "🔎 Infos", "url": "https://www.google.com/search?q=%C3%89tang%20du%20Centre%20de%20l%27Oseraie%20Luxembourg"}], "photos": [], "details": {"fiche": "À vérifier"}}}, {"type": "Feature", "geometry": {"type": "Point", "coordinates": [6.206265, 49.786766]}, "properties": {"id": "lu-casc-0001", "name": "Hangelsbour", "theme": "cascade", "description": "", "links": [{"label": "🔎 Infos", "url": "https://www.google.com/search?q=Hangelsbour%20Luxembourg"}], "photos": [], "details": {"fiche": "À vérifier"}}}, {"type": "Feature", "geometry": {"type": "Point", "coordinates": [6.285153, 49.771341]}, "properties": {"id": "lu-casc-0002", "name": "Kallektuffquell", "theme": "cascade", "description": "", "links": [{"label": "🔎 Infos", "url": "https://www.google.com/search?q=Kallektuffquell%20Luxembourg"}], "photos": [], "details": {"hauteur": "3 m", "fiche": "À vérifier"}}}, {"type": "Feature", "geometry": {"type": "Point", "coordinates": [6.299296, 49.785105]}, "properties": {"id": "lu-casc-0003", "name": "Schiessentümpel", "theme": "cascade", "description": "", "links": [{"label": "🔎 Infos", "url": "https://www.google.com/search?q=Schiessent%C3%BCmpel%20Luxembourg"}], "photos": [], "details": {"hauteur": "2 m", "fiche": "À vérifier"}}}, {"type": "Feature", "geometry": {"type": "Point", "coordinates": [6.338506, 49.825184]}, "properties": {"id": "lu-grot-0001", "name": "Adlerhorst - Aire de l'aigle", "theme": "grotte", "description": "", "links": [{"label": "🔎 Infos", "url": "https://www.google.com/search?q=Adlerhorst%20-%20Aire%20de%20l%27aigle%20Luxembourg"}], "photos": [], "details": {"type": "Grotte", "fiche": "À vérifier"}}}, {"type": "Feature", "geometry": {"type": "Point", "coordinates": [5.844583, 49.516356]}, "properties": {"id": "lu-grot-0002", "name": "Ancienne mine", "theme": "grotte", "description": "", "links": [{"label": "🔎 Infos", "url": "https://www.google.com/search?q=Ancienne%20mine%20Luxembourg"}], "photos": [], "details": {"type": "Grotte", "fiche": "À vérifier"}}}, {"type": "Feature", "geometry": {"type": "Point", "coordinates": [5.984998, 49.476405]}, "properties": {"id": "lu-grot-0003", "name": "Arbed 1914", "theme": "grotte", "description": "", "links": [{"label": "🔎 Infos", "url": "https://www.google.com/search?q=Arbed%201914%20Luxembourg"}], "photos": [], "details": {"type": "Grotte", "fiche": "À vérifier"}}}, {"type": "Feature", "geometry": {"type": "Point", "coordinates": [6.126101, 49.613202]}, "properties": {"id": "lu-grot-0004", "name": "Bastion Marie", "theme": "grotte", "description": "Le boulevard Royal est une voie de la ville de Luxembourg.", "links": [{"label": "🔗 Wikipédia", "url": "https://fr.wikipedia.org/wiki/Boulevard_Royal"}, {"label": "🔎 Infos", "url": "https://www.google.com/search?q=Bastion%20Marie%20Luxembourg"}], "photos": ["https://upload.wikimedia.org/wikipedia/commons/thumb/9/94/Luxembourg%2C_bd_Royal_11-2020_%28103%29.jpg/960px-Luxembourg%2C_bd_Royal_11-2020_%28103%29.jpg"], "details": {"type": "Grotte", "fiche": "Référencé"}}}, {"type": "Feature", "geometry": {"type": "Point", "coordinates": [6.087545, 49.692968]}, "properties": {"id": "lu-grot-0005", "name": "Eilelay", "theme": "grotte", "description": "", "links": [{"label": "🔎 Infos", "url": "https://www.google.com/search?q=Eilelay%20Luxembourg"}], "photos": [], "details": {"type": "Grotte", "fiche": "À vérifier"}}}, {"type": "Feature", "geometry": {"type": "Point", "coordinates": [6.004616, 49.495594]}, "properties": {"id": "lu-grot-0006", "name": "Eisenerzgrube", "theme": "grotte", "description": "", "links": [{"label": "🔎 Infos", "url": "https://www.google.com/search?q=Eisenerzgrube%20Luxembourg"}], "photos": [], "details": {"type": "Grotte", "fiche": "À vérifier"}}}, {"type": "Feature", "geometry": {"type": "Point", "coordinates": [6.135744, 49.617232]}, "properties": {"id": "lu-grot-0007", "name": "Entrée Fort Niedergrünewald", "theme": "grotte", "description": "Le fort Thüngen est un édifice militaire du Luxembourg situé au parc Dräi Eechelen (mots luxembourgeois ; en allemand : Drei Eicheln, en français Trois Glands).", "links": [{"label": "🔗 Wikipédia", "url": "https://fr.wikipedia.org/wiki/Fort_Th%C3%BCngen"}, {"label": "🔎 Infos", "url": "https://www.google.com/search?q=Entr%C3%A9e%20Fort%20Niedergr%C3%BCnewald%20Luxembourg"}], "photos": ["https://upload.wikimedia.org/wikipedia/commons/thumb/6/69/Fuerte_Th%C3%BCngen%2C_ciudad_de_Luxemburgo%2C_Luxemburgo%2C_2023-12-16%2C_DD_148.jpg/960px-Fuerte_Th%C3%BCngen%2C_ciudad_de_Luxemburgo%2C_Luxemburgo%2C_2023-12-16%2C_DD_148.jpg"], "details": {"type": "Grotte", "fiche": "Référencé"}}}, {"type": "Feature", "geometry": {"type": "Point", "coordinates": [6.13633, 49.618971]}, "properties": {"id": "lu-grot-0008", "name": "Entrée Fort Olizy", "theme": "grotte", "description": "", "links": [{"label": "🔎 Infos", "url": "https://www.google.com/search?q=Entr%C3%A9e%20Fort%20Olizy%20Luxembourg"}], "photos": [], "details": {"type": "Grotte", "fiche": "À vérifier"}}}, {"type": "Feature", "geometry": {"type": "Point", "coordinates": [6.129321, 49.615083]}, "properties": {"id": "lu-grot-0009", "name": "Fort Berlaimont", "theme": "grotte", "description": "La Banque centrale du Luxembourg (BCL) a été instituée par les lois du 22 avril 1998 et du 23 décembre 1998.", "links": [{"label": "🔗 Wikipédia", "url": "https://fr.wikipedia.org/wiki/Banque_centrale_du_Luxembourg"}, {"label": "🔎 Infos", "url": "https://www.google.com/search?q=Fort%20Berlaimont%20Luxembourg"}], "photos": ["https://upload.wikimedia.org/wikipedia/commons/thumb/a/a7/Central_Bank_of_Luxembourg_-_Banque_centrale_du_Luxembourg.jpg/960px-Central_Bank_of_Luxembourg_-_Banque_centrale_du_Luxembourg.jpg"], "details": {"type": "Grotte", "fiche": "Référencé"}}}, {"type": "Feature", "geometry": {"type": "Point", "coordinates": [6.124394, 49.609961]}, "properties": {"id": "lu-grot-0010", "name": "Fort Lambert", "theme": "grotte", "description": "", "links": [{"label": "🔎 Infos", "url": "https://www.google.com/search?q=Fort%20Lambert%20Luxembourg"}], "photos": [], "details": {"type": "Grotte", "fiche": "À vérifier"}}}, {"type": "Feature", "geometry": {"type": "Point", "coordinates": [6.124016, 49.611269]}, "properties": {"id": "lu-grot-0011", "name": "Fort Louvigny", "theme": "grotte", "description": "L'Hotel Rix était un hôtel dans la ville-haute de Luxembourg.", "links": [{"label": "🔗 Wikipédia", "url": "https://fr.wikipedia.org/wiki/H%C3%B4tel_Rix"}, {"label": "🔎 Infos", "url": "https://www.google.com/search?q=Fort%20Louvigny%20Luxembourg"}], "photos": [], "details": {"type": "Grotte", "fiche": "Référencé"}}}, {"type": "Feature", "geometry": {"type": "Point", "coordinates": [6.126268, 49.614954]}, "properties": {"id": "lu-grot-0012", "name": "Fort Royal", "theme": "grotte", "description": "La General Mediterranean Holding (ou GenMed) est la société financière holding qui chapeaute l'empire de l'intermédiaire anglo-irakien Nadhmi Auchi.", "links": [{"label": "🔗 Wikipédia", "url": "https://fr.wikipedia.org/wiki/General_Mediterranean_Holding"}, {"label": "🔎 Infos", "url": "https://www.google.com/search?q=Fort%20Royal%20Luxembourg"}], "photos": [], "details": {"type": "Grotte", "fiche": "Référencé"}}}, {"type": "Feature", "geometry": {"type": "Point", "coordinates": [6.124212, 49.612694]}, "properties": {"id": "lu-grot-0013", "name": "Fort Vauban", "theme": "grotte", "description": "L’avenue Émile-Reuter est une avenue de la ville de Luxembourg.", "links": [{"label": "🔗 Wikipédia", "url": "https://fr.wikipedia.org/wiki/Avenue_%C3%89mile-Reuter"}, {"label": "🔎 Infos", "url": "https://www.google.com/search?q=Fort%20Vauban%20Luxembourg"}], "photos": ["https://upload.wikimedia.org/wikipedia/commons/thumb/8/84/Luxembourg_Avenue_Emile_Reuter_nom_de_rue.JPG/960px-Luxembourg_Avenue_Emile_Reuter_nom_de_rue.JPG"], "details": {"type": "Grotte", "fiche": "Référencé"}}}, {"type": "Feature", "geometry": {"type": "Point", "coordinates": [6.151019, 49.696555]}, "properties": {"id": "lu-grot-0014", "name": "Gourmanglay", "theme": "grotte", "description": "", "links": [{"label": "🔎 Infos", "url": "https://www.google.com/search?q=Gourmanglay%20Luxembourg"}], "photos": [], "details": {"type": "Grotte", "fiche": "À vérifier"}}}, {"type": "Feature", "geometry": {"type": "Point", "coordinates": [6.318232, 49.797637]}, "properties": {"id": "lu-grot-0015", "name": "Grotte Sainte-Barbe, Entrée 2", "theme": "grotte", "description": "Cave under the protection of the \"Minstère des Eaux et Forêts\". Visiting is forbidden from October 15th to April 15th to protect hibernating bat population.", "links": [{"label": "🌐 Site officiel", "url": "http://www.speleo.lu/caves/muellerthal/ste-barbe.php"}, {"label": "🔎 Infos", "url": "https://www.google.com/search?q=Grotte%20Sainte-Barbe%2C%20Entr%C3%A9e%202%20Luxembourg"}], "photos": [], "details": {"type": "Grotte", "fiche": "Référencé"}}}, {"type": "Feature", "geometry": {"type": "Point", "coordinates": [6.320428, 49.800627]}, "properties": {"id": "lu-grot-0016", "name": "Grotte St Jean", "theme": "grotte", "description": "", "links": [{"label": "🔎 Infos", "url": "https://www.google.com/search?q=Grotte%20St%20Jean%20Luxembourg"}], "photos": [], "details": {"type": "Grotte", "fiche": "À vérifier"}}}, {"type": "Feature", "geometry": {"type": "Point", "coordinates": [6.122439, 49.630297]}, "properties": {"id": "lu-grot-0017", "name": "Grotte de Muhlenbach", "theme": "grotte", "description": "", "links": [{"label": "🔎 Infos", "url": "https://www.google.com/search?q=Grotte%20de%20Muhlenbach%20Luxembourg"}], "photos": [], "details": {"type": "Grotte", "fiche": "À vérifier"}}}, {"type": "Feature", "geometry": {"type": "Point", "coordinates": [6.31762, 49.797421]}, "properties": {"id": "lu-grot-0018", "name": "Grotte des Celtes", "theme": "grotte", "description": "", "links": [{"label": "🌐 Site officiel", "url": "http://www.speleo.lu/caves/muellerthal/keltenhiel.php"}, {"label": "🔎 Infos", "url": "https://www.google.com/search?q=Grotte%20des%20Celtes%20Luxembourg"}], "photos": [], "details": {"type": "Grotte", "fiche": "Référencé"}}}, {"type": "Feature", "geometry": {"type": "Point", "coordinates": [6.164868, 49.779813]}, "properties": {"id": "lu-grot-0019", "name": "Hexelee", "theme": "grotte", "description": "", "links": [{"label": "🔎 Infos", "url": "https://www.google.com/search?q=Hexelee%20Luxembourg"}], "photos": [], "details": {"type": "Grotte", "fiche": "À vérifier"}}}, {"type": "Feature", "geometry": {"type": "Point", "coordinates": [6.143603, 49.569525]}, "properties": {"id": "lu-grot-0020", "name": "Hollemollefiels", "theme": "grotte", "description": "", "links": [{"label": "🔎 Infos", "url": "https://www.google.com/search?q=Hollemollefiels%20Luxembourg"}], "photos": [], "details": {"type": "Grotte", "fiche": "À vérifier"}}}, {"type": "Feature", "geometry": {"type": "Point", "coordinates": [6.107715, 49.674474]}, "properties": {"id": "lu-grot-0021", "name": "Huel Kimmerchen", "theme": "grotte", "description": "", "links": [{"label": "🔎 Infos", "url": "https://www.google.com/search?q=Huel%20Kimmerchen%20Luxembourg"}], "photos": [], "details": {"type": "Grotte", "fiche": "À vérifier"}}}, {"type": "Feature", "geometry": {"type": "Point", "coordinates": [6.092217, 49.7214]}, "properties": {"id": "lu-grot-0022", "name": "Huellee", "theme": "grotte", "description": "", "links": [{"label": "🌐 Site officiel", "url": "https://www.mersch.lu/4b%20Mersch%20-%20prehistorical%20remains.pdf?FileID=publications%2F4b+mersch+-+prehistorical+remains.pdf"}, {"label": "🔎 Infos", "url": "https://www.google.com/search?q=Huellee%20Luxembourg"}], "photos": [], "details": {"type": "Grotte", "fiche": "Référencé"}}}, {"type": "Feature", "geometry": {"type": "Point", "coordinates": [6.33812, 49.823614]}, "properties": {"id": "lu-grot-0023", "name": "L'Enfer", "theme": "grotte", "description": "55m deep corridor", "links": [{"label": "🔎 Infos", "url": "https://www.google.com/search?q=L%27Enfer%20Luxembourg"}], "photos": [], "details": {"type": "Grotte", "fiche": "À vérifier"}}}, {"type": "Feature", "geometry": {"type": "Point", "coordinates": [6.095753, 49.732742]}, "properties": {"id": "lu-grot-0024", "name": "Mamerlach", "theme": "grotte", "description": "", "links": [{"label": "🌐 Site officiel", "url": "https://www.mersch.lu/media/db557681-f3c7-44e9-b58b-0b60e6a4348d/depliant-3-spuren-zeugnisse-en.pdf"}, {"label": "🔎 Infos", "url": "https://www.google.com/search?q=Mamerlach%20Luxembourg"}], "photos": [], "details": {"type": "Grotte", "fiche": "Référencé"}}}, {"type": "Feature", "geometry": {"type": "Point", "coordinates": [6.096545, 49.723496]}, "properties": {"id": "lu-grot-0025", "name": "Mamerleeën", "theme": "grotte", "description": "", "links": [{"label": "🔎 Infos", "url": "https://www.google.com/search?q=Mamerlee%C3%ABn%20Luxembourg"}], "photos": [], "details": {"type": "Grotte", "fiche": "À vérifier"}}}, {"type": "Feature", "geometry": {"type": "Point", "coordinates": [5.994919, 49.480774]}, "properties": {"id": "lu-grot-0026", "name": "Mine Heidenfeldchen", "theme": "grotte", "description": "", "links": [{"label": "🔎 Infos", "url": "https://www.google.com/search?q=Mine%20Heidenfeldchen%20Luxembourg"}], "photos": [], "details": {"type": "Grotte", "fiche": "À vérifier"}}}, {"type": "Feature", "geometry": {"type": "Point", "coordinates": [5.97938, 49.477195]}, "properties": {"id": "lu-grot-0027", "name": "Mine Heintzenberg", "theme": "grotte", "description": "", "links": [{"label": "🔎 Infos", "url": "https://www.google.com/search?q=Mine%20Heintzenberg%20Luxembourg"}], "photos": [], "details": {"type": "Grotte", "fiche": "À vérifier"}}}, {"type": "Feature", "geometry": {"type": "Point", "coordinates": [5.884291, 49.531289]}, "properties": {"id": "lu-grot-0028", "name": "Mine Hondsbesch", "theme": "grotte", "description": "", "links": [{"label": "🔎 Infos", "url": "https://www.google.com/search?q=Mine%20Hondsbesch%20Luxembourg"}], "photos": [], "details": {"altitude": "328 m", "altitude_n": 328, "type": "Grotte", "fiche": "À vérifier"}}}, {"type": "Feature", "geometry": {"type": "Point", "coordinates": [5.8387, 49.520084]}, "properties": {"id": "lu-grot-0029", "name": "Mine Lasauvage", "theme": "grotte", "description": "Lasauvage (Zowaasch en luxembourgeois) est une section de la commune luxembourgeoise de Differdange située dans le canton d'Esch-sur-Alzette.", "links": [{"label": "🔗 Wikipédia", "url": "https://fr.wikipedia.org/wiki/Lasauvage"}, {"label": "🔎 Infos", "url": "https://www.google.com/search?q=Mine%20Lasauvage%20Luxembourg"}], "photos": ["https://upload.wikimedia.org/wikipedia/commons/b/b0/Zowaasch1casino1.jpg"], "details": {"altitude": "300 m", "altitude_n": 300, "type": "Grotte", "fiche": "Référencé"}}}, {"type": "Feature", "geometry": {"type": "Point", "coordinates": [5.989821, 49.472759]}, "properties": {"id": "lu-grot-0030", "name": "Mine Prince Henri", "theme": "grotte", "description": "", "links": [{"label": "🔎 Infos", "url": "https://www.google.com/search?q=Mine%20Prince%20Henri%20Luxembourg"}], "photos": [], "details": {"type": "Grotte", "fiche": "À vérifier"}}}, {"type": "Feature", "geometry": {"type": "Point", "coordinates": [5.956679, 49.919872]}, "properties": {"id": "lu-grot-0031", "name": "Mine d'Antimoine Goesdorf - Galerie Principale", "theme": "grotte", "description": "", "links": [{"label": "🔎 Infos", "url": "https://www.google.com/search?q=Mine%20d%27Antimoine%20Goesdorf%20-%20Galerie%20Principale%20Luxembourg"}], "photos": [], "details": {"type": "Grotte", "fiche": "À vérifier"}}}, {"type": "Feature", "geometry": {"type": "Point", "coordinates": [6.344677, 49.765215]}, "properties": {"id": "lu-grot-0032", "name": "Méchelskierch", "theme": "grotte", "description": "Former habitation of an hermit named Michael around 18th century.", "links": [{"label": "🔎 Infos", "url": "https://www.google.com/search?q=M%C3%A9chelskierch%20Luxembourg"}], "photos": [], "details": {"type": "Grotte", "fiche": "À vérifier"}}}, {"type": "Feature", "geometry": {"type": "Point", "coordinates": [6.317859, 49.797359]}, "properties": {"id": "lu-grot-0033", "name": "Nenghis Hiel (L), Kleng Barbe (L), Grotte de la Salamandre (F)", "theme": "grotte", "description": "This entrance collapsed, see 2nd entrance. Cave under the protection of the \"Minstère des Eaux et Forêts\". Visiting is forbidden from October 15th to April 15th to protect hibernating bat population.", "links": [{"label": "🌐 Site officiel", "url": "http://www.speleo.lu/caves/muellerthal/ste-barbe.php;http://www.speleo.lu/caves/muellerthal/nenghishiel.php"}, {"label": "🔎 Infos", "url": "https://www.google.com/search?q=Nenghis%20Hiel%20%28L%29%2C%20Kleng%20Barbe%20%28L%29%2C%20Grotte%20de%20la%20Salamandre%20%28F%29%20Luxembourg"}], "photos": [], "details": {"type": "Grotte", "fiche": "Référencé"}}}, {"type": "Feature", "geometry": {"type": "Point", "coordinates": [6.338294, 49.82495]}, "properties": {"id": "lu-grot-0034", "name": "Raiberhiel", "theme": "grotte", "description": "Die Raiberhiel (auch Reiberhiel, deutsch Räuberhöhle) ist ein Felsenlabyrinth im Müllerthal in Luxemburg.", "links": [{"label": "🔗 Wikipédia", "url": "https://de.wikipedia.org/wiki/Raiberhiel"}, {"label": "🔎 Infos", "url": "https://www.google.com/search?q=Raiberhiel%20Luxembourg"}], "photos": [], "details": {"type": "Grotte", "fiche": "Référencé"}}}, {"type": "Feature", "geometry": {"type": "Point", "coordinates": [6.338432, 49.825138]}, "properties": {"id": "lu-grot-0035", "name": "Raiberhiel", "theme": "grotte", "description": "Die Raiberhiel (auch Reiberhiel, deutsch Räuberhöhle) ist ein Felsenlabyrinth im Müllerthal in Luxemburg.", "links": [{"label": "🔗 Wikipédia", "url": "https://de.wikipedia.org/wiki/Raiberhiel"}, {"label": "🔎 Infos", "url": "https://www.google.com/search?q=Raiberhiel%20Luxembourg"}], "photos": [], "details": {"type": "Grotte", "fiche": "Référencé"}}}, {"type": "Feature", "geometry": {"type": "Point", "coordinates": [6.191929, 49.667569]}, "properties": {"id": "lu-grot-0036", "name": "Schetzelklaus", "theme": "grotte", "description": "", "links": [{"label": "🔎 Infos", "url": "https://www.google.com/search?q=Schetzelklaus%20Luxembourg"}], "photos": [], "details": {"type": "Grotte", "fiche": "À vérifier"}}}, {"type": "Feature", "geometry": {"type": "Point", "coordinates": [6.339017, 49.82605]}, "properties": {"id": "lu-grot-0037", "name": "Totenkammer", "theme": "grotte", "description": "", "links": [{"label": "🔎 Infos", "url": "https://www.google.com/search?q=Totenkammer%20Luxembourg"}], "photos": [], "details": {"type": "Grotte", "fiche": "À vérifier"}}}, {"type": "Feature", "geometry": {"type": "Point", "coordinates": [6.103164, 49.747874]}, "properties": {"id": "lu-chat-0001", "name": "Administration communale", "theme": "chateau", "description": "Le château de Mersch, situé à Mersch, dans le centre du Luxembourg, est un des châteaux faisant partie de la vallée des sept châteaux.", "links": [{"label": "🌐 Site officiel", "url": "https://www.mersch.lu"}, {"label": "🔗 Wikipédia", "url": "https://fr.wikipedia.org/wiki/Ch%C3%A2teau_de_Mersch"}, {"label": "🔎 Infos", "url": "https://www.google.com/search?q=Administration%20communale%20Luxembourg"}], "photos": ["https://upload.wikimedia.org/wikipedia/commons/thumb/e/e6/Mersch_castle_2.jpg/960px-Mersch_castle_2.jpg"], "details": {"type": "Château", "fiche": "Référencé"}}}, {"type": "Feature", "geometry": {"type": "Point", "coordinates": [6.13776, 49.64337]}, "properties": {"id": "lu-chat-0002", "name": "Ambassade de Russie", "theme": "chateau", "description": "", "links": [{"label": "🌐 Site officiel", "url": "https://ambruslu.mid.ru"}, {"label": "🔎 Infos", "url": "https://www.google.com/search?q=Ambassade%20de%20Russie%20Luxembourg"}], "photos": [], "details": {"type": "Château", "fiche": "Référencé"}}}, {"type": "Feature", "geometry": {"type": "Point", "coordinates": [6.28658, 49.833621]}, "properties": {"id": "lu-chat-0003", "name": "Buerg Beefort", "theme": "chateau", "description": "Le château de Beaufort est un ensemble formé de ruines d'une forteresse médiévale et d'une résidence du XVIIe siècle adjacente situé à Beaufort, au Grand-Duché de Luxembourg.", "links": [{"label": "🌐 Site officiel", "url": "http://www.chateau-beaufort.lu/"}, {"label": "🔗 Wikipédia", "url": "https://fr.wikipedia.org/wiki/Ch%C3%A2teau_de_Beaufort_%28Luxembourg%29"}, {"label": "🔎 Infos", "url": "https://www.google.com/search?q=Buerg%20Beefort%20Luxembourg"}], "photos": ["https://upload.wikimedia.org/wikipedia/commons/thumb/3/32/Beaufort_Castle_2.jpg/960px-Beaufort_Castle_2.jpg"], "details": {"type": "Fort", "etat": "Ruine", "fiche": "Référencé"}}}, {"type": "Feature", "geometry": {"type": "Point", "coordinates": [6.137651, 49.912879]}, "properties": {"id": "lu-chat-0004", "name": "Buerg Branebuerg", "theme": "chateau", "description": "", "links": [{"label": "🔎 Infos", "url": "https://www.google.com/search?q=Buerg%20Branebuerg%20Luxembourg"}], "photos": ["https://upload.wikimedia.org/wikipedia/commons/b/bd/Brandenbourg_Castle_01_Luxembourg.jpg"], "details": {"type": "Fort", "etat": "Ruine", "fiche": "Référencé"}}}, {"type": "Feature", "geometry": {"type": "Point", "coordinates": [6.217235, 49.785614]}, "properties": {"id": "lu-chat-0005", "name": "Buerg Fiels", "theme": "chateau", "description": "Die Burg Fels (luxemburgisch: Buerg Fiels) liegt in der Gemeinde Fels in Luxemburg.", "links": [{"label": "🔗 Wikipédia", "url": "https://de.wikipedia.org/wiki/Burg_Fels"}, {"label": "🔎 Infos", "url": "https://www.google.com/search?q=Buerg%20Fiels%20Luxembourg"}], "photos": ["https://upload.wikimedia.org/wikipedia/commons/d/d2/Fiels_Buerg.jpg"], "details": {"type": "Fort", "fiche": "Référencé"}}}, {"type": "Feature", "geometry": {"type": "Point", "coordinates": [6.154376, 49.572907]}, "properties": {"id": "lu-chat-0006", "name": "Buerg Hesper", "theme": "chateau", "description": "", "links": [{"label": "🔎 Infos", "url": "https://www.google.com/search?q=Buerg%20Hesper%20Luxembourg"}], "photos": [], "details": {"type": "Fort", "etat": "Ruine", "fiche": "À vérifier"}}}, {"type": "Feature", "geometry": {"type": "Point", "coordinates": [6.16613, 49.965791]}, "properties": {"id": "lu-chat-0007", "name": "Buerg Stolzebuerg", "theme": "chateau", "description": "", "links": [{"label": "🔎 Infos", "url": "https://www.google.com/search?q=Buerg%20Stolzebuerg%20Luxembourg"}], "photos": [], "details": {"type": "Château", "fiche": "À vérifier"}}}, {"type": "Feature", "geometry": {"type": "Point", "coordinates": [6.391672, 49.731774]}, "properties": {"id": "lu-chat-0008", "name": "Burgruine Berbourg", "theme": "chateau", "description": "Berbourg (luxembourgeois: Berbuerg, allemand: Berburg) est une section de la commune luxembourgeoise de Manternach située dans le canton de Grevenmacher.", "links": [{"label": "🔗 Wikipédia", "url": "https://fr.wikipedia.org/wiki/Berbourg"}, {"label": "🔎 Infos", "url": "https://www.google.com/search?q=Burgruine%20Berbourg%20Luxembourg"}], "photos": ["https://upload.wikimedia.org/wikipedia/commons/thumb/3/3e/Kirche_Berbourg_01.jpg/960px-Kirche_Berbourg_01.jpg"], "details": {"type": "Fort", "fiche": "Référencé"}}}, {"type": "Feature", "geometry": {"type": "Point", "coordinates": [6.079226, 49.90558]}, "properties": {"id": "lu-chat-0009", "name": "Buurschter Schlass", "theme": "chateau", "description": "Bourscheid Castle. A big medieval castle on top of a hill with many towers and a splendid view of the surrounding nature.", "links": [{"label": "🔗 Wikipédia", "url": "https://fr.wikipedia.org/wiki/Ch%C3%A2teau_de_Bourscheid"}, {"label": "🔎 Infos", "url": "https://www.google.com/search?q=Buurschter%20Schlass%20Luxembourg"}], "photos": ["https://upload.wikimedia.org/wikipedia/commons/thumb/4/45/Chateau_bourscheid.jpg/960px-Chateau_bourscheid.jpg"], "details": {"type": "Fort", "fiche": "Référencé"}}}, {"type": "Feature", "geometry": {"type": "Point", "coordinates": [5.987041, 49.499213]}, "properties": {"id": "lu-chat-0010", "name": "Château Berwart", "theme": "chateau", "description": "This tower is the only remnant from the demolished castle", "links": [{"label": "🌐 Site officiel", "url": "https://www.industrie.lu/ChateauBerwartEschAlzette.html"}, {"label": "🔗 Wikipédia", "url": "https://fr.wikipedia.org/wiki/Centre_de_recherche_public_Henri-Tudor"}, {"label": "🔎 Infos", "url": "https://www.google.com/search?q=Ch%C3%A2teau%20Berwart%20Luxembourg"}], "photos": [], "details": {"type": "Château", "etat": "Ruine", "fiche": "Référencé"}}}, {"type": "Feature", "geometry": {"type": "Point", "coordinates": [6.079192, 49.60416]}, "properties": {"id": "lu-chat-0011", "name": "Château Helfent", "theme": "chateau", "description": "", "links": [{"label": "🔎 Infos", "url": "https://www.google.com/search?q=Ch%C3%A2teau%20Helfent%20Luxembourg"}], "photos": [], "details": {"type": "Château", "fiche": "À vérifier"}}}, {"type": "Feature", "geometry": {"type": "Point", "coordinates": [6.222583, 49.524815]}, "properties": {"id": "lu-chat-0012", "name": "Château d'Aspelt", "theme": "chateau", "description": "Aspelt (luxembourgeois : Uespelt) est une section de la commune luxembourgeoise de Frisange située dans le canton d'Esch-sur-Alzette.", "links": [{"label": "🔗 Wikipédia", "url": "https://fr.wikipedia.org/wiki/Aspelt_%28localit%C3%A9%29"}, {"label": "🔎 Infos", "url": "https://www.google.com/search?q=Ch%C3%A2teau%20d%27Aspelt%20Luxembourg"}], "photos": ["https://upload.wikimedia.org/wikipedia/commons/thumb/1/19/Schloss_von_Aspelt_04.jpg/960px-Schloss_von_Aspelt_04.jpg"], "details": {"type": "Château", "fiche": "Référencé"}}}, {"type": "Feature", "geometry": {"type": "Point", "coordinates": [6.111655, 49.860082]}, "properties": {"id": "lu-chat-0013", "name": "Château d'Erpeldange", "theme": "chateau", "description": "Erpeldange-sur-Sûre (en luxembourgeois : Ierpeldeng op der Sauer  et en allemand : Erpeldingen an der Sauer), anciennement Erpeldange, est une commune située dans le canton de Diekirch.", "links": [{"label": "🔗 Wikipédia", "url": "https://fr.wikipedia.org/wiki/Erpeldange-sur-S%C3%BBre"}, {"label": "🔎 Infos", "url": "https://www.google.com/search?q=Ch%C3%A2teau%20d%27Erpeldange%20Luxembourg"}], "photos": ["https://upload.wikimedia.org/wikipedia/commons/thumb/4/45/Ierpeldeng_un_der_Sauer_logo.svg/960px-Ierpeldeng_un_der_Sauer_logo.svg.png"], "details": {"type": "Château", "fiche": "Référencé"}}}, {"type": "Feature", "geometry": {"type": "Point", "coordinates": [5.934384, 49.911048]}, "properties": {"id": "lu-chat-0014", "name": "Château d'Esch-sur-Sûre", "theme": "chateau", "description": "Le château d’Esch-sur-Sûre est un château fort situé dans le village luxembourgeois d’Esch-sur-Sûre.", "links": [{"label": "🔗 Wikipédia", "url": "https://fr.wikipedia.org/wiki/Ch%C3%A2teau_d%27Esch-sur-S%C3%BBre"}, {"label": "🔎 Infos", "url": "https://www.google.com/search?q=Ch%C3%A2teau%20d%27Esch-sur-S%C3%BBre%20Luxembourg"}], "photos": ["https://upload.wikimedia.org/wikipedia/commons/thumb/c/cc/Chateau_esch_sur_sure_1.jpg/960px-Chateau_esch_sur_sure_1.jpg"], "details": {"type": "Château", "fiche": "Référencé"}}}, {"type": "Feature", "geometry": {"type": "Point", "coordinates": [5.980304, 49.768197]}, "properties": {"id": "lu-chat-0015", "name": "Château d'Useldange", "theme": "chateau", "description": "Le château d'Useldange est un château médiéval, principalement à l'état de ruines, situé dans le village d'Useldange au Luxembourg.", "links": [{"label": "🔗 Wikipédia", "url": "https://fr.wikipedia.org/wiki/Ch%C3%A2teau_d%27Useldange"}, {"label": "🔎 Infos", "url": "https://www.google.com/search?q=Ch%C3%A2teau%20d%27Useldange%20Luxembourg"}], "photos": ["https://upload.wikimedia.org/wikipedia/commons/thumb/7/72/Useldange%2C_ch%C3%A2teau_%28118%29.jpg/960px-Useldange%2C_ch%C3%A2teau_%28118%29.jpg"], "details": {"type": "Château", "etat": "Ruine", "fiche": "Référencé"}}}, {"type": "Feature", "geometry": {"type": "Point", "coordinates": [6.087692, 49.814687]}, "properties": {"id": "lu-chat-0016", "name": "Château de Berg", "theme": "chateau", "description": "Le château de Berg (en luxembourgeois : Schlass Bierg, en allemand : Schloss Berg) est la résidence principale de la famille grand-ducale du Luxembourg.", "links": [{"label": "🔗 Wikipédia", "url": "https://fr.wikipedia.org/wiki/Ch%C3%A2teau_de_Berg_%28Luxembourg%29"}, {"label": "🔎 Infos", "url": "https://www.google.com/search?q=Ch%C3%A2teau%20de%20Berg%20Luxembourg"}], "photos": ["https://upload.wikimedia.org/wikipedia/commons/thumb/3/32/Berg_Castle_1.jpg/960px-Berg_Castle_1.jpg"], "details": {"type": "Château", "fiche": "Référencé"}}}, {"type": "Feature", "geometry": {"type": "Point", "coordinates": [6.096782, 49.517332]}, "properties": {"id": "lu-chat-0017", "name": "Château de Bettembourg", "theme": "chateau", "description": "La gare de Bettembourg est une gare ferroviaire luxembourgeoise de la ligne 6, de Luxembourg à Bettembourg, située à Bettembourg sur le territoire de la commune de Bettembourg, dans le canton d'Esch-sur-Alzette.", "links": [{"label": "🔗 Wikipédia", "url": "https://fr.wikipedia.org/wiki/Gare_de_Bettembourg"}, {"label": "🔎 Infos", "url": "https://www.google.com/search?q=Ch%C3%A2teau%20de%20Bettembourg%20Luxembourg"}], "photos": ["https://upload.wikimedia.org/wikipedia/commons/thumb/4/41/Gare_de_Bettembourg_-_b%C3%A2timent_principal_02.jpg/960px-Gare_de_Bettembourg_-_b%C3%A2timent_principal_02.jpg"], "details": {"type": "Château", "fiche": "Référencé"}}}, {"type": "Feature", "geometry": {"type": "Point", "coordinates": [6.22026, 49.876054]}, "properties": {"id": "lu-chat-0018", "name": "Château de Bettendorf", "theme": "chateau", "description": "La gare de Bettendorf était une gare ferroviaire luxembourgeoise de la ligne d'Ettelbruck à Grevenmacher, située sur le territoire de la commune de Bettendorf, dans le canton de Diekirch.", "links": [{"label": "🔗 Wikipédia", "url": "https://fr.wikipedia.org/wiki/Gare_de_Bettendorf"}, {"label": "🔎 Infos", "url": "https://www.google.com/search?q=Ch%C3%A2teau%20de%20Bettendorf%20Luxembourg"}], "photos": ["https://upload.wikimedia.org/wikipedia/commons/thumb/8/80/Bettendorf%2C_ancienne_gare_%28101%29.jpg/960px-Bettendorf%2C_ancienne_gare_%28101%29.jpg"], "details": {"type": "Château", "fiche": "Référencé"}}}, {"type": "Feature", "geometry": {"type": "Point", "coordinates": [6.330727, 49.694071]}, "properties": {"id": "lu-chat-0019", "name": "Château de Betzdorf", "theme": "chateau", "description": "SES SA est le premier fournisseur de services de télécommunication par satellite au monde avec plus de 2 milliards d'euros de chiffre d'affaires.", "links": [{"label": "🔗 Wikipédia", "url": "https://fr.wikipedia.org/wiki/SES_%28entreprise%29"}, {"label": "🔎 Infos", "url": "https://www.google.com/search?q=Ch%C3%A2teau%20de%20Betzdorf%20Luxembourg"}], "photos": [], "details": {"type": "Château", "fiche": "Référencé"}}}, {"type": "Feature", "geometry": {"type": "Point", "coordinates": [6.089094, 49.826338]}, "properties": {"id": "lu-chat-0020", "name": "Château de Birtrange", "theme": "chateau", "description": "Le château de Birtrange est un château à Birtrange, à Schieren, au Luxembourg.", "links": [{"label": "🔗 Wikipédia", "url": "https://fr.wikipedia.org/wiki/Ch%C3%A2teau_de_Birtrange"}, {"label": "🔎 Infos", "url": "https://www.google.com/search?q=Ch%C3%A2teau%20de%20Birtrange%20Luxembourg"}], "photos": ["https://upload.wikimedia.org/wikipedia/commons/thumb/e/ee/Birtrange_Castle_front_05.jpg/960px-Birtrange_Castle_front_05.jpg"], "details": {"type": "Château", "fiche": "Référencé"}}}, {"type": "Feature", "geometry": {"type": "Point", "coordinates": [6.217296, 49.702565]}, "properties": {"id": "lu-chat-0021", "name": "Château de Bourglinster", "theme": "chateau", "description": "Bourglinster (en luxembourgeois : Buerglënster  ou parfois localement an der Buerg et en allemand : Burglinster) est un village et une section de la commune luxembourgeoise de Junglinster située dans le canton de Grevenmacher.", "links": [{"label": "🌐 Site officiel", "url": "https://www.visitluxembourg.com/en/place/castle/bourglinster-castle"}, {"label": "🔗 Wikipédia", "url": "https://fr.wikipedia.org/wiki/Bourglinster"}, {"label": "🔎 Infos", "url": "https://www.google.com/search?q=Ch%C3%A2teau%20de%20Bourglinster%20Luxembourg"}], "photos": ["https://upload.wikimedia.org/wikipedia/commons/thumb/c/c1/Bourglinster_from_viewpoint_Buchholz_2021-07_--3.jpg/960px-Bourglinster_from_viewpoint_Buchholz_2021-07_--3.jpg"], "details": {"type": "Château", "fiche": "Référencé"}}}, {"type": "Feature", "geometry": {"type": "Point", "coordinates": [6.030222, 50.054443]}, "properties": {"id": "lu-chat-0022", "name": "Château de Clervaux", "theme": "chateau", "description": "Le château de Clervaux (en luxembourgeois : Schlass Klierf et en allemand : Schloss Clerf), est un château fort qui date du XIIe siècle ; il surplombe le village éponyme, Clervaux, au milieu du paysage ardennais.", "links": [{"label": "🔗 Wikipédia", "url": "https://fr.wikipedia.org/wiki/Ch%C3%A2teau_de_Clervaux"}, {"label": "🔎 Infos", "url": "https://www.google.com/search?q=Ch%C3%A2teau%20de%20Clervaux%20Luxembourg"}], "photos": ["https://upload.wikimedia.org/wikipedia/commons/thumb/6/61/Clervaux_Castle_6.JPG/960px-Clervaux_Castle_6.JPG"], "details": {"type": "Château", "fiche": "Référencé"}}}, {"type": "Feature", "geometry": {"type": "Point", "coordinates": [5.825854, 49.759418]}, "properties": {"id": "lu-chat-0023", "name": "Château de Colpach", "theme": "chateau", "description": "Le château de Colpach était une forteresse du XIVe siècle située à Colpach-Bas sur la commune d'Ell, près de la frontière belge.", "links": [{"label": "🔗 Wikipédia", "url": "https://fr.wikipedia.org/wiki/Ch%C3%A2teau_de_Colpach"}, {"label": "🔎 Infos", "url": "https://www.google.com/search?q=Ch%C3%A2teau%20de%20Colpach%20Luxembourg"}], "photos": ["https://upload.wikimedia.org/wikipedia/commons/thumb/6/66/Schlass_Kolpech.JPG/960px-Schlass_Kolpech.JPG"], "details": {"type": "Château", "fiche": "Référencé"}}}, {"type": "Feature", "geometry": {"type": "Point", "coordinates": [6.186849, 49.747598]}, "properties": {"id": "lu-chat-0024", "name": "Château de Fischbach", "theme": "chateau", "description": "Le château de Fischbach (en luxembourgeois : Schlass Fëschbech et en en allemand : Schloss Fischbach) est un château situé aux environs de la commune de Fischbach au cœur du Luxembourg.", "links": [{"label": "🔗 Wikipédia", "url": "https://fr.wikipedia.org/wiki/Ch%C3%A2teau_de_Fischbach"}, {"label": "🔎 Infos", "url": "https://www.google.com/search?q=Ch%C3%A2teau%20de%20Fischbach%20Luxembourg"}], "photos": ["https://upload.wikimedia.org/wikipedia/commons/thumb/d/d4/Ch%C3%A2teau_de_Fischbach_2021-07.jpg/960px-Ch%C3%A2teau_de_Fischbach_2021-07.jpg"], "details": {"type": "Château", "fiche": "Référencé"}}}, {"type": "Feature", "geometry": {"type": "Point", "coordinates": [6.051591, 49.712103]}, "properties": {"id": "lu-chat-0025", "name": "Château de Hollenfels", "theme": "chateau", "description": "Le château de Hollenfels est un château luxembourgeois situé à Hollenfels dans la commune de Helperknapp.", "links": [{"label": "🔗 Wikipédia", "url": "https://fr.wikipedia.org/wiki/Ch%C3%A2teau_de_Hollenfels"}, {"label": "🔎 Infos", "url": "https://www.google.com/search?q=Ch%C3%A2teau%20de%20Hollenfels%20Luxembourg"}], "photos": ["https://upload.wikimedia.org/wikipedia/commons/thumb/b/b9/Hollenfels_castle_3.jpg/960px-Hollenfels_castle_3.jpg"], "details": {"type": "Château", "fiche": "Référencé"}}}, {"type": "Feature", "geometry": {"type": "Point", "coordinates": [6.387224, 49.796188]}, "properties": {"id": "lu-chat-0026", "name": "Château de Lauterborn", "theme": "chateau", "description": "Lauterborn (en luxembourgeois : Lauterbuer ), est un lieu-dit de la commune luxembourgeoise d'Echternach.", "links": [{"label": "🔗 Wikipédia", "url": "https://fr.wikipedia.org/wiki/Lauterborn"}, {"label": "🔎 Infos", "url": "https://www.google.com/search?q=Ch%C3%A2teau%20de%20Lauterborn%20Luxembourg"}], "photos": ["https://upload.wikimedia.org/wikipedia/commons/thumb/3/3c/Lauterborn_Chapel_R01.jpg/960px-Lauterborn_Chapel_R01.jpg"], "details": {"type": "Château", "fiche": "Référencé"}}}, {"type": "Feature", "geometry": {"type": "Point", "coordinates": [6.127316, 49.625317]}, "properties": {"id": "lu-chat-0027", "name": "Château de Limpertsberg", "theme": "chateau", "description": "", "links": [{"label": "🔎 Infos", "url": "https://www.google.com/search?q=Ch%C3%A2teau%20de%20Limpertsberg%20Luxembourg"}], "photos": [], "details": {"type": "Château", "fiche": "À vérifier"}}}, {"type": "Feature", "geometry": {"type": "Point", "coordinates": [6.188932, 49.770448]}, "properties": {"id": "lu-chat-0028", "name": "Château de Meysembourg", "theme": "chateau", "description": "Meysembourg, (en luxembourgeois : Meesebuerg  et en allemand : Meysemburg), est un lieu-dit de la commune luxembourgeoise de Larochette située dans le canton de Mersch.", "links": [{"label": "🔗 Wikipédia", "url": "https://fr.wikipedia.org/wiki/Meysembourg"}, {"label": "🔎 Infos", "url": "https://www.google.com/search?q=Ch%C3%A2teau%20de%20Meysembourg%20Luxembourg"}], "photos": ["https://upload.wikimedia.org/wikipedia/commons/thumb/3/38/Schlass_Meesebuerg_2.JPG/960px-Schlass_Meesebuerg_2.JPG"], "details": {"type": "Château", "fiche": "Référencé"}}}, {"type": "Feature", "geometry": {"type": "Point", "coordinates": [5.925984, 49.543271]}, "properties": {"id": "lu-chat-0029", "name": "Château de Sanem", "theme": "chateau", "description": "Le château de Sanem est un château situé au sud du Luxembourg édifié au Moyen Âge sur les ruines de fortifications romaines.", "links": [{"label": "🔗 Wikipédia", "url": "https://fr.wikipedia.org/wiki/Ch%C3%A2teau_de_Sanem"}, {"label": "🔎 Infos", "url": "https://www.google.com/search?q=Ch%C3%A2teau%20de%20Sanem%20Luxembourg"}], "photos": ["https://upload.wikimedia.org/wikipedia/commons/thumb/4/46/SuessemSchlass01.jpg/960px-SuessemSchlass01.jpg"], "details": {"type": "Château", "fiche": "Référencé"}}}, {"type": "Feature", "geometry": {"type": "Point", "coordinates": [6.365845, 49.470111]}, "properties": {"id": "lu-chat-0030", "name": "Château de Schengen", "theme": "chateau", "description": "Le château de Schengen est situé dans le village de Schengen, dans le sud-est du Luxembourg et à proximité des frontières avec la France et l'Allemagne.", "links": [{"label": "🌐 Site officiel", "url": "https://www.chateauschengen.lu/"}, {"label": "🔗 Wikipédia", "url": "https://fr.wikipedia.org/wiki/Ch%C3%A2teau_de_Schengen"}, {"label": "🔎 Infos", "url": "https://www.google.com/search?q=Ch%C3%A2teau%20de%20Schengen%20Luxembourg"}], "photos": ["https://upload.wikimedia.org/wikipedia/commons/thumb/9/96/Schengener_Schlass.JPG/960px-Schengener_Schlass.JPG"], "details": {"type": "Château", "fiche": "Référencé"}}}, {"type": "Feature", "geometry": {"type": "Point", "coordinates": [6.093203, 49.71967]}, "properties": {"id": "lu-chat-0031", "name": "Château de Schoenfels", "theme": "chateau", "description": "Le château de Schoenfels est un château luxembourgeois situé à Schoenfels, dans la vallée de la Mamer, entre Kopstal et Mersch.", "links": [{"label": "🔗 Wikipédia", "url": "https://fr.wikipedia.org/wiki/Ch%C3%A2teau_de_Schoenfels"}, {"label": "🔎 Infos", "url": "https://www.google.com/search?q=Ch%C3%A2teau%20de%20Schoenfels%20Luxembourg"}], "photos": ["https://upload.wikimedia.org/wikipedia/commons/thumb/4/40/Schoenfels3.JPG/960px-Schoenfels3.JPG"], "details": {"type": "Château", "fiche": "Référencé"}}}, {"type": "Feature", "geometry": {"type": "Point", "coordinates": [6.105077, 49.625718]}, "properties": {"id": "lu-chat-0032", "name": "Château de Septfontaines", "theme": "chateau", "description": "Le château de Septfontaines, situé au cœur de la ville de Luxembourg, est l'ancienne résidence seigneuriale des frères Boch érigée au XVIIIe siècle.", "links": [{"label": "🌐 Site officiel", "url": "http://www.chateaudeseptfontaines.com/"}, {"label": "🔗 Wikipédia", "url": "https://fr.wikipedia.org/wiki/Ch%C3%A2teau_de_Septfontaines_%28Luxembourg%29"}, {"label": "🔎 Infos", "url": "https://www.google.com/search?q=Ch%C3%A2teau%20de%20Septfontaines%20Luxembourg"}], "photos": ["https://upload.wikimedia.org/wikipedia/commons/thumb/a/a1/Septfontaines_Rollingergrund.JPG/960px-Septfontaines_Rollingergrund.JPG"], "details": {"type": "Château", "fiche": "Référencé"}}}, {"type": "Feature", "geometry": {"type": "Point", "coordinates": [5.963836, 49.700729]}, "properties": {"id": "lu-chat-0033", "name": "Château de Septfontaines", "theme": "chateau", "description": "Le château de Septfontaines est un château médiéval luxembourgeois faisant partie de la vallée des sept châteaux, situé dans les hauteurs de Septfontaines, dans la commune de Habscht.", "links": [{"label": "🔗 Wikipédia", "url": "https://fr.wikipedia.org/wiki/Ch%C3%A2teau_de_Septfontaines_%28Habscht%29"}, {"label": "🔎 Infos", "url": "https://www.google.com/search?q=Ch%C3%A2teau%20de%20Septfontaines%20Luxembourg"}], "photos": ["https://upload.wikimedia.org/wikipedia/commons/thumb/2/27/Buerg_Simmer_%28Septfontaines%29.jpg/960px-Buerg_Simmer_%28Septfontaines%29.jpg"], "details": {"type": "Fort", "fiche": "Référencé"}}}, {"type": "Feature", "geometry": {"type": "Point", "coordinates": [6.368212, 49.564115]}, "properties": {"id": "lu-chat-0034", "name": "Château de Stradtbredimus", "theme": "chateau", "description": "", "links": [{"label": "🔎 Infos", "url": "https://www.google.com/search?q=Ch%C3%A2teau%20de%20Stradtbredimus%20Luxembourg"}], "photos": [], "details": {"type": "Château", "fiche": "À vérifier"}}}, {"type": "Feature", "geometry": {"type": "Point", "coordinates": [6.202832, 49.934877]}, "properties": {"id": "lu-chat-0035", "name": "Château de Vianden", "theme": "chateau", "description": "Le château de Vianden est un château fort situé dans la ville de Vianden, au nord-est du Luxembourg.", "links": [{"label": "🌐 Site officiel", "url": "https://castle-vianden.lu/"}, {"label": "🔗 Wikipédia", "url": "https://fr.wikipedia.org/wiki/Ch%C3%A2teau_de_Vianden"}, {"label": "🔎 Infos", "url": "https://www.google.com/search?q=Ch%C3%A2teau%20de%20Vianden%20Luxembourg"}], "photos": ["https://upload.wikimedia.org/wikipedia/commons/thumb/a/a9/Vianden_castle.jpg/960px-Vianden_castle.jpg"], "details": {"type": "Château", "fiche": "Référencé"}}}, {"type": "Feature", "geometry": {"type": "Point", "coordinates": [6.133815, 49.660395]}, "properties": {"id": "lu-chat-0036", "name": "Château de Walferdange", "theme": "chateau", "description": "La gare de Walferdange est une gare ferroviaire luxembourgeoise de la ligne 1, de Luxembourg à Troisvierges-frontière, située près du centre-ville de Walferdange sur le territoire de la commune du même nom, dans le canton de Luxembourg.", "links": [{"label": "🌐 Site officiel", "url": "https://walfer.lu/virtual_visit/chateau/"}, {"label": "🔗 Wikipédia", "url": "https://fr.wikipedia.org/wiki/Gare_de_Walferdange"}, {"label": "🔎 Infos", "url": "https://www.google.com/search?q=Ch%C3%A2teau%20de%20Walferdange%20Luxembourg"}], "photos": ["https://upload.wikimedia.org/wikipedia/commons/thumb/5/51/Gare_Walferdange_01.jpg/960px-Gare_Walferdange_01.jpg"], "details": {"type": "Château", "fiche": "Référencé"}}}, {"type": "Feature", "geometry": {"type": "Point", "coordinates": [6.272812, 49.70269]}, "properties": {"id": "lu-chat-0037", "name": "Château de Weymerich", "theme": "chateau", "description": "", "links": [{"label": "🔎 Infos", "url": "https://www.google.com/search?q=Ch%C3%A2teau%20de%20Weymerich%20Luxembourg"}], "photos": [], "details": {"type": "Château", "fiche": "À vérifier"}}}, {"type": "Feature", "geometry": {"type": "Point", "coordinates": [5.938514, 49.966467]}, "properties": {"id": "lu-chat-0038", "name": "Château de Wiltz", "theme": "chateau", "description": "", "links": [{"label": "🔎 Infos", "url": "https://www.google.com/search?q=Ch%C3%A2teau%20de%20Wiltz%20Luxembourg"}], "photos": [], "details": {"type": "Château", "fiche": "À vérifier"}}}, {"type": "Feature", "geometry": {"type": "Point", "coordinates": [6.185024, 49.691862]}, "properties": {"id": "lu-chat-0039", "name": "Eesebuerer Schlass", "theme": "chateau", "description": "Le château d'Eisenborn (Eesebuer Schlass en luxembourgeois) est une bâtisse du XVIIIe siècle à Eisenborn, dans la commune de Junglinster.", "links": [{"label": "🔗 Wikipédia", "url": "https://fr.wikipedia.org/wiki/Ch%C3%A2teau_d%27Eisenborn"}, {"label": "🔎 Infos", "url": "https://www.google.com/search?q=Eesebuerer%20Schlass%20Luxembourg"}], "photos": ["https://upload.wikimedia.org/wikipedia/commons/thumb/a/a1/1_Chemin_Foret_Eisenborn_Luxembourg_2011-08.JPG/960px-1_Chemin_Foret_Eisenborn_Luxembourg_2011-08.JPG"], "details": {"type": "Château", "fiche": "Référencé"}}}, {"type": "Feature", "geometry": {"type": "Point", "coordinates": [5.950231, 49.669521]}, "properties": {"id": "lu-chat-0040", "name": "Gréiveschlass", "theme": "chateau", "description": "Le château de Koerich (en luxembourgeois : Schlass Käerch; en allemand : Schloss Koerich) est un château luxembouregois situé à Koerich.", "links": [{"label": "🔗 Wikipédia", "url": "https://fr.wikipedia.org/wiki/Ch%C3%A2teau_de_Koerich"}, {"label": "🔎 Infos", "url": "https://www.google.com/search?q=Gr%C3%A9iveschlass%20Luxembourg"}], "photos": ["https://upload.wikimedia.org/wikipedia/commons/thumb/b/b6/Gr%C3%A9iveschlass_K%C3%A4erch.jpg/960px-Gr%C3%A9iveschlass_K%C3%A4erch.jpg"], "details": {"type": "Château", "fiche": "Référencé"}}}, {"type": "Feature", "geometry": {"type": "Point", "coordinates": [6.307648, 49.793681]}, "properties": {"id": "lu-chat-0041", "name": "Heringerbuerg", "theme": "chateau", "description": "", "links": [{"label": "🔎 Infos", "url": "https://www.google.com/search?q=Heringerbuerg%20Luxembourg"}], "photos": [], "details": {"type": "Fort", "fiche": "À vérifier"}}}, {"type": "Feature", "geometry": {"type": "Point", "coordinates": [5.950448, 49.669537]}, "properties": {"id": "lu-chat-0042", "name": "Koerich Castle", "theme": "chateau", "description": "Le château de Koerich (en luxembourgeois : Schlass Käerch; en allemand : Schloss Koerich) est un château luxembouregois situé à Koerich.", "links": [{"label": "🔗 Wikipédia", "url": "https://fr.wikipedia.org/wiki/Ch%C3%A2teau_de_Koerich"}, {"label": "🔎 Infos", "url": "https://www.google.com/search?q=Koerich%20Castle%20Luxembourg"}], "photos": ["https://upload.wikimedia.org/wikipedia/commons/thumb/b/b6/Gr%C3%A9iveschlass_K%C3%A4erch.jpg/960px-Gr%C3%A9iveschlass_K%C3%A4erch.jpg"], "details": {"type": "Château", "fiche": "Référencé"}}}, {"type": "Feature", "geometry": {"type": "Point", "coordinates": [5.889016, 49.521353]}, "properties": {"id": "lu-chat-0043", "name": "Miami University John E. Dolibois European Campus", "theme": "chateau", "description": "", "links": [{"label": "🌐 Site officiel", "url": "http://www.units.miamioh.edu/luxembourg/"}, {"label": "🔎 Infos", "url": "https://www.google.com/search?q=Miami%20University%20John%20E.%20Dolibois%20European%20Campus%20Luxembourg"}], "photos": [], "details": {"type": "Château", "fiche": "Référencé"}}}, {"type": "Feature", "geometry": {"type": "Point", "coordinates": [6.046621, 49.700678]}, "properties": {"id": "lu-chat-0044", "name": "Nouveau Château d'Ansembourg", "theme": "chateau", "description": "Le grand château d'Ansembourg, aussi appelé nouveau château d'Ansembourg est un château luxembourgeois situé sur la commune de Helperknapp.", "links": [{"label": "🔗 Wikipédia", "url": "https://fr.wikipedia.org/wiki/Grand_ch%C3%A2teau_d%27Ansembourg"}, {"label": "🔎 Infos", "url": "https://www.google.com/search?q=Nouveau%20Ch%C3%A2teau%20d%27Ansembourg%20Luxembourg"}], "photos": ["https://upload.wikimedia.org/wikipedia/commons/thumb/3/3d/New_castle%2C_Ansembourg%2C_Luxembourg.jpg/960px-New_castle%2C_Ansembourg%2C_Luxembourg.jpg"], "details": {"type": "Château", "fiche": "Référencé"}}}, {"type": "Feature", "geometry": {"type": "Point", "coordinates": [6.132913, 49.610988]}, "properties": {"id": "lu-chat-0045", "name": "Palais Grand Ducal", "theme": "chateau", "description": "Le siège de Luxembourg dura du 22 novembre 1794 jusqu'au 7 juin 1795 dans le cadre de la seconde annexion française des États de Belgique, pendant la guerre de la Première Coalition par les armées de la Révolution française contre la forteresse de Luxembourg, tenue par l'armée impériale.", "links": [{"label": "🔗 Wikipédia", "url": "https://fr.wikipedia.org/wiki/Si%C3%A8ge_de_Luxembourg_%281794-1795%29"}, {"label": "🔎 Infos", "url": "https://www.google.com/search?q=Palais%20Grand%20Ducal%20Luxembourg"}], "photos": ["https://upload.wikimedia.org/wikipedia/commons/4/4b/Si%C3%A8ge_de_Luxembourg_1794-1795.jpg"], "details": {"type": "Château", "fiche": "Référencé"}}}, {"type": "Feature", "geometry": {"type": "Point", "coordinates": [6.285811, 49.833803]}, "properties": {"id": "lu-chat-0046", "name": "Schlass Beefort", "theme": "chateau", "description": "Le château de Beaufort est un ensemble formé de ruines d'une forteresse médiévale et d'une résidence du XVIIe siècle adjacente situé à Beaufort, au Grand-Duché de Luxembourg.", "links": [{"label": "🔗 Wikipédia", "url": "https://fr.wikipedia.org/wiki/Ch%C3%A2teau_de_Beaufort_%28Luxembourg%29"}, {"label": "🔎 Infos", "url": "https://www.google.com/search?q=Schlass%20Beefort%20Luxembourg"}], "photos": ["https://upload.wikimedia.org/wikipedia/commons/thumb/3/32/Beaufort_Castle_2.jpg/960px-Beaufort_Castle_2.jpg"], "details": {"type": "Château", "fiche": "Référencé"}}}, {"type": "Feature", "geometry": {"type": "Point", "coordinates": [6.045564, 50.075508]}, "properties": {"id": "lu-chat-0047", "name": "Schlass Ischpelt", "theme": "chateau", "description": "Urspelt (luxembourgeois : Ischpelt) est une section de la commune luxembourgeoise de Clervaux située dans le canton de Clervaux.", "links": [{"label": "🌐 Site officiel", "url": "http://www.chateau-urspelt.lu"}, {"label": "🔗 Wikipédia", "url": "https://fr.wikipedia.org/wiki/Urspelt"}, {"label": "🔎 Infos", "url": "https://www.google.com/search?q=Schlass%20Ischpelt%20Luxembourg"}], "photos": ["https://upload.wikimedia.org/wikipedia/commons/thumb/f/f2/Kapelle_Urspelt_04.jpg/960px-Kapelle_Urspelt_04.jpg"], "details": {"type": "Château", "fiche": "Référencé"}}}, {"type": "Feature", "geometry": {"type": "Point", "coordinates": [6.25825, 49.611455]}, "properties": {"id": "lu-chat-0048", "name": "Schlass Schraasseg", "theme": "chateau", "description": "", "links": [{"label": "🔎 Infos", "url": "https://www.google.com/search?q=Schlass%20Schraasseg%20Luxembourg"}], "photos": [], "details": {"type": "Château", "fiche": "À vérifier"}}}, {"type": "Feature", "geometry": {"type": "Point", "coordinates": [6.380786, 49.556964]}, "properties": {"id": "lu-chat-0049", "name": "Schloss Remich", "theme": "chateau", "description": "", "links": [{"label": "🔎 Infos", "url": "https://www.google.com/search?q=Schloss%20Remich%20Luxembourg"}], "photos": [], "details": {"type": "Château", "fiche": "À vérifier"}}}, {"type": "Feature", "geometry": {"type": "Point", "coordinates": [5.881574, 49.830565]}, "properties": {"id": "lu-chat-0050", "name": "Schuerelserschlass", "theme": "chateau", "description": "", "links": [{"label": "🔎 Infos", "url": "https://www.google.com/search?q=Schuerelserschlass%20Luxembourg"}], "photos": [], "details": {"type": "Château", "fiche": "À vérifier"}}}, {"type": "Feature", "geometry": {"type": "Point", "coordinates": [6.026492, 49.964374]}, "properties": {"id": "lu-chat-0051", "name": "Schüttbuerg", "theme": "chateau", "description": "", "links": [{"label": "🔎 Infos", "url": "https://www.google.com/search?q=Sch%C3%BCttbuerg%20Luxembourg"}], "photos": [], "details": {"type": "Fort", "fiche": "À vérifier"}}}, {"type": "Feature", "geometry": {"type": "Point", "coordinates": [6.218045, 49.783794]}, "properties": {"id": "lu-chat-0052", "name": "Verluerekascht", "theme": "chateau", "description": "", "links": [{"label": "🔎 Infos", "url": "https://www.google.com/search?q=Verluerekascht%20Luxembourg"}], "photos": [], "details": {"type": "Château", "fiche": "À vérifier"}}}, {"type": "Feature", "geometry": {"type": "Point", "coordinates": [6.03819, 49.702999]}, "properties": {"id": "lu-chat-0053", "name": "Vieux Château d'Ansembourg", "theme": "chateau", "description": "Private castle, not opened to public!", "links": [{"label": "🔗 Wikipédia", "url": "https://fr.wikipedia.org/wiki/Ch%C3%A2teau_d%27Ansembourg"}, {"label": "🔎 Infos", "url": "https://www.google.com/search?q=Vieux%20Ch%C3%A2teau%20d%27Ansembourg%20Luxembourg"}], "photos": ["https://upload.wikimedia.org/wikipedia/commons/9/94/Fresez_Ansembourg_Ruins.jpg"], "details": {"type": "Château", "fiche": "Référencé"}}}, {"type": "Feature", "geometry": {"type": "Point", "coordinates": [6.124661, 49.608633]}, "properties": {"id": "lu-chat-0054", "name": "Villa Baldauff", "theme": "chateau", "description": "", "links": [{"label": "🔎 Infos", "url": "https://www.google.com/search?q=Villa%20Baldauff%20Luxembourg"}], "photos": [], "details": {"type": "Château", "fiche": "À vérifier"}}}, {"type": "Feature", "geometry": {"type": "Point", "coordinates": [6.032083, 50.055403]}, "properties": {"id": "lu-chat-0055", "name": "Villa Berlaymont", "theme": "chateau", "description": "", "links": [{"label": "🔎 Infos", "url": "https://www.google.com/search?q=Villa%20Berlaymont%20Luxembourg"}], "photos": [], "details": {"type": "Château", "fiche": "À vérifier"}}}, {"type": "Feature", "geometry": {"type": "Point", "coordinates": [6.092881, 49.71935]}, "properties": {"id": "lu-chat-0056", "name": "Wehrturm Schlass Schëndels", "theme": "chateau", "description": "", "links": [{"label": "🔎 Infos", "url": "https://www.google.com/search?q=Wehrturm%20Schlass%20Sch%C3%ABndels%20Luxembourg"}], "photos": [], "details": {"type": "Château", "fiche": "À vérifier"}}}, {"type": "Feature", "geometry": {"type": "Point", "coordinates": [6.353832, 49.502179]}, "properties": {"id": "lu-chat-0057", "name": "Wëntrenger Schlass", "theme": "chateau", "description": "", "links": [{"label": "🔎 Infos", "url": "https://www.google.com/search?q=W%C3%ABntrenger%20Schlass%20Luxembourg"}], "photos": [], "details": {"type": "Château", "fiche": "À vérifier"}}}, {"type": "Feature", "geometry": {"type": "Point", "coordinates": [6.35423, 49.528798]}, "properties": {"id": "lu-mus-0001", "name": "A Possen", "theme": "culture", "description": "", "links": [{"label": "🔎 Infos", "url": "https://www.google.com/search?q=A%20Possen%20Luxembourg"}], "photos": [], "details": {"fiche": "À vérifier"}}}, {"type": "Feature", "geometry": {"type": "Point", "coordinates": [5.966237, 49.920883]}, "properties": {"id": "lu-mus-0002", "name": "Antimon-Musée", "theme": "culture", "description": "", "links": [{"label": "🔎 Infos", "url": "https://www.google.com/search?q=Antimon-Mus%C3%A9e%20Luxembourg"}], "photos": [], "details": {"fiche": "À vérifier"}}}, {"type": "Feature", "geometry": {"type": "Point", "coordinates": [6.007939, 49.673863]}, "properties": {"id": "lu-mus-0003", "name": "Ausgriewermusee", "theme": "culture", "description": "", "links": [{"label": "🌐 Site officiel", "url": "https://gka.lu/"}, {"label": "🔎 Infos", "url": "https://www.google.com/search?q=Ausgriewermusee%20Luxembourg"}], "photos": [], "details": {"fiche": "Référencé"}}}, {"type": "Feature", "geometry": {"type": "Point", "coordinates": [6.160577, 49.867608]}, "properties": {"id": "lu-mus-0004", "name": "Beiemusee", "theme": "culture", "description": "", "links": [{"label": "🔎 Infos", "url": "https://www.google.com/search?q=Beiemusee%20Luxembourg"}], "photos": [], "details": {"horaires": "Jul 15-Sep 15 14:00-18:00", "fiche": "À vérifier"}}}, {"type": "Feature", "geometry": {"type": "Point", "coordinates": [6.361891, 49.493462]}, "properties": {"id": "lu-mus-0005", "name": "Biodiversum", "theme": "culture", "description": "Als Biodiversum (ausgeschrieben: Biodiversum Camille Gira; auch franz.", "links": [{"label": "🌐 Site officiel", "url": "https://environnement.public.lu/fr/natur-erliewen/centres-d_accueil/biodiversum.html"}, {"label": "🔗 Wikipédia", "url": "https://de.wikipedia.org/wiki/Biodiversum"}, {"label": "🔎 Infos", "url": "https://www.google.com/search?q=Biodiversum%20Luxembourg"}], "photos": ["https://upload.wikimedia.org/wikipedia/commons/thumb/b/b6/Luxembourg-Remerschen-Biodiversum-05ASD.jpg/960px-Luxembourg-Remerschen-Biodiversum-05ASD.jpg"], "details": {"horaires": "Tu-Su 10:00-18:00", "fiche": "Référencé"}}}, {"type": "Feature", "geometry": {"type": "Point", "coordinates": [6.136689, 49.611663]}, "properties": {"id": "lu-mus-0006", "name": "Casemates du Bock", "theme": "culture", "description": "Le Monument du Millénaire est un site archéologique et de reconstruction à Luxembourg-ville, dans le sud du Luxembourg.", "links": [{"label": "🌐 Site officiel", "url": "https://www.luxembourg-city.com/en/tours-activities/underground/bock-casemates"}, {"label": "🔗 Wikipédia", "url": "https://fr.wikipedia.org/wiki/Monument_du_Mill%C3%A9naire_%28Luxembourg%29"}, {"label": "🔎 Infos", "url": "https://www.google.com/search?q=Casemates%20du%20Bock%20Luxembourg"}], "photos": [], "details": {"horaires": "Mo-Su, PH 09:45-17:00; Jan 1, Dec 24 off", "fiche": "Référencé"}}}, {"type": "Feature", "geometry": {"type": "Point", "coordinates": [6.127167, 49.609782]}, "properties": {"id": "lu-mus-0007", "name": "Casino Luxembourg - Forum d'art contemporain", "theme": "culture", "description": "Le Monument du souvenir, communément appelé Gëlle Fra (femme en or, ou femme dorée en luxembourgeois), est un monument situé dans la ville de Luxembourg, dédié au souvenir des soldats luxembourgeois tombés durant les batailles des deux Guerres mondiales et de la guerre de Corée, et des Luxembourgeoi", "links": [{"label": "🌐 Site officiel", "url": "http://www.casino-luxembourg.lu/"}, {"label": "🔗 Wikipédia", "url": "https://fr.wikipedia.org/wiki/Monument_du_souvenir_%28Luxembourg%29"}, {"label": "🔎 Infos", "url": "https://www.google.com/search?q=Casino%20Luxembourg%20-%20Forum%20d%27art%20contemporain%20Luxembourg"}], "photos": ["https://upload.wikimedia.org/wikipedia/commons/thumb/d/d0/G%C3%ABlle_Fra_War_Memorial_Luxembourg_01_-_Illustration_with_lacking_Freedom_of_Panorama.jpg/960px-G%C3%ABlle_Fra_War_Memorial_Luxembourg_01_-_Illustration_with_lacking_Freedom_of_Panorama.jpg"], "details": {"horaires": "Mo, We, Fr-Su 11:00-19:00; Th 11:00-21:00", "fiche": "Référencé"}}}, {"type": "Feature", "geometry": {"type": "Point", "coordinates": [6.085806, 49.482557]}, "properties": {"id": "lu-mus-0008", "name": "Centre d'Art Nei Liicht", "theme": "culture", "description": "", "links": [{"label": "🔎 Infos", "url": "https://www.google.com/search?q=Centre%20d%27Art%20Nei%20Liicht%20Luxembourg"}], "photos": [], "details": {"horaires": "Tu-Su 15:00-19:00", "fiche": "À vérifier"}}}, {"type": "Feature", "geometry": {"type": "Point", "coordinates": [6.079197, 49.472555]}, "properties": {"id": "lu-mus-0009", "name": "Centre de documentation sur les migrations humaines", "theme": "culture", "description": "La gare de Dudelange-Usines est une gare ferroviaire luxembourgeoise de la ligne 6b, Bettembourg – Volmerange-les-Mines, située sur le territoire de la commune de Dudelange dans le canton d'Esch-sur-Alzette.", "links": [{"label": "🔗 Wikipédia", "url": "https://fr.wikipedia.org/wiki/Gare_de_Dudelange-Usines"}, {"label": "🔎 Infos", "url": "https://www.google.com/search?q=Centre%20de%20documentation%20sur%20les%20migrations%20humaines%20Luxembourg"}], "photos": ["https://upload.wikimedia.org/wikipedia/commons/thumb/f/f2/Gare_Dudelange-Usines_2014.jpg/960px-Gare_Dudelange-Usines_2014.jpg"], "details": {"fiche": "Référencé"}}}, {"type": "Feature", "geometry": {"type": "Point", "coordinates": [5.857089, 49.900169]}, "properties": {"id": "lu-mus-0010", "name": "Centre de découverte de la Forêt Burfelt", "theme": "culture", "description": "", "links": [{"label": "🌐 Site officiel", "url": "https://environnement.public.lu/fr/natur-erliewen/centres-d_accueil/burfelt.html"}, {"label": "🔎 Infos", "url": "https://www.google.com/search?q=Centre%20de%20d%C3%A9couverte%20de%20la%20For%C3%AAt%20Burfelt%20Luxembourg"}], "photos": [], "details": {"fiche": "Référencé"}}}, {"type": "Feature", "geometry": {"type": "Point", "coordinates": [6.202589, 49.935214]}, "properties": {"id": "lu-mus-0011", "name": "Château de Vianden", "theme": "culture", "description": "Le château de Vianden est un château fort situé dans la ville de Vianden, au nord-est du Luxembourg.", "links": [{"label": "🌐 Site officiel", "url": "https://castle-vianden.lu/"}, {"label": "🔗 Wikipédia", "url": "https://fr.wikipedia.org/wiki/Ch%C3%A2teau_de_Vianden"}, {"label": "🔎 Infos", "url": "https://www.google.com/search?q=Ch%C3%A2teau%20de%20Vianden%20Luxembourg"}], "photos": ["https://upload.wikimedia.org/wikipedia/commons/thumb/a/a9/Vianden_castle.jpg/960px-Vianden_castle.jpg"], "details": {"horaires": "Mo-Su,PH 10:00-18:00", "fiche": "Référencé"}}}, {"type": "Feature", "geometry": {"type": "Point", "coordinates": [6.158553, 49.868044]}, "properties": {"id": "lu-mus-0012", "name": "Conservatoire National de Véhicules Historiques Diekirch", "theme": "culture", "description": "", "links": [{"label": "🌐 Site officiel", "url": "https://www.cnvh.lu/"}, {"label": "🔎 Infos", "url": "https://www.google.com/search?q=Conservatoire%20National%20de%20V%C3%A9hicules%20Historiques%20Diekirch%20Luxembourg"}], "photos": [], "details": {"horaires": "Tu-Su 10:00-18:00", "fiche": "Référencé"}}}, {"type": "Feature", "geometry": {"type": "Point", "coordinates": [6.120819, 49.595394]}, "properties": {"id": "lu-mus-0013", "name": "Deportation Museum", "theme": "culture", "description": "La gare de Hollerich est une gare ferroviaire luxembourgeoise de la ligne 7, de Luxembourg à Pétange, située à Hollerich, quartier de la ville de Luxembourg, dans le canton de Luxembourg.", "links": [{"label": "🔗 Wikipédia", "url": "https://fr.wikipedia.org/wiki/Gare_de_Hollerich"}, {"label": "🔎 Infos", "url": "https://www.google.com/search?q=Deportation%20Museum%20Luxembourg"}], "photos": ["https://upload.wikimedia.org/wikipedia/commons/thumb/6/69/Hollerich_train_station.01.jpg/960px-Hollerich_train_station.01.jpg"], "details": {"fiche": "Référencé"}}}, {"type": "Feature", "geometry": {"type": "Point", "coordinates": [5.896174, 49.72672]}, "properties": {"id": "lu-mus-0014", "name": "Déi al Millen", "theme": "culture", "description": "", "links": [{"label": "🔎 Infos", "url": "https://www.google.com/search?q=D%C3%A9i%20al%20Millen%20Luxembourg"}], "photos": [], "details": {"fiche": "À vérifier"}}}, {"type": "Feature", "geometry": {"type": "Point", "coordinates": [5.863351, 49.53395]}, "properties": {"id": "lu-mus-0015", "name": "Epicerie Binck", "theme": "culture", "description": "", "links": [{"label": "🌐 Site officiel", "url": "https://minettpark.lu/activites/epicerie-victor-binck/"}, {"label": "🔎 Infos", "url": "https://www.google.com/search?q=Epicerie%20Binck%20Luxembourg"}], "photos": [], "details": {"horaires": "Su 14:00 - 18:00", "fiche": "Référencé"}}}, {"type": "Feature", "geometry": {"type": "Point", "coordinates": [5.835461, 49.523941]}, "properties": {"id": "lu-mus-0016", "name": "Espace Muséologique", "theme": "culture", "description": "", "links": [{"label": "🌐 Site officiel", "url": "http://www.fond-de-gras.lu"}, {"label": "🔎 Infos", "url": "https://www.google.com/search?q=Espace%20Mus%C3%A9ologique%20Luxembourg"}], "photos": [], "details": {"horaires": "May-Sep Su 14:00-18:00", "fiche": "Référencé"}}}, {"type": "Feature", "geometry": {"type": "Point", "coordinates": [6.149082, 49.621385]}, "properties": {"id": "lu-mus-0017", "name": "Europa Experience Luxembourg", "theme": "culture", "description": "", "links": [{"label": "🌐 Site officiel", "url": "https://visiting.europarl.europa.eu/en/visitor-offer/other-locations/europa-experience/luxembourg"}, {"label": "🔎 Infos", "url": "https://www.google.com/search?q=Europa%20Experience%20Luxembourg%20Luxembourg"}], "photos": [], "details": {"horaires": "Mo-Sa 10:00-18:00", "fiche": "Référencé"}}}, {"type": "Feature", "geometry": {"type": "Point", "coordinates": [6.124658, 49.597556]}, "properties": {"id": "lu-mus-0018", "name": "Fondation de l'Architecture et de l'ingénierie Luxembourg", "theme": "culture", "description": "", "links": [{"label": "🔎 Infos", "url": "https://www.google.com/search?q=Fondation%20de%20l%27Architecture%20et%20de%20l%27ing%C3%A9nierie%20Luxembourg%20Luxembourg"}], "photos": [], "details": {"fiche": "À vérifier"}}}, {"type": "Feature", "geometry": {"type": "Point", "coordinates": [6.127811, 49.605474]}, "properties": {"id": "lu-mus-0019", "name": "Galerie d’art contemporain ‘Am Tunnel’", "theme": "culture", "description": "La villa Clivio  est un immeuble de style Art nouveau de la ville de Luxembourg (Luxembourg) réalisé par l'architecte Mathias Martin en 1908 et repris en 1989 sur la liste des monuments nationaux du Luxembourg.", "links": [{"label": "🔗 Wikipédia", "url": "https://fr.wikipedia.org/wiki/Villa_Clivio"}, {"label": "🔎 Infos", "url": "https://www.google.com/search?q=Galerie%20d%E2%80%99art%20contemporain%20%E2%80%98Am%20Tunnel%E2%80%99%20Luxembourg"}], "photos": ["https://upload.wikimedia.org/wikipedia/commons/thumb/d/d2/Villa_Clivio_2015.jpg/960px-Villa_Clivio_2015.jpg"], "details": {"fiche": "Référencé"}}}, {"type": "Feature", "geometry": {"type": "Point", "coordinates": [6.104113, 49.848675]}, "properties": {"id": "lu-mus-0020", "name": "General Patton Memorial", "theme": "culture", "description": "", "links": [{"label": "🌐 Site officiel", "url": "https://www.patton.lu/"}, {"label": "🔎 Infos", "url": "https://www.google.com/search?q=General%20Patton%20Memorial%20Luxembourg"}], "photos": [], "details": {"horaires": "Tu-Su 10:00-17:00", "fiche": "Référencé"}}}, {"type": "Feature", "geometry": {"type": "Point", "coordinates": [6.292453, 49.834252]}, "properties": {"id": "lu-mus-0021", "name": "Geo-Expo", "theme": "culture", "description": "", "links": [{"label": "🌐 Site officiel", "url": "https://www.naturpark-mellerdall.lu"}, {"label": "🔎 Infos", "url": "https://www.google.com/search?q=Geo-Expo%20Luxembourg"}], "photos": [], "details": {"horaires": "Mo-Su 10:00-17:00", "fiche": "Référencé"}}}, {"type": "Feature", "geometry": {"type": "Point", "coordinates": [5.975599, 49.475144]}, "properties": {"id": "lu-mus-0022", "name": "Grouwen a Feldbunn", "theme": "culture", "description": "", "links": [{"label": "🌐 Site officiel", "url": "https://rail.lu/feldbunnbanz.html"}, {"label": "🔎 Infos", "url": "https://www.google.com/search?q=Grouwen%20a%20Feldbunn%20Luxembourg"}], "photos": [], "details": {"fiche": "Référencé"}}}, {"type": "Feature", "geometry": {"type": "Point", "coordinates": [5.861193, 49.534941]}, "properties": {"id": "lu-mus-0023", "name": "Hall Paul Wurth", "theme": "culture", "description": "Fond-de-Gras est un lieu-dit de la commune luxembourgeoise de Differdange situé dans l'extrême sud-ouest du pays.", "links": [{"label": "🌐 Site officiel", "url": "http://www.fond-de-gras.lu/"}, {"label": "🔗 Wikipédia", "url": "https://fr.wikipedia.org/wiki/Fond-de-Gras"}, {"label": "🔎 Infos", "url": "https://www.google.com/search?q=Hall%20Paul%20Wurth%20Luxembourg"}], "photos": ["https://upload.wikimedia.org/wikipedia/commons/4/4f/Fonddegras1elektro1.jpg"], "details": {"horaires": "Su 14:00-18:00", "fiche": "Référencé"}}}, {"type": "Feature", "geometry": {"type": "Point", "coordinates": [6.150438, 49.967766]}, "properties": {"id": "lu-mus-0024", "name": "Koffergrouf vu Stolzebuerg", "theme": "culture", "description": "", "links": [{"label": "🌐 Site officiel", "url": "https://www.stolzembourg.lu/"}, {"label": "🔎 Infos", "url": "https://www.google.com/search?q=Koffergrouf%20vu%20Stolzebuerg%20Luxembourg"}], "photos": [], "details": {"fiche": "Référencé"}}}, {"type": "Feature", "geometry": {"type": "Point", "coordinates": [6.449054, 49.68331]}, "properties": {"id": "lu-mus-0025", "name": "Kulturhuef", "theme": "culture", "description": "", "links": [{"label": "🌐 Site officiel", "url": "https://www.kulturhuef.lu/de/"}, {"label": "🔎 Infos", "url": "https://www.google.com/search?q=Kulturhuef%20Luxembourg"}], "photos": [], "details": {"fiche": "Référencé"}}}, {"type": "Feature", "geometry": {"type": "Point", "coordinates": [5.894403, 49.522073]}, "properties": {"id": "lu-mus-0026", "name": "Luxembourg Science Center", "theme": "culture", "description": "Le Luxembourg Science Center est un centre de découvertes ludique situé à Differdange, dédié aux sciences et aux nouvelles technologies.", "links": [{"label": "🌐 Site officiel", "url": "https://www.science-center.lu/"}, {"label": "🔗 Wikipédia", "url": "https://fr.wikipedia.org/wiki/Luxembourg_Science_Center"}, {"label": "🔎 Infos", "url": "https://www.google.com/search?q=Luxembourg%20Science%20Center%20Luxembourg"}], "photos": ["https://upload.wikimedia.org/wikipedia/commons/thumb/8/8e/LuxembourgScienceCenter2022.jpg/960px-LuxembourgScienceCenter2022.jpg"], "details": {"horaires": "Mo-Fr 09:00-17:00; Sa-Su 10:00-18:00", "fiche": "Référencé"}}}, {"type": "Feature", "geometry": {"type": "Point", "coordinates": [6.133629, 49.609966]}, "properties": {"id": "lu-mus-0027", "name": "Lëtzebuerg City Museum", "theme": "culture", "description": "Le Lëtzebuerg City Museum (avant mai 2017 : musée d’histoire de la ville de Luxembourg) est situé rue du Saint-Esprit, à Luxembourg.", "links": [{"label": "🌐 Site officiel", "url": "https://citymuseum.lu"}, {"label": "🔗 Wikipédia", "url": "https://fr.wikipedia.org/wiki/Mus%C3%A9e_d%27histoire_de_la_ville_de_Luxembourg"}, {"label": "🔎 Infos", "url": "https://www.google.com/search?q=L%C3%ABtzebuerg%20City%20Museum%20Luxembourg"}], "photos": ["https://upload.wikimedia.org/wikipedia/commons/thumb/f/f9/Historisches_Museum_der_Stadt_Luxemburg_8325-026.jpg/960px-Historisches_Museum_der_Stadt_Luxemburg_8325-026.jpg"], "details": {"horaires": "Tu, We, Fr-Su 10:00-18:00; Th 10:00-20:00", "fiche": "Référencé"}}}, {"type": "Feature", "geometry": {"type": "Point", "coordinates": [6.140025, 49.616819]}, "properties": {"id": "lu-mus-0028", "name": "MUDAM", "theme": "culture", "description": "Le musée d’Art moderne Grand-Duc Jean (forme abrégée : Mudam) est un musée luxembourgeois consacré aux arts modernes, situé dans le quartier du Kirchberg, à Luxembourg.", "links": [{"label": "🌐 Site officiel", "url": "https://www.mudam.lu/"}, {"label": "🔗 Wikipédia", "url": "https://fr.wikipedia.org/wiki/Mus%C3%A9e_d%27Art_moderne_Grand-Duc_Jean"}, {"label": "🔎 Infos", "url": "https://www.google.com/search?q=MUDAM%20Luxembourg"}], "photos": ["https://upload.wikimedia.org/wikipedia/commons/thumb/f/f6/Drei_Eicheln_mit_Mudammuseum.jpg/960px-Drei_Eicheln_mit_Mudammuseum.jpg"], "details": {"horaires": "Tu, Th-Su 10:00-18:00; We 10:00-21:00", "fiche": "Référencé"}}}, {"type": "Feature", "geometry": {"type": "Point", "coordinates": [6.207755, 49.933932]}, "properties": {"id": "lu-mus-0029", "name": "Maison Victor Hugo", "theme": "culture", "description": "", "links": [{"label": "🌐 Site officiel", "url": "https://victor-hugo.lu/"}, {"label": "🔎 Infos", "url": "https://www.google.com/search?q=Maison%20Victor%20Hugo%20Luxembourg"}], "photos": [], "details": {"fiche": "Référencé"}}}, {"type": "Feature", "geometry": {"type": "Point", "coordinates": [6.160858, 49.701494]}, "properties": {"id": "lu-mus-0030", "name": "Maison néolithique", "theme": "culture", "description": "", "links": [{"label": "🔎 Infos", "url": "https://www.google.com/search?q=Maison%20n%C3%A9olithique%20Luxembourg"}], "photos": [], "details": {"fiche": "À vérifier"}}}, {"type": "Feature", "geometry": {"type": "Point", "coordinates": [5.94822, 49.500705]}, "properties": {"id": "lu-mus-0031", "name": "Massenoire", "theme": "culture", "description": "", "links": [{"label": "🌐 Site officiel", "url": "https://www.fonds-belval.lu/"}, {"label": "🔎 Infos", "url": "https://www.google.com/search?q=Massenoire%20Luxembourg"}], "photos": [], "details": {"horaires": "Mo-Fr 10:00-19:00; Sa 10:00-18:00; Su 14:00-18:00", "fiche": "Référencé"}}}, {"type": "Feature", "geometry": {"type": "Point", "coordinates": [6.515373, 49.783414]}, "properties": {"id": "lu-mus-0032", "name": "Matchbox Autos Museum", "theme": "culture", "description": "", "links": [{"label": "🌐 Site officiel", "url": "https://www.mullerthal.lu/de/fiche/museum/matchbox-autos-museum"}, {"label": "🔎 Infos", "url": "https://www.google.com/search?q=Matchbox%20Autos%20Museum%20Luxembourg"}], "photos": [], "details": {"fiche": "Référencé"}}}, {"type": "Feature", "geometry": {"type": "Point", "coordinates": [5.878699, 49.517443]}, "properties": {"id": "lu-mus-0033", "name": "Mine Grouwen", "theme": "culture", "description": "", "links": [{"label": "🌐 Site officiel", "url": "https://www.differdange.lu/"}, {"label": "🔎 Infos", "url": "https://www.google.com/search?q=Mine%20Grouwen%20Luxembourg"}], "photos": [], "details": {"altitude": "343 m", "altitude_n": 343, "fiche": "Référencé"}}}, {"type": "Feature", "geometry": {"type": "Point", "coordinates": [5.987425, 49.645059]}, "properties": {"id": "lu-mus-0034", "name": "Musee de Police", "theme": "culture", "description": "", "links": [{"label": "🌐 Site officiel", "url": "https://www.gendarmerie.lu/"}, {"label": "🔎 Infos", "url": "https://www.google.com/search?q=Musee%20de%20Police%20Luxembourg"}], "photos": [], "details": {"horaires": "14:30-18:00", "fiche": "Référencé"}}}, {"type": "Feature", "geometry": {"type": "Point", "coordinates": [6.128535, 49.607289]}, "properties": {"id": "lu-mus-0035", "name": "Musee de la Banque", "theme": "culture", "description": "history of Luxemburg financial center and Spuerkee's history", "links": [{"label": "🌐 Site officiel", "url": "https://www.bcee.lu/"}, {"label": "🔗 Wikipédia", "url": "https://fr.wikipedia.org/wiki/Mus%C3%A9e_de_la_Banque_%28Luxembourg%29"}, {"label": "🔎 Infos", "url": "https://www.google.com/search?q=Musee%20de%20la%20Banque%20Luxembourg"}], "photos": ["https://upload.wikimedia.org/wikipedia/commons/thumb/5/53/Luxembourg_Bankmuseum_%289%29.jpg/960px-Luxembourg_Bankmuseum_%289%29.jpg"], "details": {"horaires": "Mo-Fr 09:00-17:30", "fiche": "Référencé"}}}, {"type": "Feature", "geometry": {"type": "Point", "coordinates": [5.96402, 50.087991]}, "properties": {"id": "lu-mus-0036", "name": "Museum Moulin d'Asselborn", "theme": "culture", "description": "", "links": [{"label": "🌐 Site officiel", "url": "https://hotelvieuxmoulin.lu/"}, {"label": "🔎 Infos", "url": "https://www.google.com/search?q=Museum%20Moulin%20d%27Asselborn%20Luxembourg"}], "photos": [], "details": {"fiche": "Référencé"}}}, {"type": "Feature", "geometry": {"type": "Point", "coordinates": [6.030224, 50.05434]}, "properties": {"id": "lu-mus-0037", "name": "Museum der Modelle der Schlösser und Burgen Luxemburgs", "theme": "culture", "description": "Le château de Clervaux (en luxembourgeois : Schlass Klierf et en allemand : Schloss Clerf), est un château fort qui date du XIIe siècle ; il surplombe le village éponyme, Clervaux, au milieu du paysage ardennais.", "links": [{"label": "🌐 Site officiel", "url": "https://www.clervaux.lu/"}, {"label": "🔗 Wikipédia", "url": "https://fr.wikipedia.org/wiki/Ch%C3%A2teau_de_Clervaux"}, {"label": "🔎 Infos", "url": "https://www.google.com/search?q=Museum%20der%20Modelle%20der%20Schl%C3%B6sser%20und%20Burgen%20Luxemburgs%20Luxembourg"}], "photos": ["https://upload.wikimedia.org/wikipedia/commons/thumb/6/61/Clervaux_Castle_6.JPG/960px-Clervaux_Castle_6.JPG"], "details": {"horaires": "Aug 11-Apr 30 Sa-Su 10:00-18:00; May 01-Aug 10 Tu-Su 10:00-18:00", "fiche": "Référencé"}}}, {"type": "Feature", "geometry": {"type": "Point", "coordinates": [6.204982, 49.933453]}, "properties": {"id": "lu-mus-0038", "name": "Museum of Caricature et Cartoon", "theme": "culture", "description": "Vianden (en luxembourgeois : Veianen) est une ville luxembourgeoise située dans le canton du même nom.", "links": [{"label": "🔗 Wikipédia", "url": "https://fr.wikipedia.org/wiki/Vianden"}, {"label": "🔎 Infos", "url": "https://www.google.com/search?q=Museum%20of%20Caricature%20et%20Cartoon%20Luxembourg"}], "photos": ["https://upload.wikimedia.org/wikipedia/commons/thumb/e/e8/Vianden_overview.jpg/960px-Vianden_overview.jpg"], "details": {"fiche": "Référencé"}}}, {"type": "Feature", "geometry": {"type": "Point", "coordinates": [5.938316, 49.96627]}, "properties": {"id": "lu-mus-0039", "name": "Museum of the Battle of the Bulge", "theme": "culture", "description": "", "links": [{"label": "🌐 Site officiel", "url": "https://www.wiltz.lu/de/tourismus/kultur-kunst/museen-2"}, {"label": "🔎 Infos", "url": "https://www.google.com/search?q=Museum%20of%20the%20Battle%20of%20the%20Bulge%20Luxembourg"}], "photos": [], "details": {"fiche": "Référencé"}}}, {"type": "Feature", "geometry": {"type": "Point", "coordinates": [5.763832, 49.809918]}, "properties": {"id": "lu-mus-0040", "name": "Musée 385th bomb group", "theme": "culture", "description": "", "links": [{"label": "🌐 Site officiel", "url": "https://www.385bg.lu/"}, {"label": "🔎 Infos", "url": "https://www.google.com/search?q=Mus%C3%A9e%20385th%20bomb%20group%20Luxembourg"}], "photos": [], "details": {"fiche": "Référencé"}}}, {"type": "Feature", "geometry": {"type": "Point", "coordinates": [6.139297, 49.616395]}, "properties": {"id": "lu-mus-0041", "name": "Musée Dräi Eechelen", "theme": "culture", "description": "Le musée Dräi Eechelen (soit en traduction littérale depuis le luxembourgeois : Musée des trois glands) est un musée situé dans le quartier Kirchberg de Luxembourg-Ville, Luxembourg.", "links": [{"label": "🌐 Site officiel", "url": "https://m3e.public.lu/fr.html"}, {"label": "🔗 Wikipédia", "url": "https://fr.wikipedia.org/wiki/Mus%C3%A9e_Dr%C3%A4i_Eechelen"}, {"label": "🔎 Infos", "url": "https://www.google.com/search?q=Mus%C3%A9e%20Dr%C3%A4i%20Eechelen%20Luxembourg"}], "photos": ["https://upload.wikimedia.org/wikipedia/commons/thumb/f/f4/Fort_Th%C3%BCngen_-_Mus%C3%A9e_Dr%C3%A4i_Eechelen_2017-04.jpg/960px-Fort_Th%C3%BCngen_-_Mus%C3%A9e_Dr%C3%A4i_Eechelen_2017-04.jpg"], "details": {"horaires": "Tu,Th-Su,PH 10:00-18:00; We 10:00-20:00", "fiche": "Référencé"}}}, {"type": "Feature", "geometry": {"type": "Point", "coordinates": [5.837865, 49.526305]}, "properties": {"id": "lu-mus-0042", "name": "Musée Eugène Pesch", "theme": "culture", "description": "", "links": [{"label": "🌐 Site officiel", "url": "http://www.fond-de-gras.lu"}, {"label": "🔎 Infos", "url": "https://www.google.com/search?q=Mus%C3%A9e%20Eug%C3%A8ne%20Pesch%20Luxembourg"}], "photos": [], "details": {"horaires": "May-Sep Su 14:00-18:00", "fiche": "Référencé"}}}, {"type": "Feature", "geometry": {"type": "Point", "coordinates": [6.167867, 49.964287]}, "properties": {"id": "lu-mus-0043", "name": "Musée Koffergrouf Stolzembourg", "theme": "culture", "description": "", "links": [{"label": "🌐 Site officiel", "url": "https://www.stolzembourg.lu/kupfermine/"}, {"label": "🔎 Infos", "url": "https://www.google.com/search?q=Mus%C3%A9e%20Koffergrouf%20Stolzembourg%20Luxembourg"}], "photos": [], "details": {"fiche": "Référencé"}}}, {"type": "Feature", "geometry": {"type": "Point", "coordinates": [5.953199, 49.796373]}, "properties": {"id": "lu-mus-0044", "name": "Musée Michel Lucius", "theme": "culture", "description": "", "links": [{"label": "🌐 Site officiel", "url": "https://www.museemichellucius.lu/"}, {"label": "🔎 Infos", "url": "https://www.google.com/search?q=Mus%C3%A9e%20Michel%20Lucius%20Luxembourg"}], "photos": [], "details": {"fiche": "Référencé"}}}, {"type": "Feature", "geometry": {"type": "Point", "coordinates": [5.975892, 49.492369]}, "properties": {"id": "lu-mus-0045", "name": "Musée National de la Résistance", "theme": "culture", "description": "", "links": [{"label": "🌐 Site officiel", "url": "https://mnr.lu/"}, {"label": "🔎 Infos", "url": "https://www.google.com/search?q=Mus%C3%A9e%20National%20de%20la%20R%C3%A9sistance%20Luxembourg"}], "photos": [], "details": {"horaires": "Tu-Su 14:00-18:00", "fiche": "Référencé"}}}, {"type": "Feature", "geometry": {"type": "Point", "coordinates": [6.03667, 50.117393]}, "properties": {"id": "lu-mus-0046", "name": "Musée Rural A Schiewesch", "theme": "culture", "description": "", "links": [{"label": "🌐 Site officiel", "url": "https://www.museebinsfeld.lu"}, {"label": "🔎 Infos", "url": "https://www.google.com/search?q=Mus%C3%A9e%20Rural%20A%20Schiewesch%20Luxembourg"}], "photos": [], "details": {"fiche": "Référencé"}}}, {"type": "Feature", "geometry": {"type": "Point", "coordinates": [6.129926, 49.523653]}, "properties": {"id": "lu-mus-0047", "name": "Musée Rural et Artisanal", "theme": "culture", "description": "", "links": [{"label": "🌐 Site officiel", "url": "https://www.musee-rural.lu/"}, {"label": "🔎 Infos", "url": "https://www.google.com/search?q=Mus%C3%A9e%20Rural%20et%20Artisanal%20Luxembourg"}], "photos": [], "details": {"fiche": "Référencé"}}}, {"type": "Feature", "geometry": {"type": "Point", "coordinates": [6.498417, 49.803886]}, "properties": {"id": "lu-mus-0048", "name": "Musée Tudor sur l'électricité et les accumulateurs", "theme": "culture", "description": "Rosport (en luxembourgeois : Rouspert) est une section, une ancienne commune, un village et le chef-lieu de la commune luxembourgeoise de Rosport-Mompach située dans le canton d'Echternach.", "links": [{"label": "🌐 Site officiel", "url": "https://www.musee-tudor.lu/"}, {"label": "🔗 Wikipédia", "url": "https://fr.wikipedia.org/wiki/Rosport"}, {"label": "🔎 Infos", "url": "https://www.google.com/search?q=Mus%C3%A9e%20Tudor%20sur%20l%27%C3%A9lectricit%C3%A9%20et%20les%20accumulateurs%20Luxembourg"}], "photos": ["https://upload.wikimedia.org/wikipedia/commons/thumb/0/06/Henri_Tudor_house_Rosport_Luxembourg.jpg/960px-Henri_Tudor_house_Rosport_Luxembourg.jpg"], "details": {"fiche": "Référencé"}}}, {"type": "Feature", "geometry": {"type": "Point", "coordinates": [6.15844, 49.868202]}, "properties": {"id": "lu-mus-0049", "name": "Musée d'Histoire de la Brasserie Diekirch", "theme": "culture", "description": "", "links": [{"label": "🌐 Site officiel", "url": "http://www.luxem.beer/"}, {"label": "🔎 Infos", "url": "https://www.google.com/search?q=Mus%C3%A9e%20d%27Histoire%20de%20la%20Brasserie%20Diekirch%20Luxembourg"}], "photos": [], "details": {"horaires": "Tu-Su 10:00-18:00", "fiche": "Référencé"}}}, {"type": "Feature", "geometry": {"type": "Point", "coordinates": [6.161587, 49.868909]}, "properties": {"id": "lu-mus-0050", "name": "Musée d'Histoire(s) de la ville de Diekirch", "theme": "culture", "description": "", "links": [{"label": "🌐 Site officiel", "url": "http://www.mhsd.lu/"}, {"label": "🔎 Infos", "url": "https://www.google.com/search?q=Mus%C3%A9e%20d%27Histoire%28s%29%20de%20la%20ville%20de%20Diekirch%20Luxembourg"}], "photos": [], "details": {"horaires": "Tu-Su 10:00-18:00", "fiche": "Référencé"}}}, {"type": "Feature", "geometry": {"type": "Point", "coordinates": [6.127589, 49.523044]}, "properties": {"id": "lu-mus-0051", "name": "Musée de Calèche", "theme": "culture", "description": "", "links": [{"label": "🔎 Infos", "url": "https://www.google.com/search?q=Mus%C3%A9e%20de%20Cal%C3%A8che%20Luxembourg"}], "photos": [], "details": {"fiche": "À vérifier"}}}, {"type": "Feature", "geometry": {"type": "Point", "coordinates": [6.102746, 49.599069]}, "properties": {"id": "lu-mus-0052", "name": "Musée de Tramways et de Bus", "theme": "culture", "description": "Le musée des tramways et de bus de la ville de Luxembourg, ou Tramsmusée, est un musée de la ville de Luxembourg, situé rue de Bouillon dans le quartier d'Hollerich.", "links": [{"label": "🔗 Wikipédia", "url": "https://fr.wikipedia.org/wiki/Mus%C3%A9e_des_tramways_et_de_bus_de_la_ville_de_Luxembourg"}, {"label": "🔎 Infos", "url": "https://www.google.com/search?q=Mus%C3%A9e%20de%20Tramways%20et%20de%20Bus%20Luxembourg"}], "photos": ["https://upload.wikimedia.org/wikipedia/commons/thumb/f/fa/Luxemburg_trammuseum_5.jpg/960px-Luxemburg_trammuseum_5.jpg"], "details": {"horaires": "Th 13:30-17:30; Sa-Su,PH 10:00-18:00", "fiche": "Référencé"}}}, {"type": "Feature", "geometry": {"type": "Point", "coordinates": [6.421838, 49.813593]}, "properties": {"id": "lu-mus-0053", "name": "Musée de l'Abbaye", "theme": "culture", "description": "L’abbaye d'Echternach est un ancien monastère de moines bénédictins sis au bord de la Sûre, à Echternach au Luxembourg.", "links": [{"label": "🌐 Site officiel", "url": "http://museedelabbaye.lu/"}, {"label": "🔗 Wikipédia", "url": "https://fr.wikipedia.org/wiki/Abbaye_d%27Echternach"}, {"label": "🔎 Infos", "url": "https://www.google.com/search?q=Mus%C3%A9e%20de%20l%27Abbaye%20Luxembourg"}], "photos": ["https://upload.wikimedia.org/wikipedia/commons/thumb/5/57/St._Willibrord_Basilika%2C_Echternach-3713.jpg/960px-St._Willibrord_Basilika%2C_Echternach-3713.jpg"], "details": {"fiche": "Référencé"}}}, {"type": "Feature", "geometry": {"type": "Point", "coordinates": [5.753803, 49.824758]}, "properties": {"id": "lu-mus-0054", "name": "Musée de l'Ardoise", "theme": "culture", "description": "", "links": [{"label": "🌐 Site officiel", "url": "https://www.ardoise.lu"}, {"label": "🔎 Infos", "url": "https://www.google.com/search?q=Mus%C3%A9e%20de%20l%27Ardoise%20Luxembourg"}], "photos": [], "details": {"fiche": "Référencé"}}}, {"type": "Feature", "geometry": {"type": "Point", "coordinates": [6.282444, 49.501162]}, "properties": {"id": "lu-mus-0055", "name": "Musée de l'aviation", "theme": "culture", "description": "Le centre thermal de Mondorf-les-Bains, officiellement Centre thermal et de santé de Mondorf-les-Bains, est l'unique centre thermal du Luxembourg, situé à Mondorf-les-Bains au sud du pays à la frontière avec la France (Mondorff).", "links": [{"label": "🔗 Wikipédia", "url": "https://fr.wikipedia.org/wiki/Centre_thermal_de_Mondorf-les-Bains"}, {"label": "🔎 Infos", "url": "https://www.google.com/search?q=Mus%C3%A9e%20de%20l%27aviation%20Luxembourg"}], "photos": ["https://upload.wikimedia.org/wikipedia/commons/thumb/9/9b/Kurpark_Munneref_Al_Thermen.jpg/960px-Kurpark_Munneref_Al_Thermen.jpg"], "details": {"horaires": "We-Su 14:00-18:00", "fiche": "Référencé"}}}, {"type": "Feature", "geometry": {"type": "Point", "coordinates": [6.029841, 50.054338]}, "properties": {"id": "lu-mus-0056", "name": "Musée de la Bataille des Ardennes", "theme": "culture", "description": "Le château de Clervaux (en luxembourgeois : Schlass Klierf et en allemand : Schloss Clerf), est un château fort qui date du XIIe siècle ; il surplombe le village éponyme, Clervaux, au milieu du paysage ardennais.", "links": [{"label": "🌐 Site officiel", "url": "https://clervaux.lu"}, {"label": "🔗 Wikipédia", "url": "https://fr.wikipedia.org/wiki/Ch%C3%A2teau_de_Clervaux"}, {"label": "🔎 Infos", "url": "https://www.google.com/search?q=Mus%C3%A9e%20de%20la%20Bataille%20des%20Ardennes%20Luxembourg"}], "photos": ["https://upload.wikimedia.org/wikipedia/commons/thumb/6/61/Clervaux_Castle_6.JPG/960px-Clervaux_Castle_6.JPG"], "details": {"horaires": "Aug 11-Apr 30 Sa-Su 10:00-18:00; May 01-Aug 10 Tu-Su 10:00-18:00", "fiche": "Référencé"}}}, {"type": "Feature", "geometry": {"type": "Point", "coordinates": [6.139211, 49.60612]}, "properties": {"id": "lu-mus-0057", "name": "Musée de la Police Grand-Ducale", "theme": "culture", "description": "La Chambre des salariés ou CSL (en luxembourgeois : Salariatskummer) est une chambre professionnelle responsable de la représentation des salariés du secteur privé au Luxembourg.", "links": [{"label": "🔗 Wikipédia", "url": "https://fr.wikipedia.org/wiki/Chambre_des_salari%C3%A9s"}, {"label": "🔎 Infos", "url": "https://www.google.com/search?q=Mus%C3%A9e%20de%20la%20Police%20Grand-Ducale%20Luxembourg"}], "photos": ["https://upload.wikimedia.org/wikipedia/commons/thumb/0/06/Luxembourg%2C_Chambre_des_salari%C3%A9s_%28101%29.jpg/960px-Luxembourg%2C_Chambre_des_salari%C3%A9s_%28101%29.jpg"], "details": {"fiche": "Référencé"}}}, {"type": "Feature", "geometry": {"type": "Point", "coordinates": [6.007624, 49.675169]}, "properties": {"id": "lu-mus-0058", "name": "Musée de la Poterie", "theme": "culture", "description": "", "links": [{"label": "🔎 Infos", "url": "https://www.google.com/search?q=Mus%C3%A9e%20de%20la%20Poterie%20Luxembourg"}], "photos": [], "details": {"fiche": "À vérifier"}}}, {"type": "Feature", "geometry": {"type": "Point", "coordinates": [6.202521, 49.933587]}, "properties": {"id": "lu-mus-0059", "name": "Musée de la Ville de Vianden et du Jouet", "theme": "culture", "description": "Le château de Vianden est un château fort situé dans la ville de Vianden, au nord-est du Luxembourg.", "links": [{"label": "🌐 Site officiel", "url": "https://www.visit-vianden.lu/de/kultur-freizeit/museen-kultur"}, {"label": "🔗 Wikipédia", "url": "https://fr.wikipedia.org/wiki/Ch%C3%A2teau_de_Vianden"}, {"label": "🔎 Infos", "url": "https://www.google.com/search?q=Mus%C3%A9e%20de%20la%20Ville%20de%20Vianden%20et%20du%20Jouet%20Luxembourg"}], "photos": ["https://upload.wikimedia.org/wikipedia/commons/thumb/a/a9/Vianden_castle.jpg/960px-Vianden_castle.jpg"], "details": {"fiche": "Référencé"}}}, {"type": "Feature", "geometry": {"type": "Point", "coordinates": [6.386132, 49.600886]}, "properties": {"id": "lu-mus-0060", "name": "Musée du Vin", "theme": "culture", "description": "Ehnen (luxembourgeois : Éinen) est une section de la commune luxembourgeoise de Wormeldange située dans le canton de Grevenmacher.", "links": [{"label": "🔗 Wikipédia", "url": "https://fr.wikipedia.org/wiki/Ehnen"}, {"label": "🔎 Infos", "url": "https://www.google.com/search?q=Mus%C3%A9e%20du%20Vin%20Luxembourg"}], "photos": ["https://upload.wikimedia.org/wikipedia/commons/thumb/d/d1/Mus%C3%A9e_du_vin_Ehnen.JPG/960px-Mus%C3%A9e_du_vin_Ehnen.JPG"], "details": {"fiche": "Référencé"}}}, {"type": "Feature", "geometry": {"type": "Point", "coordinates": [6.366284, 49.470858]}, "properties": {"id": "lu-mus-0061", "name": "Musée européen Schengen", "theme": "culture", "description": "Le château de Schengen est situé dans le village de Schengen, dans le sud-est du Luxembourg et à proximité des frontières avec la France et l'Allemagne.", "links": [{"label": "🌐 Site officiel", "url": "https://www.visitschengen.lu/en/european-museum"}, {"label": "🔗 Wikipédia", "url": "https://fr.wikipedia.org/wiki/Ch%C3%A2teau_de_Schengen"}, {"label": "🔎 Infos", "url": "https://www.google.com/search?q=Mus%C3%A9e%20europ%C3%A9en%20Schengen%20Luxembourg"}], "photos": ["https://upload.wikimedia.org/wikipedia/commons/thumb/9/96/Schengener_Schlass.JPG/960px-Schengener_Schlass.JPG"], "details": {"horaires": "Mo-Su 10:00-18:00", "fiche": "Référencé"}}}, {"type": "Feature", "geometry": {"type": "Point", "coordinates": [6.159844, 49.870951]}, "properties": {"id": "lu-mus-0062", "name": "Musée militaire de Diekirch", "theme": "culture", "description": "", "links": [{"label": "🌐 Site officiel", "url": "http://www.mnhm.lu"}, {"label": "🔎 Infos", "url": "https://www.google.com/search?q=Mus%C3%A9e%20militaire%20de%20Diekirch%20Luxembourg"}], "photos": [], "details": {"horaires": "Tu-Su 10:00-18:00", "fiche": "Référencé"}}}, {"type": "Feature", "geometry": {"type": "Point", "coordinates": [6.135605, 49.609699]}, "properties": {"id": "lu-mus-0063", "name": "Musée national d'histoire naturelle", "theme": "culture", "description": "Le Musée national d'histoire naturelle du Luxembourg (Nationalmusée fir Naturgeschicht en luxembourgeois, Naturmusée en version abrégée) est le musée d'histoire naturelle du Luxembourg.", "links": [{"label": "🌐 Site officiel", "url": "https://www.mnhn.lu/"}, {"label": "🔗 Wikipédia", "url": "https://fr.wikipedia.org/wiki/Mus%C3%A9e_national_d%27histoire_naturelle_du_Luxembourg"}, {"label": "🔎 Infos", "url": "https://www.google.com/search?q=Mus%C3%A9e%20national%20d%27histoire%20naturelle%20Luxembourg"}], "photos": ["https://upload.wikimedia.org/wikipedia/commons/thumb/3/3c/MNHNL_01_Luxembourg.jpg/960px-MNHNL_01_Luxembourg.jpg"], "details": {"horaires": "We-Su 10:00-18:00; Tu 10:00-20:00", "fiche": "Référencé"}}}, {"type": "Feature", "geometry": {"type": "Point", "coordinates": [6.13372, 49.611717]}, "properties": {"id": "lu-mus-0064", "name": "Musée national d'histore et d'art Luxembourg", "theme": "culture", "description": "Luxembourg (en luxembourgeois : Lëtzebuerg  ; en allemand : Luxemburg), communément appelée Luxembourg-Ville (pour la distinguer du pays) ou simplement d’Stad (« la Ville » en luxembourgeois), est la capitale du grand-duché de Luxembourg, ainsi que la plus grande ville du pays, avec 137 696 habitant", "links": [{"label": "🌐 Site officiel", "url": "https://www.nationalmusee.lu/"}, {"label": "🔗 Wikipédia", "url": "https://fr.wikipedia.org/wiki/Luxembourg_%28ville%29"}, {"label": "🔎 Infos", "url": "https://www.google.com/search?q=Mus%C3%A9e%20national%20d%27histore%20et%20d%27art%20Luxembourg%20Luxembourg"}], "photos": ["https://upload.wikimedia.org/wikipedia/commons/thumb/d/dc/Luxemb_City_Hotel_de_ville_01.jpg/960px-Luxemb_City_Hotel_de_ville_01.jpg"], "details": {"horaires": "Fr-We 10:00-18:00; Th 10:00-20:00", "fiche": "Référencé"}}}, {"type": "Feature", "geometry": {"type": "Point", "coordinates": [6.022899, 49.460805]}, "properties": {"id": "lu-mus-0065", "name": "Musée national des Mines", "theme": "culture", "description": "", "links": [{"label": "🌐 Site officiel", "url": "http://www.mnm.lu/"}, {"label": "🔎 Infos", "url": "https://www.google.com/search?q=Mus%C3%A9e%20national%20des%20Mines%20Luxembourg"}], "photos": [], "details": {"horaires": "Apr-Jun,Sep Th-Su 14:00-18:00; Jun-Jul Tu-Su 14:00-18:00; \"For groups (at least 16 people): open in the whole year, also in the morning. Reservation requested.\"", "fiche": "Référencé"}}}, {"type": "Feature", "geometry": {"type": "Point", "coordinates": [6.021234, 49.461281]}, "properties": {"id": "lu-mus-0066", "name": "Musée national des Mines", "theme": "culture", "description": "", "links": [{"label": "🔎 Infos", "url": "https://www.google.com/search?q=Mus%C3%A9e%20national%20des%20Mines%20Luxembourg"}], "photos": [], "details": {"fiche": "À vérifier"}}}, {"type": "Feature", "geometry": {"type": "Point", "coordinates": [5.94719, 49.501547]}, "properties": {"id": "lu-mus-0067", "name": "Möllerei", "theme": "culture", "description": "", "links": [{"label": "🌐 Site officiel", "url": "https://www.fonds-belval.lu"}, {"label": "🔎 Infos", "url": "https://www.google.com/search?q=M%C3%B6llerei%20Luxembourg"}], "photos": [], "details": {"horaires": "Mo-Su 10:00-19:00", "fiche": "Référencé"}}}, {"type": "Feature", "geometry": {"type": "Point", "coordinates": [5.938118, 49.966222]}, "properties": {"id": "lu-mus-0068", "name": "National Brewery Museum", "theme": "culture", "description": "", "links": [{"label": "🌐 Site officiel", "url": "http://www.beiermusee.lu"}, {"label": "🔎 Infos", "url": "https://www.google.com/search?q=National%20Brewery%20Museum%20Luxembourg"}], "photos": [], "details": {"fiche": "Référencé"}}}, {"type": "Feature", "geometry": {"type": "Point", "coordinates": [5.937963, 49.966285]}, "properties": {"id": "lu-mus-0069", "name": "National Tannery Museum", "theme": "culture", "description": "", "links": [{"label": "🌐 Site officiel", "url": "https://www.wiltz.lu/de/tourismus/kultur-kunst/museen-2"}, {"label": "🔎 Infos", "url": "https://www.google.com/search?q=National%20Tannery%20Museum%20Luxembourg"}], "photos": [], "details": {"fiche": "Référencé"}}}, {"type": "Feature", "geometry": {"type": "Point", "coordinates": [5.930521, 49.907121]}, "properties": {"id": "lu-mus-0070", "name": "Naturparkausstellung", "theme": "culture", "description": "", "links": [{"label": "🌐 Site officiel", "url": "https://www.naturpark-sure.lu/"}, {"label": "🔎 Infos", "url": "https://www.google.com/search?q=Naturparkausstellung%20Luxembourg"}], "photos": [], "details": {"horaires": "Apr-Jun,Sep-Oct Mo-Fr 10:00-12:00,14:00-18:00; Apr-Jun,Sep-Oct Sa-Su 14:00-18:00; Nov-Mar Mo-Fr 10:00-12:00,14:00-17:00; Nov-Mar Sa-Su 14:00-17:00; Jul-Aug 10:00-18:00", "fiche": "Référencé"}}}, {"type": "Feature", "geometry": {"type": "Point", "coordinates": [5.922388, 49.742039]}, "properties": {"id": "lu-mus-0071", "name": "Näerdener Gare: Musée chemins de fer régionaux", "theme": "culture", "description": "La gare de Noerdange est une gare ferroviaire luxembourgeoise de la Ligne de l'Attert, située dans la localité de Noerdange, sur le territoire de la commune de Beckerich, dans le canton de Redange.", "links": [{"label": "🔗 Wikipédia", "url": "https://fr.wikipedia.org/wiki/Gare_de_Noerdange"}, {"label": "🔎 Infos", "url": "https://www.google.com/search?q=N%C3%A4erdener%20Gare%3A%20Mus%C3%A9e%20chemins%20de%20fer%20r%C3%A9gionaux%20Luxembourg"}], "photos": ["https://upload.wikimedia.org/wikipedia/commons/thumb/d/d7/Mus%C3%A9e_N%C3%A4erdener_Gare%2C_Noerdange.JPG/960px-Mus%C3%A9e_N%C3%A4erdener_Gare%2C_Noerdange.JPG"], "details": {"fiche": "Référencé"}}}, {"type": "Feature", "geometry": {"type": "Point", "coordinates": [5.92453, 49.966728]}, "properties": {"id": "lu-mus-0072", "name": "PLOMM Kannermusée", "theme": "culture", "description": "", "links": [{"label": "🌐 Site officiel", "url": "https://www.plomm.lu/"}, {"label": "🔎 Infos", "url": "https://www.google.com/search?q=PLOMM%20Kannermus%C3%A9e%20Luxembourg"}], "photos": [], "details": {"fiche": "Référencé"}}}, {"type": "Feature", "geometry": {"type": "Point", "coordinates": [5.857471, 49.535393]}, "properties": {"id": "lu-mus-0073", "name": "Parc Industriel et Ferroviaire du Fond-de-Gras", "theme": "culture", "description": "Le Minett Park Fond-de-Gras est un musée à ciel ouvert au Luxembourg incluant le Fond-de-Gras, le village Lasauvage, l'ancienne mine à ciel ouvert Giele Botter, le site archéologique du Titelberg et les trains touristiques Train 1900 (Ligne Pétange - Fond-de-Gras - Doihl) et le train minier Minières", "links": [{"label": "🌐 Site officiel", "url": "http://www.fond-de-gras.lu/"}, {"label": "🔗 Wikipédia", "url": "https://fr.wikipedia.org/wiki/Minett_Park_Fond-de-Gras"}, {"label": "🔎 Infos", "url": "https://www.google.com/search?q=Parc%20Industriel%20et%20Ferroviaire%20du%20Fond-de-Gras%20Luxembourg"}], "photos": ["https://upload.wikimedia.org/wikipedia/commons/thumb/0/0f/Entr%C3%A9e_Mini%C3%A8re_Dhoil_01.jpg/960px-Entr%C3%A9e_Mini%C3%A8re_Dhoil_01.jpg"], "details": {"fiche": "Référencé"}}}, {"type": "Feature", "geometry": {"type": "Point", "coordinates": [5.939371, 50.058528]}, "properties": {"id": "lu-mus-0074", "name": "Park Sënnesräich", "theme": "culture", "description": "", "links": [{"label": "🌐 Site officiel", "url": "https://www.sennesraich.lu/"}, {"label": "🔎 Infos", "url": "https://www.google.com/search?q=Park%20S%C3%ABnnesr%C3%A4ich%20Luxembourg"}], "photos": [], "details": {"horaires": "misc; Sat-Sun 10:00-17:00", "fiche": "Référencé"}}}, {"type": "Feature", "geometry": {"type": "Point", "coordinates": [6.081639, 49.473399]}, "properties": {"id": "lu-mus-0075", "name": "Pomhouse", "theme": "culture", "description": "", "links": [{"label": "🔎 Infos", "url": "https://www.google.com/search?q=Pomhouse%20Luxembourg"}], "photos": [], "details": {"fiche": "À vérifier"}}}, {"type": "Feature", "geometry": {"type": "Point", "coordinates": [5.928019, 49.967989]}, "properties": {"id": "lu-mus-0076", "name": "Pompjeesmusee", "theme": "culture", "description": "La gare de Wiltz est une gare ferroviaire luxembourgeoise de la ligne 1b de Kautenbach à Wiltz, située à proximité du centre-ville de Wiltz, dans le canton de Wiltz.", "links": [{"label": "🌐 Site officiel", "url": "https://www.pompjeesmusee.lu/"}, {"label": "🔗 Wikipédia", "url": "https://fr.wikipedia.org/wiki/Gare_de_Wiltz"}, {"label": "🔎 Infos", "url": "https://www.google.com/search?q=Pompjeesmusee%20Luxembourg"}], "photos": ["https://upload.wikimedia.org/wikipedia/commons/thumb/8/8d/Gare-Wolz-w.jpg/960px-Gare-Wolz-w.jpg"], "details": {"fiche": "Référencé"}}}, {"type": "Feature", "geometry": {"type": "Point", "coordinates": [6.115349, 49.767797]}, "properties": {"id": "lu-mus-0077", "name": "Pompjeesmusee Gemeng Miersch", "theme": "culture", "description": "", "links": [{"label": "🌐 Site officiel", "url": "https://www.pjm.lu/"}, {"label": "🔎 Infos", "url": "https://www.google.com/search?q=Pompjeesmusee%20Gemeng%20Miersch%20Luxembourg"}], "photos": [], "details": {"horaires": "\"by appointment\"", "fiche": "Référencé"}}}, {"type": "Feature", "geometry": {"type": "Point", "coordinates": [5.989596, 50.000038]}, "properties": {"id": "lu-mus-0078", "name": "Rackésmillen", "theme": "culture", "description": "", "links": [{"label": "🌐 Site officiel", "url": "https://robbesscheier.lu"}, {"label": "🔎 Infos", "url": "https://www.google.com/search?q=Rack%C3%A9smillen%20Luxembourg"}], "photos": [], "details": {"fiche": "Référencé"}}}, {"type": "Feature", "geometry": {"type": "Point", "coordinates": [6.130388, 49.611264]}, "properties": {"id": "lu-mus-0079", "name": "Ratskeller", "theme": "culture", "description": "Le centre culturel et de congrès « Cercle Cité » fait référence à deux structures reliées par une passerelle situées au niveau de la place d'Armes, dans le cœur historique du quartier de la Ville-Haute à Luxembourg :\n\nle Cercle municipal, un bâtiment comprenant plusieurs salles de réception ainsi qu", "links": [{"label": "🌐 Site officiel", "url": "https://cerclecite.lu/"}, {"label": "🔗 Wikipédia", "url": "https://fr.wikipedia.org/wiki/Cercle_Cit%C3%A9"}, {"label": "🔎 Infos", "url": "https://www.google.com/search?q=Ratskeller%20Luxembourg"}], "photos": ["https://upload.wikimedia.org/wikipedia/commons/thumb/a/a2/Cercle_municipal_in_Luxembourg_City_02.jpg/960px-Cercle_municipal_in_Luxembourg_City_02.jpg"], "details": {"horaires": "Mo-Su 11:00-19:00", "fiche": "Référencé"}}}, {"type": "Feature", "geometry": {"type": "Point", "coordinates": [6.038178, 50.032773]}, "properties": {"id": "lu-mus-0080", "name": "Robbesscheier", "theme": "culture", "description": "", "links": [{"label": "🌐 Site officiel", "url": "https://www.robbesscheier.lu/de"}, {"label": "🔎 Infos", "url": "https://www.google.com/search?q=Robbesscheier%20Luxembourg"}], "photos": [], "details": {"fiche": "Référencé"}}}, {"type": "Feature", "geometry": {"type": "Point", "coordinates": [6.411901, 49.804011]}, "properties": {"id": "lu-mus-0081", "name": "Réimer Villa Echternach", "theme": "culture", "description": "La villa romaine d'Echternach constitue l'un des domaines les plus importants de l'époque romaine découverts lors de fouilles archéologiques.", "links": [{"label": "🌐 Site officiel", "url": "https://www.mnaha.lu/de/romische-villa-echternach"}, {"label": "🔗 Wikipédia", "url": "https://fr.wikipedia.org/wiki/Villa_romaine_d%27Echternach"}, {"label": "🔎 Infos", "url": "https://www.google.com/search?q=R%C3%A9imer%20Villa%20Echternach%20Luxembourg"}], "photos": ["https://upload.wikimedia.org/wikipedia/commons/thumb/d/da/R%C3%A9imervilla_Iecht_mat_Maquette_w_351.jpg/960px-R%C3%A9imervilla_Iecht_mat_Maquette_w_351.jpg"], "details": {"horaires": "\"Open from Easter until late September\": Tu-Su 10:00-12:00,13:00-17:00; Mo off", "fiche": "Référencé"}}}, {"type": "Feature", "geometry": {"type": "Point", "coordinates": [5.971042, 50.09491]}, "properties": {"id": "lu-mus-0082", "name": "Schreibmuseum und ehemaliges Klassenzimmer", "theme": "culture", "description": "", "links": [{"label": "🌐 Site officiel", "url": "http://relaispostal.lu/"}, {"label": "🔎 Infos", "url": "https://www.google.com/search?q=Schreibmuseum%20und%20ehemaliges%20Klassenzimmer%20Luxembourg"}], "photos": [], "details": {"fiche": "Référencé"}}}, {"type": "Feature", "geometry": {"type": "Point", "coordinates": [6.219424, 49.78401]}, "properties": {"id": "lu-mus-0083", "name": "Textil Musée Larochette", "theme": "culture", "description": "Le château de Larochette (en luxembourgeois: Buerg Fiels) est un ensemble de ruines médiévales dominant la petite ville de Larochette, au centre du Grand-Duché de Luxembourg.", "links": [{"label": "🌐 Site officiel", "url": "https://textilmuseelarochette.lu/en/"}, {"label": "🔗 Wikipédia", "url": "https://fr.wikipedia.org/wiki/Ch%C3%A2teau_de_Larochette"}, {"label": "🔎 Infos", "url": "https://www.google.com/search?q=Textil%20Mus%C3%A9e%20Larochette%20Luxembourg"}], "photos": ["https://upload.wikimedia.org/wikipedia/commons/d/d2/Fiels_Buerg.jpg"], "details": {"fiche": "Référencé"}}}, {"type": "Feature", "geometry": {"type": "Point", "coordinates": [6.030041, 50.054511]}, "properties": {"id": "lu-mus-0084", "name": "The Family of Man", "theme": "culture", "description": "Le château de Clervaux (en luxembourgeois : Schlass Klierf et en allemand : Schloss Clerf), est un château fort qui date du XIIe siècle ; il surplombe le village éponyme, Clervaux, au milieu du paysage ardennais.", "links": [{"label": "🌐 Site officiel", "url": "https://www.steichencollections-cna.lu/"}, {"label": "🔗 Wikipédia", "url": "https://fr.wikipedia.org/wiki/Ch%C3%A2teau_de_Clervaux"}, {"label": "🔎 Infos", "url": "https://www.google.com/search?q=The%20Family%20of%20Man%20Luxembourg"}], "photos": ["https://upload.wikimedia.org/wikipedia/commons/thumb/6/61/Clervaux_Castle_6.JPG/960px-Clervaux_Castle_6.JPG"], "details": {"horaires": "We-Su 12:00-18:00", "fiche": "Référencé"}}}, {"type": "Feature", "geometry": {"type": "Point", "coordinates": [5.900054, 49.849692]}, "properties": {"id": "lu-mus-0085", "name": "Thillenvogtei", "theme": "culture", "description": "Die Thillenvogtei in Rindschleiden, einem Ortsteil der Gemeinde Grosbous-Wahl, ist ein Dorfmuseum.", "links": [{"label": "🌐 Site officiel", "url": "http://www.thillenvogtei.lu"}, {"label": "🔗 Wikipédia", "url": "https://de.wikipedia.org/wiki/Thillenvogtei"}, {"label": "🔎 Infos", "url": "https://www.google.com/search?q=Thillenvogtei%20Luxembourg"}], "photos": ["https://upload.wikimedia.org/wikipedia/commons/thumb/b/b1/Thillenvogtei_Rindschleiden.jpg/960px-Thillenvogtei_Rindschleiden.jpg"], "details": {"fiche": "Référencé"}}}, {"type": "Feature", "geometry": {"type": "Point", "coordinates": [5.930758, 49.907163]}, "properties": {"id": "lu-mus-0086", "name": "Tuchfabrik", "theme": "culture", "description": "", "links": [{"label": "🌐 Site officiel", "url": "https://www.naturpark-sure.lu/"}, {"label": "🔎 Infos", "url": "https://www.google.com/search?q=Tuchfabrik%20Luxembourg"}], "photos": [], "details": {"horaires": "Apr-Jun,Sep-Oct Mo-Fr 10:00-12:00,14:00-18:00; Apr-Jun,Sep-Oct Sa-Su 14:00-18:00; Nov-Mar Mo-Fr 10:00-12:00,14:00-17:00; Nov-Mar Sa-Su 14:00-17:00; Jul-Aug 10:00-18:00", "fiche": "Référencé"}}}, {"type": "Feature", "geometry": {"type": "Point", "coordinates": [6.412112, 49.804418]}, "properties": {"id": "lu-mus-0087", "name": "Villa Romana", "theme": "culture", "description": "La villa romaine d'Echternach constitue l'un des domaines les plus importants de l'époque romaine découverts lors de fouilles archéologiques.", "links": [{"label": "🌐 Site officiel", "url": "https://www.mnha.lu/"}, {"label": "🔗 Wikipédia", "url": "https://fr.wikipedia.org/wiki/Villa_romaine_d%27Echternach"}, {"label": "🔎 Infos", "url": "https://www.google.com/search?q=Villa%20Romana%20Luxembourg"}], "photos": ["https://upload.wikimedia.org/wikipedia/commons/thumb/d/da/R%C3%A9imervilla_Iecht_mat_Maquette_w_351.jpg/960px-R%C3%A9imervilla_Iecht_mat_Maquette_w_351.jpg"], "details": {"horaires": "Apr-Sep: Tu-Su 10:00-12:00,13:00-17:00", "fiche": "Référencé"}}}, {"type": "Feature", "geometry": {"type": "Point", "coordinates": [6.122488, 49.613107]}, "properties": {"id": "lu-mus-0088", "name": "Villa Vauban", "theme": "culture", "description": "La Villa Vauban est un musée d'art situé à Luxembourg-Ville.", "links": [{"label": "🌐 Site officiel", "url": "https://villavauban.lu/"}, {"label": "🔗 Wikipédia", "url": "https://fr.wikipedia.org/wiki/Villa_Vauban"}, {"label": "🔎 Infos", "url": "https://www.google.com/search?q=Villa%20Vauban%20Luxembourg"}], "photos": ["https://upload.wikimedia.org/wikipedia/commons/thumb/d/d7/Villa_Vauban_Luxembourg_02.jpg/960px-Villa_Vauban_Luxembourg_02.jpg"], "details": {"horaires": "We-Mo 10:00-18:00, Fr 10:00-21:00", "fiche": "Référencé"}}}, {"type": "Feature", "geometry": {"type": "Point", "coordinates": [6.082237, 49.778875]}, "properties": {"id": "lu-mus-0089", "name": "Vitarium by Luxlait", "theme": "culture", "description": "", "links": [{"label": "🌐 Site officiel", "url": "https://www.vitarium.lu/"}, {"label": "🔎 Infos", "url": "https://www.google.com/search?q=Vitarium%20by%20Luxlait%20Luxembourg"}], "photos": [], "details": {"fiche": "Référencé"}}}, {"type": "Feature", "geometry": {"type": "Point", "coordinates": [6.081904, 49.473388]}, "properties": {"id": "lu-mus-0090", "name": "Waassertuerm", "theme": "culture", "description": "", "links": [{"label": "🔎 Infos", "url": "https://www.google.com/search?q=Waassertuerm%20Luxembourg"}], "photos": [], "details": {"fiche": "À vérifier"}}}, {"type": "Feature", "geometry": {"type": "Point", "coordinates": [5.995821, 49.803676]}, "properties": {"id": "lu-mus-0091", "name": "replica Roman mozaic Vichten", "theme": "culture", "description": "Vichten (en luxembourgeois : Viichten ) est une localité luxembourgeoise et le chef-lieu de la commune portant le même nom située dans le canton de Redange.", "links": [{"label": "🔗 Wikipédia", "url": "https://fr.wikipedia.org/wiki/Vichten"}, {"label": "🔎 Infos", "url": "https://www.google.com/search?q=replica%20Roman%20mozaic%20Vichten%20Luxembourg"}], "photos": ["https://upload.wikimedia.org/wikipedia/commons/thumb/a/a8/Vichten_town_hall_01.jpg/960px-Vichten_town_hall_01.jpg"], "details": {"fiche": "Référencé"}}}, {"type": "Feature", "geometry": {"type": "Point", "coordinates": [6.338591, 49.824854]}, "properties": {"id": "lu-pano-0001", "name": "Adlerhorst", "theme": "panorama", "description": "Das ganze Felsmassiv hier oben mit mehreren Aussichtspunkten heißt Adlerhorst\n(New platform on Viewpoint, accessible for wheelchair)", "links": [{"label": "🔎 Infos", "url": "https://www.google.com/search?q=Adlerhorst%20Luxembourg"}], "photos": [], "details": {"fiche": "À vérifier"}}}, {"type": "Feature", "geometry": {"type": "Point", "coordinates": [6.338601, 49.825069]}, "properties": {"id": "lu-pano-0002", "name": "Adlerhorst", "theme": "panorama", "description": "Das ganze Felsmassiv hier oben mit mehreren Aussichtspunkten heißt Adlerhorst", "links": [{"label": "🔎 Infos", "url": "https://www.google.com/search?q=Adlerhorst%20Luxembourg"}], "photos": [], "details": {"fiche": "À vérifier"}}}, {"type": "Feature", "geometry": {"type": "Point", "coordinates": [6.218254, 49.701649]}, "properties": {"id": "lu-pano-0003", "name": "Altlinster", "theme": "panorama", "description": "Point de vue.", "links": [{"label": "🔎 Infos", "url": "https://www.google.com/search?q=Altlinster%20Luxembourg"}], "photos": [], "details": {"fiche": "À vérifier"}}}, {"type": "Feature", "geometry": {"type": "Point", "coordinates": [5.857568, 49.897655]}, "properties": {"id": "lu-pano-0004", "name": "Belvédère Burfelt", "theme": "panorama", "description": "Point de vue.", "links": [{"label": "🔎 Infos", "url": "https://www.google.com/search?q=Belv%C3%A9d%C3%A8re%20Burfelt%20Luxembourg"}], "photos": [], "details": {"fiche": "À vérifier"}}}, {"type": "Feature", "geometry": {"type": "Point", "coordinates": [6.361757, 49.495251]}, "properties": {"id": "lu-pano-0005", "name": "Beobachtungshütte", "theme": "panorama", "description": "Point de vue.", "links": [{"label": "🔎 Infos", "url": "https://www.google.com/search?q=Beobachtungsh%C3%BCtte%20Luxembourg"}], "photos": [], "details": {"fiche": "À vérifier"}}}, {"type": "Feature", "geometry": {"type": "Point", "coordinates": [6.357275, 49.497455]}, "properties": {"id": "lu-pano-0006", "name": "Beobachtungshütte", "theme": "panorama", "description": "Point de vue.", "links": [{"label": "🔎 Infos", "url": "https://www.google.com/search?q=Beobachtungsh%C3%BCtte%20Luxembourg"}], "photos": [], "details": {"fiche": "À vérifier"}}}, {"type": "Feature", "geometry": {"type": "Point", "coordinates": [6.360415, 49.49781]}, "properties": {"id": "lu-pano-0007", "name": "Beobachtungshütte", "theme": "panorama", "description": "Point de vue.", "links": [{"label": "🔎 Infos", "url": "https://www.google.com/search?q=Beobachtungsh%C3%BCtte%20Luxembourg"}], "photos": [], "details": {"fiche": "À vérifier"}}}, {"type": "Feature", "geometry": {"type": "Point", "coordinates": [6.354999, 49.498102]}, "properties": {"id": "lu-pano-0008", "name": "Beobachtungshütte", "theme": "panorama", "description": "Point de vue.", "links": [{"label": "🔎 Infos", "url": "https://www.google.com/search?q=Beobachtungsh%C3%BCtte%20Luxembourg"}], "photos": [], "details": {"fiche": "À vérifier"}}}, {"type": "Feature", "geometry": {"type": "Point", "coordinates": [6.359766, 49.500382]}, "properties": {"id": "lu-pano-0009", "name": "Beobachtungspunkt", "theme": "panorama", "description": "Point de vue.", "links": [{"label": "🔎 Infos", "url": "https://www.google.com/search?q=Beobachtungspunkt%20Luxembourg"}], "photos": [], "details": {"fiche": "À vérifier"}}}, {"type": "Feature", "geometry": {"type": "Point", "coordinates": [6.364569, 49.495269]}, "properties": {"id": "lu-pano-0010", "name": "Beobachtungsturm", "theme": "panorama", "description": "Point de vue.", "links": [{"label": "🔎 Infos", "url": "https://www.google.com/search?q=Beobachtungsturm%20Luxembourg"}], "photos": [], "details": {"fiche": "À vérifier"}}}, {"type": "Feature", "geometry": {"type": "Point", "coordinates": [6.364651, 49.499541]}, "properties": {"id": "lu-pano-0011", "name": "Beobachtungsturm", "theme": "panorama", "description": "Point de vue.", "links": [{"label": "🔎 Infos", "url": "https://www.google.com/search?q=Beobachtungsturm%20Luxembourg"}], "photos": [], "details": {"fiche": "À vérifier"}}}, {"type": "Feature", "geometry": {"type": "Point", "coordinates": [6.340104, 49.835829]}, "properties": {"id": "lu-pano-0012", "name": "Berdorfer Casselt", "theme": "panorama", "description": "Point de vue.", "links": [{"label": "🔎 Infos", "url": "https://www.google.com/search?q=Berdorfer%20Casselt%20Luxembourg"}], "photos": [], "details": {"fiche": "À vérifier"}}}, {"type": "Feature", "geometry": {"type": "Point", "coordinates": [5.934608, 49.913271]}, "properties": {"id": "lu-pano-0013", "name": "Bléck op Esch-Sauer", "theme": "panorama", "description": "Le château d’Esch-sur-Sûre est un château fort situé dans le village luxembourgeois d’Esch-sur-Sûre.", "links": [{"label": "🔗 Wikipédia", "url": "https://fr.wikipedia.org/wiki/Ch%C3%A2teau_d%27Esch-sur-S%C3%BBre"}, {"label": "🔎 Infos", "url": "https://www.google.com/search?q=Bl%C3%A9ck%20op%20Esch-Sauer%20Luxembourg"}], "photos": ["https://upload.wikimedia.org/wikipedia/commons/thumb/c/cc/Chateau_esch_sur_sure_1.jpg/960px-Chateau_esch_sur_sure_1.jpg"], "details": {"fiche": "Référencé"}}}, {"type": "Feature", "geometry": {"type": "Point", "coordinates": [6.136201, 49.611413]}, "properties": {"id": "lu-pano-0014", "name": "Bock", "theme": "panorama", "description": "Le Monument du Millénaire est un site archéologique et de reconstruction à Luxembourg-ville, dans le sud du Luxembourg.", "links": [{"label": "🔗 Wikipédia", "url": "https://fr.wikipedia.org/wiki/Monument_du_Mill%C3%A9naire_%28Luxembourg%29"}, {"label": "🔎 Infos", "url": "https://www.google.com/search?q=Bock%20Luxembourg"}], "photos": [], "details": {"fiche": "Référencé"}}}, {"type": "Feature", "geometry": {"type": "Point", "coordinates": [6.026719, 49.951233]}, "properties": {"id": "lu-pano-0015", "name": "Bomm", "theme": "panorama", "description": "Point de vue.", "links": [{"label": "🔎 Infos", "url": "https://www.google.com/search?q=Bomm%20Luxembourg"}], "photos": [], "details": {"fiche": "À vérifier"}}}, {"type": "Feature", "geometry": {"type": "Point", "coordinates": [6.220116, 49.702807]}, "properties": {"id": "lu-pano-0016", "name": "Bredelsteen", "theme": "panorama", "description": "Point de vue.", "links": [{"label": "🔎 Infos", "url": "https://www.google.com/search?q=Bredelsteen%20Luxembourg"}], "photos": [], "details": {"fiche": "À vérifier"}}}, {"type": "Feature", "geometry": {"type": "Point", "coordinates": [6.294995, 49.82388]}, "properties": {"id": "lu-pano-0017", "name": "Brenschenterlay", "theme": "panorama", "description": "Point de vue.", "links": [{"label": "🔎 Infos", "url": "https://www.google.com/search?q=Brenschenterlay%20Luxembourg"}], "photos": [], "details": {"fiche": "À vérifier"}}}, {"type": "Feature", "geometry": {"type": "Point", "coordinates": [6.327212, 49.779724]}, "properties": {"id": "lu-pano-0018", "name": "Burgkapp", "theme": "panorama", "description": "Point de vue.", "links": [{"label": "🔎 Infos", "url": "https://www.google.com/search?q=Burgkapp%20Luxembourg"}], "photos": [], "details": {"fiche": "À vérifier"}}}, {"type": "Feature", "geometry": {"type": "Point", "coordinates": [6.06765, 49.898097]}, "properties": {"id": "lu-pano-0019", "name": "Château de Bourscheid", "theme": "panorama", "description": "Point de vue.", "links": [{"label": "🔎 Infos", "url": "https://www.google.com/search?q=Ch%C3%A2teau%20de%20Bourscheid%20Luxembourg"}], "photos": [], "details": {"fiche": "À vérifier"}}}, {"type": "Feature", "geometry": {"type": "Point", "coordinates": [6.273564, 49.715833]}, "properties": {"id": "lu-pano-0020", "name": "Duelenhéicht", "theme": "panorama", "description": "Point de vue.", "links": [{"label": "🔎 Infos", "url": "https://www.google.com/search?q=Duelenh%C3%A9icht%20Luxembourg"}], "photos": [], "details": {"fiche": "À vérifier"}}}, {"type": "Feature", "geometry": {"type": "Point", "coordinates": [6.128092, 49.609253]}, "properties": {"id": "lu-pano-0021", "name": "Fausse braie Beck-Jost", "theme": "panorama", "description": "Le Monument du souvenir, communément appelé Gëlle Fra (femme en or, ou femme dorée en luxembourgeois), est un monument situé dans la ville de Luxembourg, dédié au souvenir des soldats luxembourgeois tombés durant les batailles des deux Guerres mondiales et de la guerre de Corée, et des Luxembourgeoi", "links": [{"label": "🔗 Wikipédia", "url": "https://fr.wikipedia.org/wiki/Monument_du_souvenir_%28Luxembourg%29"}, {"label": "🔎 Infos", "url": "https://www.google.com/search?q=Fausse%20braie%20Beck-Jost%20Luxembourg"}], "photos": ["https://upload.wikimedia.org/wikipedia/commons/thumb/d/d0/G%C3%ABlle_Fra_War_Memorial_Luxembourg_01_-_Illustration_with_lacking_Freedom_of_Panorama.jpg/960px-G%C3%ABlle_Fra_War_Memorial_Luxembourg_01_-_Illustration_with_lacking_Freedom_of_Panorama.jpg"], "details": {"fiche": "Référencé"}}}, {"type": "Feature", "geometry": {"type": "Point", "coordinates": [6.149979, 49.694065]}, "properties": {"id": "lu-pano-0022", "name": "Fautefiels", "theme": "panorama", "description": "Point de vue.", "links": [{"label": "🔎 Infos", "url": "https://www.google.com/search?q=Fautefiels%20Luxembourg"}], "photos": [], "details": {"fiche": "À vérifier"}}}, {"type": "Feature", "geometry": {"type": "Point", "coordinates": [6.197142, 49.923904]}, "properties": {"id": "lu-pano-0023", "name": "Fuerner Knupp", "theme": "panorama", "description": "Point de vue.", "links": [{"label": "🔎 Infos", "url": "https://www.google.com/search?q=Fuerner%20Knupp%20Luxembourg"}], "photos": [], "details": {"fiche": "À vérifier"}}}, {"type": "Feature", "geometry": {"type": "Point", "coordinates": [6.084127, 49.910015]}, "properties": {"id": "lu-pano-0024", "name": "Fuusslee", "theme": "panorama", "description": "Point de vue.", "links": [{"label": "🔎 Infos", "url": "https://www.google.com/search?q=Fuusslee%20Luxembourg"}], "photos": [], "details": {"fiche": "À vérifier"}}}, {"type": "Feature", "geometry": {"type": "Point", "coordinates": [6.007797, 49.981628]}, "properties": {"id": "lu-pano-0025", "name": "Geesselee", "theme": "panorama", "description": "Point de vue.", "links": [{"label": "🔎 Infos", "url": "https://www.google.com/search?q=Geesselee%20Luxembourg"}], "photos": [], "details": {"fiche": "À vérifier"}}}, {"type": "Feature", "geometry": {"type": "Point", "coordinates": [6.388743, 49.821546]}, "properties": {"id": "lu-pano-0026", "name": "Geierslay", "theme": "panorama", "description": "Point de vue.", "links": [{"label": "🔎 Infos", "url": "https://www.google.com/search?q=Geierslay%20Luxembourg"}], "photos": [], "details": {"fiche": "À vérifier"}}}, {"type": "Feature", "geometry": {"type": "Point", "coordinates": [6.091731, 49.915633]}, "properties": {"id": "lu-pano-0027", "name": "Gringlee", "theme": "panorama", "description": "Point de vue.", "links": [{"label": "🔎 Infos", "url": "https://www.google.com/search?q=Gringlee%20Luxembourg"}], "photos": [], "details": {"fiche": "À vérifier"}}}, {"type": "Feature", "geometry": {"type": "Point", "coordinates": [5.988192, 49.911853]}, "properties": {"id": "lu-pano-0028", "name": "Gruewen", "theme": "panorama", "description": "Point de vue.", "links": [{"label": "🔎 Infos", "url": "https://www.google.com/search?q=Gruewen%20Luxembourg"}], "photos": [], "details": {"fiche": "À vérifier"}}}, {"type": "Feature", "geometry": {"type": "Point", "coordinates": [6.151538, 49.60868]}, "properties": {"id": "lu-pano-0029", "name": "Hammer Dällchen", "theme": "panorama", "description": "Pulvermühl (en luxembourgeois : Polvermillen  et en allemand : Pulvermühle) est l'un des vingt-quatre quartiers de la ville de Luxembourg.", "links": [{"label": "🔗 Wikipédia", "url": "https://fr.wikipedia.org/wiki/Pulverm%C3%BChl"}, {"label": "🔎 Infos", "url": "https://www.google.com/search?q=Hammer%20D%C3%A4llchen%20Luxembourg"}], "photos": ["https://upload.wikimedia.org/wikipedia/commons/thumb/0/0e/PULVERMUHLE_in_WINTER%2C_LU.jpg/960px-PULVERMUHLE_in_WINTER%2C_LU.jpg"], "details": {"fiche": "Référencé"}}}, {"type": "Feature", "geometry": {"type": "Point", "coordinates": [6.220738, 49.787287]}, "properties": {"id": "lu-pano-0030", "name": "Himmelsbierg", "theme": "panorama", "description": "Point de vue.", "links": [{"label": "🔎 Infos", "url": "https://www.google.com/search?q=Himmelsbierg%20Luxembourg"}], "photos": [], "details": {"fiche": "À vérifier"}}}, {"type": "Feature", "geometry": {"type": "Point", "coordinates": [6.028975, 49.945129]}, "properties": {"id": "lu-pano-0031", "name": "Hockslay", "theme": "panorama", "description": "Point de vue.", "links": [{"label": "🔎 Infos", "url": "https://www.google.com/search?q=Hockslay%20Luxembourg"}], "photos": [], "details": {"fiche": "À vérifier"}}}, {"type": "Feature", "geometry": {"type": "Point", "coordinates": [5.808027, 49.871645]}, "properties": {"id": "lu-pano-0032", "name": "Houfels", "theme": "panorama", "description": "Point de vue.", "links": [{"label": "🔎 Infos", "url": "https://www.google.com/search?q=Houfels%20Luxembourg"}], "photos": [], "details": {"fiche": "À vérifier"}}}, {"type": "Feature", "geometry": {"type": "Point", "coordinates": [6.32275, 49.582747]}, "properties": {"id": "lu-pano-0033", "name": "Intepéilchen", "theme": "panorama", "description": "Point de vue.", "links": [{"label": "🔎 Infos", "url": "https://www.google.com/search?q=Intep%C3%A9ilchen%20Luxembourg"}], "photos": [], "details": {"fiche": "À vérifier"}}}, {"type": "Feature", "geometry": {"type": "Point", "coordinates": [6.118393, 50.093469]}, "properties": {"id": "lu-pano-0034", "name": "Kailslee", "theme": "panorama", "description": "Point de vue.", "links": [{"label": "🔎 Infos", "url": "https://www.google.com/search?q=Kailslee%20Luxembourg"}], "photos": [], "details": {"fiche": "À vérifier"}}}, {"type": "Feature", "geometry": {"type": "Point", "coordinates": [6.083602, 49.851193]}, "properties": {"id": "lu-pano-0035", "name": "Kalléksuewen", "theme": "panorama", "description": "Point de vue.", "links": [{"label": "🔎 Infos", "url": "https://www.google.com/search?q=Kall%C3%A9ksuewen%20Luxembourg"}], "photos": [], "details": {"fiche": "À vérifier"}}}, {"type": "Feature", "geometry": {"type": "Point", "coordinates": [6.113168, 50.065058]}, "properties": {"id": "lu-pano-0036", "name": "Kasselslay", "theme": "panorama", "description": "Point de vue.", "links": [{"label": "🔎 Infos", "url": "https://www.google.com/search?q=Kasselslay%20Luxembourg"}], "photos": [], "details": {"fiche": "À vérifier"}}}, {"type": "Feature", "geometry": {"type": "Point", "coordinates": [6.136628, 49.909712]}, "properties": {"id": "lu-pano-0037", "name": "Kinneksknäppchen", "theme": "panorama", "description": "Point de vue.", "links": [{"label": "🔎 Infos", "url": "https://www.google.com/search?q=Kinnekskn%C3%A4ppchen%20Luxembourg"}], "photos": [], "details": {"fiche": "À vérifier"}}}, {"type": "Feature", "geometry": {"type": "Point", "coordinates": [6.320737, 49.823923]}, "properties": {"id": "lu-pano-0038", "name": "Kippiglay", "theme": "panorama", "description": "Point de vue.", "links": [{"label": "🔎 Infos", "url": "https://www.google.com/search?q=Kippiglay%20Luxembourg"}], "photos": [], "details": {"fiche": "À vérifier"}}}, {"type": "Feature", "geometry": {"type": "Point", "coordinates": [6.40596, 49.614533]}, "properties": {"id": "lu-pano-0039", "name": "Koeppchen", "theme": "panorama", "description": "Point de vue.", "links": [{"label": "🔎 Infos", "url": "https://www.google.com/search?q=Koeppchen%20Luxembourg"}], "photos": [], "details": {"fiche": "À vérifier"}}}, {"type": "Feature", "geometry": {"type": "Point", "coordinates": [6.325272, 49.768497]}, "properties": {"id": "lu-pano-0040", "name": "Kuelscheier Felsspalten", "theme": "panorama", "description": "Point de vue.", "links": [{"label": "🔎 Infos", "url": "https://www.google.com/search?q=Kuelscheier%20Felsspalten%20Luxembourg"}], "photos": [], "details": {"fiche": "À vérifier"}}}, {"type": "Feature", "geometry": {"type": "Point", "coordinates": [6.062457, 49.890029]}, "properties": {"id": "lu-pano-0041", "name": "Kuesselt", "theme": "panorama", "description": "Point de vue.", "links": [{"label": "🔎 Infos", "url": "https://www.google.com/search?q=Kuesselt%20Luxembourg"}], "photos": [], "details": {"fiche": "À vérifier"}}}, {"type": "Feature", "geometry": {"type": "Point", "coordinates": [5.91453, 49.911301]}, "properties": {"id": "lu-pano-0042", "name": "Lake Sure Viewpoint", "theme": "panorama", "description": "Point de vue.", "links": [{"label": "🔎 Infos", "url": "https://www.google.com/search?q=Lake%20Sure%20Viewpoint%20Luxembourg"}], "photos": [], "details": {"fiche": "À vérifier"}}}, {"type": "Feature", "geometry": {"type": "Point", "coordinates": [6.063283, 49.711786]}, "properties": {"id": "lu-pano-0043", "name": "Mariendall - Reiterlei (Ritterfels)", "theme": "panorama", "description": "Point de vue.", "links": [{"label": "🔎 Infos", "url": "https://www.google.com/search?q=Mariendall%20-%20Reiterlei%20%28Ritterfels%29%20Luxembourg"}], "photos": [], "details": {"fiche": "À vérifier"}}}, {"type": "Feature", "geometry": {"type": "Point", "coordinates": [5.75776, 49.86679]}, "properties": {"id": "lu-pano-0044", "name": "Millefiels", "theme": "panorama", "description": "Point de vue.", "links": [{"label": "🔎 Infos", "url": "https://www.google.com/search?q=Millefiels%20Luxembourg"}], "photos": [], "details": {"fiche": "À vérifier"}}}, {"type": "Feature", "geometry": {"type": "Point", "coordinates": [5.852042, 49.543833]}, "properties": {"id": "lu-pano-0045", "name": "Mirador de Lamadelaine", "theme": "panorama", "description": "Point de vue à 356 m.", "links": [{"label": "🔎 Infos", "url": "https://www.google.com/search?q=Mirador%20de%20Lamadelaine%20Luxembourg"}], "photos": [], "details": {"altitude": "356 m", "altitude_n": 356, "fiche": "À vérifier"}}}, {"type": "Feature", "geometry": {"type": "Point", "coordinates": [6.072124, 49.670076]}, "properties": {"id": "lu-pano-0046", "name": "Missiounskraiz", "theme": "panorama", "description": "Point de vue.", "links": [{"label": "🔎 Infos", "url": "https://www.google.com/search?q=Missiounskraiz%20Luxembourg"}], "photos": [], "details": {"fiche": "À vérifier"}}}, {"type": "Feature", "geometry": {"type": "Point", "coordinates": [6.236685, 49.619035]}, "properties": {"id": "lu-pano-0047", "name": "Neimillen", "theme": "panorama", "description": "Point de vue.", "links": [{"label": "🔎 Infos", "url": "https://www.google.com/search?q=Neimillen%20Luxembourg"}], "photos": [], "details": {"fiche": "À vérifier"}}}, {"type": "Feature", "geometry": {"type": "Point", "coordinates": [6.167709, 49.946151]}, "properties": {"id": "lu-pano-0048", "name": "Niclosbierg", "theme": "panorama", "description": "Point de vue.", "links": [{"label": "🔎 Infos", "url": "https://www.google.com/search?q=Niclosbierg%20Luxembourg"}], "photos": [], "details": {"fiche": "À vérifier"}}}, {"type": "Feature", "geometry": {"type": "Point", "coordinates": [6.495353, 49.71819]}, "properties": {"id": "lu-pano-0049", "name": "Panorama Bocksbierg", "theme": "panorama", "description": "Point de vue.", "links": [{"label": "🔎 Infos", "url": "https://www.google.com/search?q=Panorama%20Bocksbierg%20Luxembourg"}], "photos": [], "details": {"fiche": "À vérifier"}}}, {"type": "Feature", "geometry": {"type": "Point", "coordinates": [5.881828, 49.540666]}, "properties": {"id": "lu-pano-0050", "name": "Panorama Kordall", "theme": "panorama", "description": "Point de vue à 395 m.", "links": [{"label": "🔎 Infos", "url": "https://www.google.com/search?q=Panorama%20Kordall%20Luxembourg"}], "photos": [], "details": {"altitude": "395 m", "altitude_n": 395, "fiche": "À vérifier"}}}, {"type": "Feature", "geometry": {"type": "Point", "coordinates": [6.217292, 49.907889]}, "properties": {"id": "lu-pano-0051", "name": "Panorama pavillon", "theme": "panorama", "description": "Point de vue.", "links": [{"label": "🔎 Infos", "url": "https://www.google.com/search?q=Panorama%20pavillon%20Luxembourg"}], "photos": [], "details": {"fiche": "À vérifier"}}}, {"type": "Feature", "geometry": {"type": "Point", "coordinates": [6.130647, 49.615592]}, "properties": {"id": "lu-pano-0052", "name": "Panorama-Aufzug Pfaffenthal", "theme": "panorama", "description": "L'Ascenseur panoramique Pfaffenthal - Ville-Haute est un des deux ascenseurs publics de la ville de Luxembourg.", "links": [{"label": "🔗 Wikipédia", "url": "https://fr.wikipedia.org/wiki/Ascenseur_panoramique_Pfaffenthal_-_Ville-Haute"}, {"label": "🔎 Infos", "url": "https://www.google.com/search?q=Panorama-Aufzug%20Pfaffenthal%20Luxembourg"}], "photos": ["https://upload.wikimedia.org/wikipedia/commons/thumb/c/c1/Lift_Pafendall-Uewerstad_3017-04.jpg/960px-Lift_Pafendall-Uewerstad_3017-04.jpg"], "details": {"fiche": "Référencé"}}}, {"type": "Feature", "geometry": {"type": "Point", "coordinates": [6.376098, 49.818085]}, "properties": {"id": "lu-pano-0053", "name": "Perekop", "theme": "panorama", "description": "Point de vue.", "links": [{"label": "🔎 Infos", "url": "https://www.google.com/search?q=Perekop%20Luxembourg"}], "photos": [], "details": {"fiche": "À vérifier"}}}, {"type": "Feature", "geometry": {"type": "Point", "coordinates": [6.020565, 49.499283]}, "properties": {"id": "lu-pano-0054", "name": "Plaakesch Kopp", "theme": "panorama", "description": "Point de vue.", "links": [{"label": "🔎 Infos", "url": "https://www.google.com/search?q=Plaakesch%20Kopp%20Luxembourg"}], "photos": [], "details": {"fiche": "À vérifier"}}}, {"type": "Feature", "geometry": {"type": "Point", "coordinates": [6.204675, 49.626896]}, "properties": {"id": "lu-pano-0055", "name": "Plane Spotting001", "theme": "panorama", "description": "MeteoLux, ou Météo Luxembourg, est l'agence de météorologie nationale du Luxembourg.", "links": [{"label": "🔗 Wikipédia", "url": "https://fr.wikipedia.org/wiki/MeteoLux"}, {"label": "🔎 Infos", "url": "https://www.google.com/search?q=Plane%20Spotting001%20Luxembourg"}], "photos": [], "details": {"fiche": "Référencé"}}}, {"type": "Feature", "geometry": {"type": "Point", "coordinates": [6.186984, 49.619377]}, "properties": {"id": "lu-pano-0056", "name": "Plane Spotting002", "theme": "panorama", "description": "Point de vue.", "links": [{"label": "🔎 Infos", "url": "https://www.google.com/search?q=Plane%20Spotting002%20Luxembourg"}], "photos": [], "details": {"fiche": "À vérifier"}}}, {"type": "Feature", "geometry": {"type": "Point", "coordinates": [6.204767, 49.618411]}, "properties": {"id": "lu-pano-0057", "name": "Plane Spotting003", "theme": "panorama", "description": "Point de vue.", "links": [{"label": "🔎 Infos", "url": "https://www.google.com/search?q=Plane%20Spotting003%20Luxembourg"}], "photos": [], "details": {"fiche": "À vérifier"}}}, {"type": "Feature", "geometry": {"type": "Point", "coordinates": [6.209482, 49.624203]}, "properties": {"id": "lu-pano-0058", "name": "Plane Spotting004", "theme": "panorama", "description": "Point de vue.", "links": [{"label": "🔎 Infos", "url": "https://www.google.com/search?q=Plane%20Spotting004%20Luxembourg"}], "photos": [], "details": {"fiche": "À vérifier"}}}, {"type": "Feature", "geometry": {"type": "Point", "coordinates": [6.233708, 49.631977]}, "properties": {"id": "lu-pano-0059", "name": "Plane Spotting005", "theme": "panorama", "description": "Point de vue.", "links": [{"label": "🔎 Infos", "url": "https://www.google.com/search?q=Plane%20Spotting005%20Luxembourg"}], "photos": [], "details": {"fiche": "À vérifier"}}}, {"type": "Feature", "geometry": {"type": "Point", "coordinates": [6.239195, 49.633344]}, "properties": {"id": "lu-pano-0060", "name": "Plane Spotting006", "theme": "panorama", "description": "Point de vue.", "links": [{"label": "🔎 Infos", "url": "https://www.google.com/search?q=Plane%20Spotting006%20Luxembourg"}], "photos": [], "details": {"fiche": "À vérifier"}}}, {"type": "Feature", "geometry": {"type": "Point", "coordinates": [6.233857, 49.637946]}, "properties": {"id": "lu-pano-0061", "name": "Plane Spotting007", "theme": "panorama", "description": "Point de vue.", "links": [{"label": "🔎 Infos", "url": "https://www.google.com/search?q=Plane%20Spotting007%20Luxembourg"}], "photos": [], "details": {"fiche": "À vérifier"}}}, {"type": "Feature", "geometry": {"type": "Point", "coordinates": [6.234584, 49.638067]}, "properties": {"id": "lu-pano-0062", "name": "Plane spotting", "theme": "panorama", "description": "Point de vue.", "links": [{"label": "🔎 Infos", "url": "https://www.google.com/search?q=Plane%20spotting%20Luxembourg"}], "photos": [], "details": {"fiche": "À vérifier"}}}, {"type": "Feature", "geometry": {"type": "Point", "coordinates": [5.944829, 50.089271]}, "properties": {"id": "lu-pano-0063", "name": "Plateau de Wincrange", "theme": "panorama", "description": "Point de vue.", "links": [{"label": "🔎 Infos", "url": "https://www.google.com/search?q=Plateau%20de%20Wincrange%20Luxembourg"}], "photos": [], "details": {"fiche": "À vérifier"}}}, {"type": "Feature", "geometry": {"type": "Point", "coordinates": [6.055833, 49.912238]}, "properties": {"id": "lu-pano-0064", "name": "Point de Vue", "theme": "panorama", "description": "Point de vue.", "links": [{"label": "🔎 Infos", "url": "https://www.google.com/search?q=Point%20de%20Vue%20Luxembourg"}], "photos": [], "details": {"fiche": "À vérifier"}}}, {"type": "Feature", "geometry": {"type": "Point", "coordinates": [6.184108, 49.949911]}, "properties": {"id": "lu-pano-0065", "name": "Point de Vue Victor Hugo", "theme": "panorama", "description": "Point de vue.", "links": [{"label": "🔎 Infos", "url": "https://www.google.com/search?q=Point%20de%20Vue%20Victor%20Hugo%20Luxembourg"}], "photos": [], "details": {"fiche": "À vérifier"}}}, {"type": "Feature", "geometry": {"type": "Point", "coordinates": [6.044846, 49.938363]}, "properties": {"id": "lu-pano-0066", "name": "Point de vue \"Hoflee\"", "theme": "panorama", "description": "Point de vue.", "links": [{"label": "🔎 Infos", "url": "https://www.google.com/search?q=Point%20de%20vue%20%22Hoflee%22%20Luxembourg"}], "photos": [], "details": {"fiche": "À vérifier"}}}, {"type": "Feature", "geometry": {"type": "Point", "coordinates": [6.128234, 49.608784]}, "properties": {"id": "lu-pano-0067", "name": "Priedegtstull", "theme": "panorama", "description": "Le Monument du souvenir, communément appelé Gëlle Fra (femme en or, ou femme dorée en luxembourgeois), est un monument situé dans la ville de Luxembourg, dédié au souvenir des soldats luxembourgeois tombés durant les batailles des deux Guerres mondiales et de la guerre de Corée, et des Luxembourgeoi", "links": [{"label": "🔗 Wikipédia", "url": "https://fr.wikipedia.org/wiki/Monument_du_souvenir_%28Luxembourg%29"}, {"label": "🔎 Infos", "url": "https://www.google.com/search?q=Priedegtstull%20Luxembourg"}], "photos": ["https://upload.wikimedia.org/wikipedia/commons/thumb/d/d0/G%C3%ABlle_Fra_War_Memorial_Luxembourg_01_-_Illustration_with_lacking_Freedom_of_Panorama.jpg/960px-G%C3%ABlle_Fra_War_Memorial_Luxembourg_01_-_Illustration_with_lacking_Freedom_of_Panorama.jpg"], "details": {"fiche": "Référencé"}}}, {"type": "Feature", "geometry": {"type": "Point", "coordinates": [6.332313, 49.817164]}, "properties": {"id": "lu-pano-0068", "name": "Priedegtstull", "theme": "panorama", "description": "Point de vue.", "links": [{"label": "🔎 Infos", "url": "https://www.google.com/search?q=Priedegtstull%20Luxembourg"}], "photos": [], "details": {"fiche": "À vérifier"}}}, {"type": "Feature", "geometry": {"type": "Point", "coordinates": [6.088287, 49.725797]}, "properties": {"id": "lu-pano-0069", "name": "Priedigstull", "theme": "panorama", "description": "Point de vue.", "links": [{"label": "🔎 Infos", "url": "https://www.google.com/search?q=Priedigstull%20Luxembourg"}], "photos": [], "details": {"fiche": "À vérifier"}}}, {"type": "Feature", "geometry": {"type": "Point", "coordinates": [6.118636, 49.89545]}, "properties": {"id": "lu-pano-0070", "name": "Priedigtstulll", "theme": "panorama", "description": "Point de vue.", "links": [{"label": "🔎 Infos", "url": "https://www.google.com/search?q=Priedigtstulll%20Luxembourg"}], "photos": [], "details": {"fiche": "À vérifier"}}}, {"type": "Feature", "geometry": {"type": "Point", "coordinates": [6.128173, 49.608956]}, "properties": {"id": "lu-pano-0071", "name": "Ravelin Pâté", "theme": "panorama", "description": "Le Monument du souvenir, communément appelé Gëlle Fra (femme en or, ou femme dorée en luxembourgeois), est un monument situé dans la ville de Luxembourg, dédié au souvenir des soldats luxembourgeois tombés durant les batailles des deux Guerres mondiales et de la guerre de Corée, et des Luxembourgeoi", "links": [{"label": "🔗 Wikipédia", "url": "https://fr.wikipedia.org/wiki/Monument_du_souvenir_%28Luxembourg%29"}, {"label": "🔎 Infos", "url": "https://www.google.com/search?q=Ravelin%20P%C3%A2t%C3%A9%20Luxembourg"}], "photos": ["https://upload.wikimedia.org/wikipedia/commons/thumb/d/d0/G%C3%ABlle_Fra_War_Memorial_Luxembourg_01_-_Illustration_with_lacking_Freedom_of_Panorama.jpg/960px-G%C3%ABlle_Fra_War_Memorial_Luxembourg_01_-_Illustration_with_lacking_Freedom_of_Panorama.jpg"], "details": {"fiche": "Référencé"}}}, {"type": "Feature", "geometry": {"type": "Point", "coordinates": [5.899305, 49.502141]}, "properties": {"id": "lu-pano-0072", "name": "Rocky Spot", "theme": "panorama", "description": "Point de vue.", "links": [{"label": "🔎 Infos", "url": "https://www.google.com/search?q=Rocky%20Spot%20Luxembourg"}], "photos": [], "details": {"fiche": "À vérifier"}}}, {"type": "Feature", "geometry": {"type": "Point", "coordinates": [5.994305, 49.97105]}, "properties": {"id": "lu-pano-0073", "name": "Saint-Donatus", "theme": "panorama", "description": "Point de vue.", "links": [{"label": "🔎 Infos", "url": "https://www.google.com/search?q=Saint-Donatus%20Luxembourg"}], "photos": [], "details": {"fiche": "À vérifier"}}}, {"type": "Feature", "geometry": {"type": "Point", "coordinates": [6.216231, 49.702131]}, "properties": {"id": "lu-pano-0074", "name": "Scheiferei", "theme": "panorama", "description": "Point de vue.", "links": [{"label": "🔎 Infos", "url": "https://www.google.com/search?q=Scheiferei%20Luxembourg"}], "photos": [], "details": {"fiche": "À vérifier"}}}, {"type": "Feature", "geometry": {"type": "Point", "coordinates": [6.073779, 49.907773]}, "properties": {"id": "lu-pano-0075", "name": "Schlaedbësch", "theme": "panorama", "description": "Point de vue.", "links": [{"label": "🔎 Infos", "url": "https://www.google.com/search?q=Schlaedb%C3%ABsch%20Luxembourg"}], "photos": [], "details": {"fiche": "À vérifier"}}}, {"type": "Feature", "geometry": {"type": "Point", "coordinates": [6.201463, 49.932328]}, "properties": {"id": "lu-pano-0076", "name": "Schloss", "theme": "panorama", "description": "Point de vue.", "links": [{"label": "🔎 Infos", "url": "https://www.google.com/search?q=Schloss%20Luxembourg"}], "photos": [], "details": {"fiche": "À vérifier"}}}, {"type": "Feature", "geometry": {"type": "Point", "coordinates": [6.001845, 50.117058]}, "properties": {"id": "lu-pano-0077", "name": "Sideschlee", "theme": "panorama", "description": "Point de vue.", "links": [{"label": "🔎 Infos", "url": "https://www.google.com/search?q=Sideschlee%20Luxembourg"}], "photos": [], "details": {"fiche": "À vérifier"}}}, {"type": "Feature", "geometry": {"type": "Point", "coordinates": [6.344074, 49.832304]}, "properties": {"id": "lu-pano-0078", "name": "Siewenschlueff", "theme": "panorama", "description": "Point de vue.", "links": [{"label": "🔎 Infos", "url": "https://www.google.com/search?q=Siewenschlueff%20Luxembourg"}], "photos": [], "details": {"fiche": "À vérifier"}}}, {"type": "Feature", "geometry": {"type": "Point", "coordinates": [6.362645, 49.463316]}, "properties": {"id": "lu-pano-0079", "name": "Stromberg", "theme": "panorama", "description": "Point de vue.", "links": [{"label": "🔎 Infos", "url": "https://www.google.com/search?q=Stromberg%20Luxembourg"}], "photos": [], "details": {"fiche": "À vérifier"}}}, {"type": "Feature", "geometry": {"type": "Point", "coordinates": [6.220155, 49.782344]}, "properties": {"id": "lu-pano-0080", "name": "Taiperlee", "theme": "panorama", "description": "Point de vue.", "links": [{"label": "🔎 Infos", "url": "https://www.google.com/search?q=Taiperlee%20Luxembourg"}], "photos": [], "details": {"fiche": "À vérifier"}}}, {"type": "Feature", "geometry": {"type": "Point", "coordinates": [5.844156, 49.902721]}, "properties": {"id": "lu-pano-0081", "name": "Tempelskamp", "theme": "panorama", "description": "Point de vue.", "links": [{"label": "🔎 Infos", "url": "https://www.google.com/search?q=Tempelskamp%20Luxembourg"}], "photos": [], "details": {"fiche": "À vérifier"}}}, {"type": "Feature", "geometry": {"type": "Point", "coordinates": [6.338708, 49.825755]}, "properties": {"id": "lu-pano-0082", "name": "Teufelsinsel", "theme": "panorama", "description": "Point de vue.", "links": [{"label": "🔎 Infos", "url": "https://www.google.com/search?q=Teufelsinsel%20Luxembourg"}], "photos": [], "details": {"fiche": "À vérifier"}}}, {"type": "Feature", "geometry": {"type": "Point", "coordinates": [6.104785, 49.821298]}, "properties": {"id": "lu-pano-0083", "name": "Trellsbam", "theme": "panorama", "description": "Point de vue.", "links": [{"label": "🔎 Infos", "url": "https://www.google.com/search?q=Trellsbam%20Luxembourg"}], "photos": [], "details": {"fiche": "À vérifier"}}}, {"type": "Feature", "geometry": {"type": "Point", "coordinates": [6.031459, 49.951938]}, "properties": {"id": "lu-pano-0084", "name": "Ueweschlaed", "theme": "panorama", "description": "Point de vue.", "links": [{"label": "🔎 Infos", "url": "https://www.google.com/search?q=Ueweschlaed%20Luxembourg"}], "photos": [], "details": {"fiche": "À vérifier"}}}, {"type": "Feature", "geometry": {"type": "Point", "coordinates": [6.0086, 49.488503]}, "properties": {"id": "lu-pano-0085", "name": "Utah Bike Park", "theme": "panorama", "description": "Point de vue.", "links": [{"label": "🔎 Infos", "url": "https://www.google.com/search?q=Utah%20Bike%20Park%20Luxembourg"}], "photos": [], "details": {"fiche": "À vérifier"}}}, {"type": "Feature", "geometry": {"type": "Point", "coordinates": [6.091877, 49.721256]}, "properties": {"id": "lu-pano-0086", "name": "View on Schlass Schëndels", "theme": "panorama", "description": "Point de vue.", "links": [{"label": "🔎 Infos", "url": "https://www.google.com/search?q=View%20on%20Schlass%20Sch%C3%ABndels%20Luxembourg"}], "photos": [], "details": {"fiche": "À vérifier"}}}, {"type": "Feature", "geometry": {"type": "Point", "coordinates": [6.092825, 49.910029]}, "properties": {"id": "lu-pano-0087", "name": "Viewpoint on the Sure", "theme": "panorama", "description": "Point de vue.", "links": [{"label": "🔎 Infos", "url": "https://www.google.com/search?q=Viewpoint%20on%20the%20Sure%20Luxembourg"}], "photos": [], "details": {"fiche": "À vérifier"}}}, {"type": "Feature", "geometry": {"type": "Point", "coordinates": [6.019436, 49.982415]}, "properties": {"id": "lu-pano-0088", "name": "Vue Kiischpelt", "theme": "panorama", "description": "Point de vue.", "links": [{"label": "🔎 Infos", "url": "https://www.google.com/search?q=Vue%20Kiischpelt%20Luxembourg"}], "photos": [], "details": {"fiche": "À vérifier"}}}, {"type": "Feature", "geometry": {"type": "Point", "coordinates": [6.327668, 49.817802]}, "properties": {"id": "lu-pano-0089", "name": "Vugelsmillen", "theme": "panorama", "description": "Point de vue.", "links": [{"label": "🔎 Infos", "url": "https://www.google.com/search?q=Vugelsmillen%20Luxembourg"}], "photos": [], "details": {"fiche": "À vérifier"}}}, {"type": "Feature", "geometry": {"type": "Point", "coordinates": [5.938021, 49.526923]}, "properties": {"id": "lu-pano-0090", "name": "Zolwerknapp", "theme": "panorama", "description": "Point de vue.", "links": [{"label": "🔎 Infos", "url": "https://www.google.com/search?q=Zolwerknapp%20Luxembourg"}], "photos": [], "details": {"fiche": "À vérifier"}}}, {"type": "Feature", "geometry": {"type": "Point", "coordinates": [6.007888, 50.01991]}, "properties": {"id": "lu-pano-0091", "name": "beim Engel", "theme": "panorama", "description": "Point de vue.", "links": [{"label": "🔎 Infos", "url": "https://www.google.com/search?q=beim%20Engel%20Luxembourg"}], "photos": [], "details": {"fiche": "À vérifier"}}}, {"type": "Feature", "geometry": {"type": "Point", "coordinates": [6.099495, 49.455162]}, "properties": {"id": "lu-arbre-0001", "name": "Arbre remarquable", "theme": "arbre-remarquable", "description": "Arbre remarquable.", "links": [{"label": "🔎 Infos", "url": "https://www.google.com/search?q=Arbre%20remarquable%20Luxembourg"}], "photos": [], "details": {"fiche": "À vérifier"}}}, {"type": "Feature", "geometry": {"type": "Point", "coordinates": [6.029655, 49.455818]}, "properties": {"id": "lu-arbre-0002", "name": "Arbre remarquable", "theme": "arbre-remarquable", "description": "Ginkgo biloba.", "links": [{"label": "🔎 Infos", "url": "https://www.google.com/search?q=Arbre%20remarquable%20Luxembourg"}], "photos": [], "details": {"espece": "Ginkgo biloba", "fiche": "À vérifier"}}}, {"type": "Feature", "geometry": {"type": "Point", "coordinates": [6.029732, 49.458065]}, "properties": {"id": "lu-arbre-0003", "name": "Arbre remarquable", "theme": "arbre-remarquable", "description": "Acer negundo.", "links": [{"label": "🔎 Infos", "url": "https://www.google.com/search?q=Arbre%20remarquable%20Luxembourg"}], "photos": [], "details": {"espece": "Acer negundo", "fiche": "À vérifier"}}}, {"type": "Feature", "geometry": {"type": "Point", "coordinates": [5.989955, 49.461023]}, "properties": {"id": "lu-arbre-0004", "name": "Arbre remarquable", "theme": "arbre-remarquable", "description": "Prunus avium.", "links": [{"label": "🔎 Infos", "url": "https://www.google.com/search?q=Arbre%20remarquable%20Luxembourg"}], "photos": [], "details": {"espece": "Prunus avium", "fiche": "À vérifier"}}}, {"type": "Feature", "geometry": {"type": "Point", "coordinates": [5.990203, 49.461168]}, "properties": {"id": "lu-arbre-0005", "name": "Arbre remarquable", "theme": "arbre-remarquable", "description": "Acer pseudoplatanus.", "links": [{"label": "🔎 Infos", "url": "https://www.google.com/search?q=Arbre%20remarquable%20Luxembourg"}], "photos": [], "details": {"espece": "Acer pseudoplatanus", "fiche": "À vérifier"}}}, {"type": "Feature", "geometry": {"type": "Point", "coordinates": [5.990299, 49.461357]}, "properties": {"id": "lu-arbre-0006", "name": "Arbre remarquable", "theme": "arbre-remarquable", "description": "Arbre remarquable.", "links": [{"label": "🔎 Infos", "url": "https://www.google.com/search?q=Arbre%20remarquable%20Luxembourg"}], "photos": [], "details": {"fiche": "À vérifier"}}}, {"type": "Feature", "geometry": {"type": "Point", "coordinates": [6.02475, 49.46252]}, "properties": {"id": "lu-arbre-0007", "name": "Arbre remarquable", "theme": "arbre-remarquable", "description": "Tilia cordata.", "links": [{"label": "🔎 Infos", "url": "https://www.google.com/search?q=Arbre%20remarquable%20Luxembourg"}], "photos": [], "details": {"espece": "Tilia cordata", "fiche": "À vérifier"}}}, {"type": "Feature", "geometry": {"type": "Point", "coordinates": [6.092042, 49.463365]}, "properties": {"id": "lu-arbre-0008", "name": "Arbre remarquable", "theme": "arbre-remarquable", "description": "Aria edulis.", "links": [{"label": "🔎 Infos", "url": "https://www.google.com/search?q=Arbre%20remarquable%20Luxembourg"}], "photos": [], "details": {"espece": "Aria edulis", "fiche": "À vérifier"}}}, {"type": "Feature", "geometry": {"type": "Point", "coordinates": [6.365672, 49.470372]}, "properties": {"id": "lu-arbre-0009", "name": "Arbre remarquable", "theme": "arbre-remarquable", "description": "Ginkgo biloba.", "links": [{"label": "🔎 Infos", "url": "https://www.google.com/search?q=Arbre%20remarquable%20Luxembourg"}], "photos": [], "details": {"espece": "Ginkgo biloba", "fiche": "À vérifier"}}}, {"type": "Feature", "geometry": {"type": "Point", "coordinates": [6.366075, 49.470569]}, "properties": {"id": "lu-arbre-0010", "name": "Arbre remarquable", "theme": "arbre-remarquable", "description": "Aesculus hippocastanum.", "links": [{"label": "🔎 Infos", "url": "https://www.google.com/search?q=Arbre%20remarquable%20Luxembourg"}], "photos": [], "details": {"espece": "Aesculus hippocastanum", "fiche": "À vérifier"}}}, {"type": "Feature", "geometry": {"type": "Point", "coordinates": [6.008029, 49.472513]}, "properties": {"id": "lu-arbre-0011", "name": "Arbre remarquable", "theme": "arbre-remarquable", "description": "Fagus sylvatica.", "links": [{"label": "🔎 Infos", "url": "https://www.google.com/search?q=Arbre%20remarquable%20Luxembourg"}], "photos": [], "details": {"espece": "Fagus sylvatica", "fiche": "À vérifier"}}}, {"type": "Feature", "geometry": {"type": "Point", "coordinates": [6.107505, 49.475386]}, "properties": {"id": "lu-arbre-0012", "name": "Arbre remarquable", "theme": "arbre-remarquable", "description": "Salix alba.", "links": [{"label": "🔎 Infos", "url": "https://www.google.com/search?q=Arbre%20remarquable%20Luxembourg"}], "photos": [], "details": {"espece": "Salix alba", "fiche": "À vérifier"}}}, {"type": "Feature", "geometry": {"type": "Point", "coordinates": [6.030688, 49.476229]}, "properties": {"id": "lu-arbre-0013", "name": "Arbre remarquable", "theme": "arbre-remarquable", "description": "Robinia pseudoacacia.", "links": [{"label": "🔎 Infos", "url": "https://www.google.com/search?q=Arbre%20remarquable%20Luxembourg"}], "photos": [], "details": {"espece": "Robinia pseudoacacia", "fiche": "À vérifier"}}}, {"type": "Feature", "geometry": {"type": "Point", "coordinates": [6.083601, 49.478365]}, "properties": {"id": "lu-arbre-0014", "name": "Arbre remarquable", "theme": "arbre-remarquable", "description": "Ginkgo biloba.", "links": [{"label": "🔎 Infos", "url": "https://www.google.com/search?q=Arbre%20remarquable%20Luxembourg"}], "photos": [], "details": {"espece": "Ginkgo biloba", "fiche": "À vérifier"}}}, {"type": "Feature", "geometry": {"type": "Point", "coordinates": [6.020745, 49.479094]}, "properties": {"id": "lu-arbre-0015", "name": "Arbre remarquable", "theme": "arbre-remarquable", "description": "Fagus sylvatica.", "links": [{"label": "🔎 Infos", "url": "https://www.google.com/search?q=Arbre%20remarquable%20Luxembourg"}], "photos": [], "details": {"espece": "Fagus sylvatica", "fiche": "À vérifier"}}}, {"type": "Feature", "geometry": {"type": "Point", "coordinates": [6.100256, 49.479104]}, "properties": {"id": "lu-arbre-0016", "name": "Arbre remarquable", "theme": "arbre-remarquable", "description": "Sequoia sempervirens.", "links": [{"label": "🔎 Infos", "url": "https://www.google.com/search?q=Arbre%20remarquable%20Luxembourg"}], "photos": [], "details": {"espece": "Sequoia sempervirens", "fiche": "À vérifier"}}}, {"type": "Feature", "geometry": {"type": "Point", "coordinates": [6.085466, 49.482525]}, "properties": {"id": "lu-arbre-0017", "name": "Arbre remarquable", "theme": "arbre-remarquable", "description": "Fraxinus excelsior.", "links": [{"label": "🔎 Infos", "url": "https://www.google.com/search?q=Arbre%20remarquable%20Luxembourg"}], "photos": [], "details": {"espece": "Fraxinus excelsior", "fiche": "À vérifier"}}}, {"type": "Feature", "geometry": {"type": "Point", "coordinates": [6.085968, 49.482701]}, "properties": {"id": "lu-arbre-0018", "name": "Arbre remarquable", "theme": "arbre-remarquable", "description": "Arbre remarquable.", "links": [{"label": "🔎 Infos", "url": "https://www.google.com/search?q=Arbre%20remarquable%20Luxembourg"}], "photos": [], "details": {"fiche": "À vérifier"}}}, {"type": "Feature", "geometry": {"type": "Point", "coordinates": [6.087829, 49.483853]}, "properties": {"id": "lu-arbre-0019", "name": "Arbre remarquable", "theme": "arbre-remarquable", "description": "Salix alba.", "links": [{"label": "🔎 Infos", "url": "https://www.google.com/search?q=Arbre%20remarquable%20Luxembourg"}], "photos": [], "details": {"espece": "Salix alba", "fiche": "À vérifier"}}}, {"type": "Feature", "geometry": {"type": "Point", "coordinates": [6.11892, 49.485021]}, "properties": {"id": "lu-arbre-0020", "name": "Arbre remarquable", "theme": "arbre-remarquable", "description": "Salix alba.", "links": [{"label": "🔎 Infos", "url": "https://www.google.com/search?q=Arbre%20remarquable%20Luxembourg"}], "photos": [], "details": {"espece": "Salix alba", "fiche": "À vérifier"}}}, {"type": "Feature", "geometry": {"type": "Point", "coordinates": [6.038294, 49.486687]}, "properties": {"id": "lu-arbre-0021", "name": "Arbre remarquable", "theme": "arbre-remarquable", "description": "Arbre remarquable.", "links": [{"label": "🔎 Infos", "url": "https://www.google.com/search?q=Arbre%20remarquable%20Luxembourg"}], "photos": [], "details": {"fiche": "À vérifier"}}}, {"type": "Feature", "geometry": {"type": "Point", "coordinates": [6.089094, 49.486758]}, "properties": {"id": "lu-arbre-0022", "name": "Arbre remarquable", "theme": "arbre-remarquable", "description": "Arbre remarquable.", "links": [{"label": "🔎 Infos", "url": "https://www.google.com/search?q=Arbre%20remarquable%20Luxembourg"}], "photos": [], "details": {"fiche": "À vérifier"}}}, {"type": "Feature", "geometry": {"type": "Point", "coordinates": [6.312099, 49.487187]}, "properties": {"id": "lu-arbre-0023", "name": "Arbre remarquable", "theme": "arbre-remarquable", "description": "Populus nigra.", "links": [{"label": "🔎 Infos", "url": "https://www.google.com/search?q=Arbre%20remarquable%20Luxembourg"}], "photos": [], "details": {"espece": "Populus nigra", "fiche": "À vérifier"}}}, {"type": "Feature", "geometry": {"type": "Point", "coordinates": [6.047991, 49.487622]}, "properties": {"id": "lu-arbre-0024", "name": "Arbre remarquable", "theme": "arbre-remarquable", "description": "Quercus robur.", "links": [{"label": "🔎 Infos", "url": "https://www.google.com/search?q=Arbre%20remarquable%20Luxembourg"}], "photos": [], "details": {"espece": "Quercus robur", "fiche": "À vérifier"}}}, {"type": "Feature", "geometry": {"type": "Point", "coordinates": [6.347156, 49.487858]}, "properties": {"id": "lu-arbre-0025", "name": "Arbre remarquable", "theme": "arbre-remarquable", "description": "Mespilus germanica.", "links": [{"label": "🔎 Infos", "url": "https://www.google.com/search?q=Arbre%20remarquable%20Luxembourg"}], "photos": [], "details": {"espece": "Mespilus germanica", "fiche": "À vérifier"}}}, {"type": "Feature", "geometry": {"type": "Point", "coordinates": [6.055397, 49.490183]}, "properties": {"id": "lu-arbre-0026", "name": "Arbre remarquable", "theme": "arbre-remarquable", "description": "Castanea sativa.", "links": [{"label": "🔎 Infos", "url": "https://www.google.com/search?q=Arbre%20remarquable%20Luxembourg"}], "photos": [], "details": {"espece": "Castanea sativa", "fiche": "À vérifier"}}}, {"type": "Feature", "geometry": {"type": "Point", "coordinates": [6.061235, 49.49026]}, "properties": {"id": "lu-arbre-0027", "name": "Arbre remarquable", "theme": "arbre-remarquable", "description": "Arbre remarquable.", "links": [{"label": "🔎 Infos", "url": "https://www.google.com/search?q=Arbre%20remarquable%20Luxembourg"}], "photos": [], "details": {"fiche": "À vérifier"}}}, {"type": "Feature", "geometry": {"type": "Point", "coordinates": [6.037019, 49.50301]}, "properties": {"id": "lu-arbre-0028", "name": "Arbre remarquable", "theme": "arbre-remarquable", "description": "Arbre remarquable.", "links": [{"label": "🔎 Infos", "url": "https://www.google.com/search?q=Arbre%20remarquable%20Luxembourg"}], "photos": [], "details": {"fiche": "À vérifier"}}}, {"type": "Feature", "geometry": {"type": "Point", "coordinates": [6.009905, 49.503041]}, "properties": {"id": "lu-arbre-0029", "name": "Arbre remarquable", "theme": "arbre-remarquable", "description": "Tilia cordata.", "links": [{"label": "🔎 Infos", "url": "https://www.google.com/search?q=Arbre%20remarquable%20Luxembourg"}], "photos": [], "details": {"espece": "Tilia cordata", "fiche": "À vérifier"}}}, {"type": "Feature", "geometry": {"type": "Point", "coordinates": [6.278056, 49.508845]}, "properties": {"id": "lu-arbre-0030", "name": "Arbre remarquable", "theme": "arbre-remarquable", "description": "Quercus robur.", "links": [{"label": "🔎 Infos", "url": "https://www.google.com/search?q=Arbre%20remarquable%20Luxembourg"}], "photos": [], "details": {"espece": "Quercus robur", "fiche": "À vérifier"}}}, {"type": "Feature", "geometry": {"type": "Point", "coordinates": [5.902165, 49.510361]}, "properties": {"id": "lu-arbre-0031", "name": "Arbre remarquable", "theme": "arbre-remarquable", "description": "Fraxinus excelsior.", "links": [{"label": "🔎 Infos", "url": "https://www.google.com/search?q=Arbre%20remarquable%20Luxembourg"}], "photos": [], "details": {"espece": "Fraxinus excelsior", "fiche": "À vérifier"}}}, {"type": "Feature", "geometry": {"type": "Point", "coordinates": [6.168245, 49.510566]}, "properties": {"id": "lu-arbre-0032", "name": "Arbre remarquable", "theme": "arbre-remarquable", "description": "Arbre remarquable.", "links": [{"label": "🔎 Infos", "url": "https://www.google.com/search?q=Arbre%20remarquable%20Luxembourg"}], "photos": [], "details": {"fiche": "À vérifier"}}}, {"type": "Feature", "geometry": {"type": "Point", "coordinates": [5.857337, 49.513649]}, "properties": {"id": "lu-arbre-0033", "name": "Arbre remarquable", "theme": "arbre-remarquable", "description": "Arbre remarquable.", "links": [{"label": "🔎 Infos", "url": "https://www.google.com/search?q=Arbre%20remarquable%20Luxembourg"}], "photos": [], "details": {"fiche": "À vérifier"}}}, {"type": "Feature", "geometry": {"type": "Point", "coordinates": [6.015102, 49.514422]}, "properties": {"id": "lu-arbre-0034", "name": "Arbre remarquable", "theme": "arbre-remarquable", "description": "Salix alba.", "links": [{"label": "🔎 Infos", "url": "https://www.google.com/search?q=Arbre%20remarquable%20Luxembourg"}], "photos": [], "details": {"espece": "Salix alba", "fiche": "À vérifier"}}}, {"type": "Feature", "geometry": {"type": "Point", "coordinates": [6.278872, 49.514989]}, "properties": {"id": "lu-arbre-0035", "name": "Arbre remarquable", "theme": "arbre-remarquable", "description": "Mespilus germanica.", "links": [{"label": "🔎 Infos", "url": "https://www.google.com/search?q=Arbre%20remarquable%20Luxembourg"}], "photos": [], "details": {"espece": "Mespilus germanica", "fiche": "À vérifier"}}}, {"type": "Feature", "geometry": {"type": "Point", "coordinates": [6.187745, 49.517199]}, "properties": {"id": "lu-arbre-0036", "name": "Arbre remarquable", "theme": "arbre-remarquable", "description": "Arbre remarquable.", "links": [{"label": "🔎 Infos", "url": "https://www.google.com/search?q=Arbre%20remarquable%20Luxembourg"}], "photos": [], "details": {"fiche": "À vérifier"}}}, {"type": "Feature", "geometry": {"type": "Point", "coordinates": [5.922481, 49.517788]}, "properties": {"id": "lu-arbre-0037", "name": "Arbre remarquable", "theme": "arbre-remarquable", "description": "Arbre remarquable.", "links": [{"label": "🔎 Infos", "url": "https://www.google.com/search?q=Arbre%20remarquable%20Luxembourg"}], "photos": [], "details": {"fiche": "À vérifier"}}}, {"type": "Feature", "geometry": {"type": "Point", "coordinates": [5.922355, 49.517833]}, "properties": {"id": "lu-arbre-0038", "name": "Arbre remarquable", "theme": "arbre-remarquable", "description": "Arbre remarquable.", "links": [{"label": "🔎 Infos", "url": "https://www.google.com/search?q=Arbre%20remarquable%20Luxembourg"}], "photos": [], "details": {"fiche": "À vérifier"}}}, {"type": "Feature", "geometry": {"type": "Point", "coordinates": [5.922243, 49.517871]}, "properties": {"id": "lu-arbre-0039", "name": "Arbre remarquable", "theme": "arbre-remarquable", "description": "Arbre remarquable.", "links": [{"label": "🔎 Infos", "url": "https://www.google.com/search?q=Arbre%20remarquable%20Luxembourg"}], "photos": [], "details": {"fiche": "À vérifier"}}}, {"type": "Feature", "geometry": {"type": "Point", "coordinates": [5.922112, 49.517919]}, "properties": {"id": "lu-arbre-0040", "name": "Arbre remarquable", "theme": "arbre-remarquable", "description": "Arbre remarquable.", "links": [{"label": "🔎 Infos", "url": "https://www.google.com/search?q=Arbre%20remarquable%20Luxembourg"}], "photos": [], "details": {"fiche": "À vérifier"}}}, {"type": "Feature", "geometry": {"type": "Point", "coordinates": [6.026128, 49.518649]}, "properties": {"id": "lu-arbre-0041", "name": "Arbre remarquable", "theme": "arbre-remarquable", "description": "Arbre remarquable.", "links": [{"label": "🔎 Infos", "url": "https://www.google.com/search?q=Arbre%20remarquable%20Luxembourg"}], "photos": [], "details": {"fiche": "À vérifier"}}}, {"type": "Feature", "geometry": {"type": "Point", "coordinates": [5.929683, 49.524798]}, "properties": {"id": "lu-arbre-0042", "name": "Arbre remarquable", "theme": "arbre-remarquable", "description": "Arbre remarquable.", "links": [{"label": "🔎 Infos", "url": "https://www.google.com/search?q=Arbre%20remarquable%20Luxembourg"}], "photos": [], "details": {"fiche": "À vérifier"}}}, {"type": "Feature", "geometry": {"type": "Point", "coordinates": [5.928826, 49.524922]}, "properties": {"id": "lu-arbre-0043", "name": "Arbre remarquable", "theme": "arbre-remarquable", "description": "Arbre remarquable.", "links": [{"label": "🔎 Infos", "url": "https://www.google.com/search?q=Arbre%20remarquable%20Luxembourg"}], "photos": [], "details": {"fiche": "À vérifier"}}}, {"type": "Feature", "geometry": {"type": "Point", "coordinates": [5.858529, 49.528262]}, "properties": {"id": "lu-arbre-0044", "name": "Arbre remarquable", "theme": "arbre-remarquable", "description": "Arbre remarquable.", "links": [{"label": "🔎 Infos", "url": "https://www.google.com/search?q=Arbre%20remarquable%20Luxembourg"}], "photos": [], "details": {"fiche": "À vérifier"}}}, {"type": "Feature", "geometry": {"type": "Point", "coordinates": [6.15004, 49.531847]}, "properties": {"id": "lu-arbre-0045", "name": "Arbre remarquable", "theme": "arbre-remarquable", "description": "Quercus robur.", "links": [{"label": "🔎 Infos", "url": "https://www.google.com/search?q=Arbre%20remarquable%20Luxembourg"}], "photos": [], "details": {"espece": "Quercus robur", "fiche": "À vérifier"}}}, {"type": "Feature", "geometry": {"type": "Point", "coordinates": [6.142233, 49.533221]}, "properties": {"id": "lu-arbre-0046", "name": "Arbre remarquable", "theme": "arbre-remarquable", "description": "Arbre remarquable.", "links": [{"label": "🔎 Infos", "url": "https://www.google.com/search?q=Arbre%20remarquable%20Luxembourg"}], "photos": [], "details": {"fiche": "À vérifier"}}}, {"type": "Feature", "geometry": {"type": "Point", "coordinates": [6.00102, 49.533778]}, "properties": {"id": "lu-arbre-0047", "name": "Arbre remarquable", "theme": "arbre-remarquable", "description": "Quercus robur.", "links": [{"label": "🔎 Infos", "url": "https://www.google.com/search?q=Arbre%20remarquable%20Luxembourg"}], "photos": [], "details": {"espece": "Quercus robur", "fiche": "À vérifier"}}}, {"type": "Feature", "geometry": {"type": "Point", "coordinates": [6.144857, 49.535424]}, "properties": {"id": "lu-arbre-0048", "name": "Arbre remarquable", "theme": "arbre-remarquable", "description": "Juglans regia.", "links": [{"label": "🔎 Infos", "url": "https://www.google.com/search?q=Arbre%20remarquable%20Luxembourg"}], "photos": [], "details": {"espece": "Juglans regia", "fiche": "À vérifier"}}}, {"type": "Feature", "geometry": {"type": "Point", "coordinates": [6.050523, 49.536091]}, "properties": {"id": "lu-arbre-0049", "name": "Arbre remarquable", "theme": "arbre-remarquable", "description": "Arbre remarquable.", "links": [{"label": "🔎 Infos", "url": "https://www.google.com/search?q=Arbre%20remarquable%20Luxembourg"}], "photos": [], "details": {"fiche": "À vérifier"}}}, {"type": "Feature", "geometry": {"type": "Point", "coordinates": [6.257145, 49.539501]}, "properties": {"id": "lu-arbre-0050", "name": "Arbre remarquable", "theme": "arbre-remarquable", "description": "Aesculus hippocastanum.", "links": [{"label": "🔎 Infos", "url": "https://www.google.com/search?q=Arbre%20remarquable%20Luxembourg"}], "photos": [], "details": {"espece": "Aesculus hippocastanum", "fiche": "À vérifier"}}}, {"type": "Feature", "geometry": {"type": "Point", "coordinates": [6.256242, 49.539807]}, "properties": {"id": "lu-arbre-0051", "name": "Arbre remarquable", "theme": "arbre-remarquable", "description": "Aesculus hippocastanum.", "links": [{"label": "🔎 Infos", "url": "https://www.google.com/search?q=Arbre%20remarquable%20Luxembourg"}], "photos": [], "details": {"espece": "Aesculus hippocastanum", "fiche": "À vérifier"}}}, {"type": "Feature", "geometry": {"type": "Point", "coordinates": [5.959343, 49.543398]}, "properties": {"id": "lu-arbre-0052", "name": "Arbre remarquable", "theme": "arbre-remarquable", "description": "Arbre remarquable.", "links": [{"label": "🔎 Infos", "url": "https://www.google.com/search?q=Arbre%20remarquable%20Luxembourg"}], "photos": [], "details": {"fiche": "À vérifier"}}}, {"type": "Feature", "geometry": {"type": "Point", "coordinates": [6.011107, 49.548294]}, "properties": {"id": "lu-arbre-0053", "name": "Arbre remarquable", "theme": "arbre-remarquable", "description": "Fraxinus excelsior.", "links": [{"label": "🔎 Infos", "url": "https://www.google.com/search?q=Arbre%20remarquable%20Luxembourg"}], "photos": [], "details": {"espece": "Fraxinus excelsior", "fiche": "À vérifier"}}}, {"type": "Feature", "geometry": {"type": "Point", "coordinates": [5.877394, 49.55702]}, "properties": {"id": "lu-arbre-0054", "name": "Arbre remarquable", "theme": "arbre-remarquable", "description": "Aesculus hippocastanum.", "links": [{"label": "🔎 Infos", "url": "https://www.google.com/search?q=Arbre%20remarquable%20Luxembourg"}], "photos": [], "details": {"espece": "Aesculus hippocastanum", "fiche": "À vérifier"}}}, {"type": "Feature", "geometry": {"type": "Point", "coordinates": [6.010685, 49.557034]}, "properties": {"id": "lu-arbre-0055", "name": "Arbre remarquable", "theme": "arbre-remarquable", "description": "Fraxinus excelsior.", "links": [{"label": "🔎 Infos", "url": "https://www.google.com/search?q=Arbre%20remarquable%20Luxembourg"}], "photos": [], "details": {"espece": "Fraxinus excelsior", "fiche": "À vérifier"}}}, {"type": "Feature", "geometry": {"type": "Point", "coordinates": [5.877254, 49.557334]}, "properties": {"id": "lu-arbre-0056", "name": "Arbre remarquable", "theme": "arbre-remarquable", "description": "Fagus sylvatica.", "links": [{"label": "🔎 Infos", "url": "https://www.google.com/search?q=Arbre%20remarquable%20Luxembourg"}], "photos": [], "details": {"espece": "Fagus sylvatica", "fiche": "À vérifier"}}}, {"type": "Feature", "geometry": {"type": "Point", "coordinates": [6.009755, 49.558067]}, "properties": {"id": "lu-arbre-0057", "name": "Arbre remarquable", "theme": "arbre-remarquable", "description": "Fraxinus excelsior.", "links": [{"label": "🔎 Infos", "url": "https://www.google.com/search?q=Arbre%20remarquable%20Luxembourg"}], "photos": [], "details": {"espece": "Fraxinus excelsior", "fiche": "À vérifier"}}}, {"type": "Feature", "geometry": {"type": "Point", "coordinates": [6.008069, 49.562407]}, "properties": {"id": "lu-arbre-0058", "name": "Arbre remarquable", "theme": "arbre-remarquable", "description": "Aesculus hippocastanum.", "links": [{"label": "🔎 Infos", "url": "https://www.google.com/search?q=Arbre%20remarquable%20Luxembourg"}], "photos": [], "details": {"espece": "Aesculus hippocastanum", "fiche": "À vérifier"}}}, {"type": "Feature", "geometry": {"type": "Point", "coordinates": [6.043875, 49.56541]}, "properties": {"id": "lu-arbre-0059", "name": "Arbre remarquable", "theme": "arbre-remarquable", "description": "Arbre remarquable.", "links": [{"label": "🔎 Infos", "url": "https://www.google.com/search?q=Arbre%20remarquable%20Luxembourg"}], "photos": [], "details": {"fiche": "À vérifier"}}}, {"type": "Feature", "geometry": {"type": "Point", "coordinates": [6.21949, 49.566122]}, "properties": {"id": "lu-arbre-0060", "name": "Arbre remarquable", "theme": "arbre-remarquable", "description": "Arbre remarquable.", "links": [{"label": "🔎 Infos", "url": "https://www.google.com/search?q=Arbre%20remarquable%20Luxembourg"}], "photos": [], "details": {"fiche": "À vérifier"}}}, {"type": "Feature", "geometry": {"type": "Point", "coordinates": [6.219432, 49.566352]}, "properties": {"id": "lu-arbre-0061", "name": "Arbre remarquable", "theme": "arbre-remarquable", "description": "Arbre remarquable.", "links": [{"label": "🔎 Infos", "url": "https://www.google.com/search?q=Arbre%20remarquable%20Luxembourg"}], "photos": [], "details": {"fiche": "À vérifier"}}}, {"type": "Feature", "geometry": {"type": "Point", "coordinates": [6.052287, 49.5686]}, "properties": {"id": "lu-arbre-0062", "name": "Arbre remarquable", "theme": "arbre-remarquable", "description": "Arbre remarquable.", "links": [{"label": "🔎 Infos", "url": "https://www.google.com/search?q=Arbre%20remarquable%20Luxembourg"}], "photos": [], "details": {"fiche": "À vérifier"}}}, {"type": "Feature", "geometry": {"type": "Point", "coordinates": [6.019336, 49.57091]}, "properties": {"id": "lu-arbre-0063", "name": "Arbre remarquable", "theme": "arbre-remarquable", "description": "Arbre remarquable.", "links": [{"label": "🔎 Infos", "url": "https://www.google.com/search?q=Arbre%20remarquable%20Luxembourg"}], "photos": [], "details": {"fiche": "À vérifier"}}}, {"type": "Feature", "geometry": {"type": "Point", "coordinates": [6.016117, 49.572315]}, "properties": {"id": "lu-arbre-0064", "name": "Arbre remarquable", "theme": "arbre-remarquable", "description": "Arbre remarquable.", "links": [{"label": "🔎 Infos", "url": "https://www.google.com/search?q=Arbre%20remarquable%20Luxembourg"}], "photos": [], "details": {"fiche": "À vérifier"}}}, {"type": "Feature", "geometry": {"type": "Point", "coordinates": [6.315974, 49.573066]}, "properties": {"id": "lu-arbre-0065", "name": "Arbre remarquable", "theme": "arbre-remarquable", "description": "Arbre remarquable.", "links": [{"label": "🔎 Infos", "url": "https://www.google.com/search?q=Arbre%20remarquable%20Luxembourg"}], "photos": [], "details": {"fiche": "À vérifier"}}}, {"type": "Feature", "geometry": {"type": "Point", "coordinates": [6.08395, 49.573653]}, "properties": {"id": "lu-arbre-0066", "name": "Arbre remarquable", "theme": "arbre-remarquable", "description": "Fagus sylvatica.", "links": [{"label": "🔎 Infos", "url": "https://www.google.com/search?q=Arbre%20remarquable%20Luxembourg"}], "photos": [], "details": {"espece": "Fagus sylvatica", "fiche": "À vérifier"}}}, {"type": "Feature", "geometry": {"type": "Point", "coordinates": [5.908988, 49.578143]}, "properties": {"id": "lu-arbre-0067", "name": "Arbre remarquable", "theme": "arbre-remarquable", "description": "Arbre remarquable.", "links": [{"label": "🔎 Infos", "url": "https://www.google.com/search?q=Arbre%20remarquable%20Luxembourg"}], "photos": [], "details": {"fiche": "À vérifier"}}}, {"type": "Feature", "geometry": {"type": "Point", "coordinates": [5.969155, 49.58023]}, "properties": {"id": "lu-arbre-0068", "name": "Arbre remarquable", "theme": "arbre-remarquable", "description": "Arbre remarquable.", "links": [{"label": "🔎 Infos", "url": "https://www.google.com/search?q=Arbre%20remarquable%20Luxembourg"}], "photos": [], "details": {"fiche": "À vérifier"}}}, {"type": "Feature", "geometry": {"type": "Point", "coordinates": [5.991208, 49.580787]}, "properties": {"id": "lu-arbre-0069", "name": "Arbre remarquable", "theme": "arbre-remarquable", "description": "Arbre remarquable.", "links": [{"label": "🔎 Infos", "url": "https://www.google.com/search?q=Arbre%20remarquable%20Luxembourg"}], "photos": [], "details": {"fiche": "À vérifier"}}}, {"type": "Feature", "geometry": {"type": "Point", "coordinates": [5.991429, 49.581066]}, "properties": {"id": "lu-arbre-0070", "name": "Arbre remarquable", "theme": "arbre-remarquable", "description": "Arbre remarquable.", "links": [{"label": "🔎 Infos", "url": "https://www.google.com/search?q=Arbre%20remarquable%20Luxembourg"}], "photos": [], "details": {"fiche": "À vérifier"}}}, {"type": "Feature", "geometry": {"type": "Point", "coordinates": [5.980075, 49.584987]}, "properties": {"id": "lu-arbre-0071", "name": "Arbre remarquable", "theme": "arbre-remarquable", "description": "Arbre remarquable.", "links": [{"label": "🔎 Infos", "url": "https://www.google.com/search?q=Arbre%20remarquable%20Luxembourg"}], "photos": [], "details": {"fiche": "À vérifier"}}}, {"type": "Feature", "geometry": {"type": "Point", "coordinates": [5.979257, 49.585453]}, "properties": {"id": "lu-arbre-0072", "name": "Arbre remarquable", "theme": "arbre-remarquable", "description": "Arbre remarquable.", "links": [{"label": "🔎 Infos", "url": "https://www.google.com/search?q=Arbre%20remarquable%20Luxembourg"}], "photos": [], "details": {"fiche": "À vérifier"}}}, {"type": "Feature", "geometry": {"type": "Point", "coordinates": [6.059487, 49.588765]}, "properties": {"id": "lu-arbre-0073", "name": "Arbre remarquable", "theme": "arbre-remarquable", "description": "Arbre remarquable.", "links": [{"label": "🔎 Infos", "url": "https://www.google.com/search?q=Arbre%20remarquable%20Luxembourg"}], "photos": [], "details": {"fiche": "À vérifier"}}}, {"type": "Feature", "geometry": {"type": "Point", "coordinates": [6.314868, 49.591266]}, "properties": {"id": "lu-arbre-0074", "name": "Arbre remarquable", "theme": "arbre-remarquable", "description": "Castanea sativa.", "links": [{"label": "🔎 Infos", "url": "https://www.google.com/search?q=Arbre%20remarquable%20Luxembourg"}], "photos": [], "details": {"espece": "Castanea sativa", "fiche": "À vérifier"}}}, {"type": "Feature", "geometry": {"type": "Point", "coordinates": [6.314785, 49.591329]}, "properties": {"id": "lu-arbre-0075", "name": "Arbre remarquable", "theme": "arbre-remarquable", "description": "Castanea sativa.", "links": [{"label": "🔎 Infos", "url": "https://www.google.com/search?q=Arbre%20remarquable%20Luxembourg"}], "photos": [], "details": {"espece": "Castanea sativa", "fiche": "À vérifier"}}}, {"type": "Feature", "geometry": {"type": "Point", "coordinates": [5.986604, 49.59151]}, "properties": {"id": "lu-arbre-0076", "name": "Arbre remarquable", "theme": "arbre-remarquable", "description": "Juglans regia.", "links": [{"label": "🔎 Infos", "url": "https://www.google.com/search?q=Arbre%20remarquable%20Luxembourg"}], "photos": [], "details": {"espece": "Juglans regia", "fiche": "À vérifier"}}}, {"type": "Feature", "geometry": {"type": "Point", "coordinates": [5.987156, 49.592245]}, "properties": {"id": "lu-arbre-0077", "name": "Arbre remarquable", "theme": "arbre-remarquable", "description": "Arbre remarquable.", "links": [{"label": "🔎 Infos", "url": "https://www.google.com/search?q=Arbre%20remarquable%20Luxembourg"}], "photos": [], "details": {"fiche": "À vérifier"}}}, {"type": "Feature", "geometry": {"type": "Point", "coordinates": [6.31133, 49.592493]}, "properties": {"id": "lu-arbre-0078", "name": "Arbre remarquable", "theme": "arbre-remarquable", "description": "Arbre remarquable.", "links": [{"label": "🔎 Infos", "url": "https://www.google.com/search?q=Arbre%20remarquable%20Luxembourg"}], "photos": [], "details": {"fiche": "À vérifier"}}}, {"type": "Feature", "geometry": {"type": "Point", "coordinates": [6.174531, 49.592556]}, "properties": {"id": "lu-arbre-0079", "name": "Arbre remarquable", "theme": "arbre-remarquable", "description": "Quercus robur.", "links": [{"label": "🔎 Infos", "url": "https://www.google.com/search?q=Arbre%20remarquable%20Luxembourg"}], "photos": [], "details": {"espece": "Quercus robur", "fiche": "À vérifier"}}}, {"type": "Feature", "geometry": {"type": "Point", "coordinates": [6.317445, 49.592809]}, "properties": {"id": "lu-arbre-0080", "name": "Arbre remarquable", "theme": "arbre-remarquable", "description": "Prunus avium.", "links": [{"label": "🔎 Infos", "url": "https://www.google.com/search?q=Arbre%20remarquable%20Luxembourg"}], "photos": [], "details": {"espece": "Prunus avium", "fiche": "À vérifier"}}}, {"type": "Feature", "geometry": {"type": "Point", "coordinates": [6.174277, 49.593158]}, "properties": {"id": "lu-arbre-0081", "name": "Arbre remarquable", "theme": "arbre-remarquable", "description": "Fagus sylvatica.", "links": [{"label": "🔎 Infos", "url": "https://www.google.com/search?q=Arbre%20remarquable%20Luxembourg"}], "photos": [], "details": {"espece": "Fagus sylvatica", "fiche": "À vérifier"}}}, {"type": "Feature", "geometry": {"type": "Point", "coordinates": [6.174001, 49.593526]}, "properties": {"id": "lu-arbre-0082", "name": "Arbre remarquable", "theme": "arbre-remarquable", "description": "Fagus sylvatica.", "links": [{"label": "🔎 Infos", "url": "https://www.google.com/search?q=Arbre%20remarquable%20Luxembourg"}], "photos": [], "details": {"espece": "Fagus sylvatica", "fiche": "À vérifier"}}}, {"type": "Feature", "geometry": {"type": "Point", "coordinates": [5.987067, 49.593845]}, "properties": {"id": "lu-arbre-0083", "name": "Arbre remarquable", "theme": "arbre-remarquable", "description": "Quercus robur.", "links": [{"label": "🔎 Infos", "url": "https://www.google.com/search?q=Arbre%20remarquable%20Luxembourg"}], "photos": [], "details": {"espece": "Quercus robur", "fiche": "À vérifier"}}}, {"type": "Feature", "geometry": {"type": "Point", "coordinates": [5.988005, 49.59471]}, "properties": {"id": "lu-arbre-0084", "name": "Arbre remarquable", "theme": "arbre-remarquable", "description": "Arbre remarquable.", "links": [{"label": "🔎 Infos", "url": "https://www.google.com/search?q=Arbre%20remarquable%20Luxembourg"}], "photos": [], "details": {"fiche": "À vérifier"}}}, {"type": "Feature", "geometry": {"type": "Point", "coordinates": [6.318413, 49.595043]}, "properties": {"id": "lu-arbre-0085", "name": "Arbre remarquable", "theme": "arbre-remarquable", "description": "Arbre remarquable.", "links": [{"label": "🔎 Infos", "url": "https://www.google.com/search?q=Arbre%20remarquable%20Luxembourg"}], "photos": [], "details": {"fiche": "À vérifier"}}}, {"type": "Feature", "geometry": {"type": "Point", "coordinates": [5.879217, 49.604559]}, "properties": {"id": "lu-arbre-0086", "name": "Arbre remarquable", "theme": "arbre-remarquable", "description": "Arbre remarquable.", "links": [{"label": "🔎 Infos", "url": "https://www.google.com/search?q=Arbre%20remarquable%20Luxembourg"}], "photos": [], "details": {"fiche": "À vérifier"}}}, {"type": "Feature", "geometry": {"type": "Point", "coordinates": [6.1215, 49.606788]}, "properties": {"id": "lu-arbre-0087", "name": "Arbre remarquable", "theme": "arbre-remarquable", "description": "Aesculus hippocastanum.", "links": [{"label": "🔎 Infos", "url": "https://www.google.com/search?q=Arbre%20remarquable%20Luxembourg"}], "photos": [], "details": {"espece": "Aesculus hippocastanum", "fiche": "À vérifier"}}}, {"type": "Feature", "geometry": {"type": "Point", "coordinates": [6.134268, 49.606874]}, "properties": {"id": "lu-arbre-0088", "name": "Arbre remarquable", "theme": "arbre-remarquable", "description": "Platanus acerifolia.", "links": [{"label": "🔎 Infos", "url": "https://www.google.com/search?q=Arbre%20remarquable%20Luxembourg"}], "photos": [], "details": {"espece": "Platanus acerifolia", "fiche": "À vérifier"}}}, {"type": "Feature", "geometry": {"type": "Point", "coordinates": [6.403382, 49.607797]}, "properties": {"id": "lu-arbre-0089", "name": "Arbre remarquable", "theme": "arbre-remarquable", "description": "Ginkgo biloba.", "links": [{"label": "🔎 Infos", "url": "https://www.google.com/search?q=Arbre%20remarquable%20Luxembourg"}], "photos": [], "details": {"espece": "Ginkgo biloba", "fiche": "À vérifier"}}}, {"type": "Feature", "geometry": {"type": "Point", "coordinates": [6.287457, 49.609225]}, "properties": {"id": "lu-arbre-0090", "name": "Arbre remarquable", "theme": "arbre-remarquable", "description": "Arbre remarquable.", "links": [{"label": "🔎 Infos", "url": "https://www.google.com/search?q=Arbre%20remarquable%20Luxembourg"}], "photos": [], "details": {"fiche": "À vérifier"}}}, {"type": "Feature", "geometry": {"type": "Point", "coordinates": [6.121897, 49.609459]}, "properties": {"id": "lu-arbre-0091", "name": "Arbre remarquable", "theme": "arbre-remarquable", "description": "Fagus sylvatica.", "links": [{"label": "🔎 Infos", "url": "https://www.google.com/search?q=Arbre%20remarquable%20Luxembourg"}], "photos": [], "details": {"espece": "Fagus sylvatica", "fiche": "À vérifier"}}}, {"type": "Feature", "geometry": {"type": "Point", "coordinates": [6.197137, 49.609913]}, "properties": {"id": "lu-arbre-0092", "name": "Arbre remarquable", "theme": "arbre-remarquable", "description": "Arbre remarquable.", "links": [{"label": "🔎 Infos", "url": "https://www.google.com/search?q=Arbre%20remarquable%20Luxembourg"}], "photos": [], "details": {"fiche": "À vérifier"}}}, {"type": "Feature", "geometry": {"type": "Point", "coordinates": [6.134956, 49.611846]}, "properties": {"id": "lu-arbre-0093", "name": "Arbre remarquable", "theme": "arbre-remarquable", "description": "Acer pseudoplatanus.", "links": [{"label": "🔎 Infos", "url": "https://www.google.com/search?q=Arbre%20remarquable%20Luxembourg"}], "photos": [], "details": {"espece": "Acer pseudoplatanus", "fiche": "À vérifier"}}}, {"type": "Feature", "geometry": {"type": "Point", "coordinates": [6.408287, 49.612193]}, "properties": {"id": "lu-arbre-0094", "name": "Arbre remarquable", "theme": "arbre-remarquable", "description": "Arbre remarquable.", "links": [{"label": "🔎 Infos", "url": "https://www.google.com/search?q=Arbre%20remarquable%20Luxembourg"}], "photos": [], "details": {"fiche": "À vérifier"}}}, {"type": "Feature", "geometry": {"type": "Point", "coordinates": [6.408482, 49.612399]}, "properties": {"id": "lu-arbre-0095", "name": "Arbre remarquable", "theme": "arbre-remarquable", "description": "Fagus sylvatica.", "links": [{"label": "🔎 Infos", "url": "https://www.google.com/search?q=Arbre%20remarquable%20Luxembourg"}], "photos": [], "details": {"espece": "Fagus sylvatica", "fiche": "À vérifier"}}}, {"type": "Feature", "geometry": {"type": "Point", "coordinates": [5.948282, 49.612695]}, "properties": {"id": "lu-arbre-0096", "name": "Arbre remarquable", "theme": "arbre-remarquable", "description": "Salix vitellina.", "links": [{"label": "🔎 Infos", "url": "https://www.google.com/search?q=Arbre%20remarquable%20Luxembourg"}], "photos": [], "details": {"espece": "Salix vitellina", "fiche": "À vérifier"}}}, {"type": "Feature", "geometry": {"type": "Point", "coordinates": [6.131994, 49.613265]}, "properties": {"id": "lu-arbre-0097", "name": "Arbre remarquable", "theme": "arbre-remarquable", "description": "Aesculus hippocastanum.", "links": [{"label": "🔎 Infos", "url": "https://www.google.com/search?q=Arbre%20remarquable%20Luxembourg"}], "photos": [], "details": {"espece": "Aesculus hippocastanum", "fiche": "À vérifier"}}}, {"type": "Feature", "geometry": {"type": "Point", "coordinates": [6.122363, 49.613999]}, "properties": {"id": "lu-arbre-0098", "name": "Arbre remarquable", "theme": "arbre-remarquable", "description": "Aria edulis.", "links": [{"label": "🔎 Infos", "url": "https://www.google.com/search?q=Arbre%20remarquable%20Luxembourg"}], "photos": [], "details": {"espece": "Aria edulis", "fiche": "À vérifier"}}}, {"type": "Feature", "geometry": {"type": "Point", "coordinates": [6.138829, 49.615829]}, "properties": {"id": "lu-arbre-0099", "name": "Arbre remarquable", "theme": "arbre-remarquable", "description": "Quercus robur.", "links": [{"label": "🔎 Infos", "url": "https://www.google.com/search?q=Arbre%20remarquable%20Luxembourg"}], "photos": [], "details": {"espece": "Quercus robur", "fiche": "À vérifier"}}}, {"type": "Feature", "geometry": {"type": "Point", "coordinates": [6.003261, 49.619637]}, "properties": {"id": "lu-arbre-0100", "name": "Arbre remarquable", "theme": "arbre-remarquable", "description": "Quercus robur.", "links": [{"label": "🔎 Infos", "url": "https://www.google.com/search?q=Arbre%20remarquable%20Luxembourg"}], "photos": [], "details": {"espece": "Quercus robur", "fiche": "À vérifier"}}}, {"type": "Feature", "geometry": {"type": "Point", "coordinates": [6.132709, 49.620701]}, "properties": {"id": "lu-arbre-0101", "name": "Arbre remarquable", "theme": "arbre-remarquable", "description": "Salix alba.", "links": [{"label": "🔎 Infos", "url": "https://www.google.com/search?q=Arbre%20remarquable%20Luxembourg"}], "photos": [], "details": {"espece": "Salix alba", "fiche": "À vérifier"}}}, {"type": "Feature", "geometry": {"type": "Point", "coordinates": [5.915138, 49.621619]}, "properties": {"id": "lu-arbre-0102", "name": "Arbre remarquable", "theme": "arbre-remarquable", "description": "Carpinus betulus.", "links": [{"label": "🔎 Infos", "url": "https://www.google.com/search?q=Arbre%20remarquable%20Luxembourg"}], "photos": [], "details": {"espece": "Carpinus betulus", "fiche": "À vérifier"}}}, {"type": "Feature", "geometry": {"type": "Point", "coordinates": [6.130535, 49.621914]}, "properties": {"id": "lu-arbre-0103", "name": "Arbre remarquable", "theme": "arbre-remarquable", "description": "Catalpa bignonioides.", "links": [{"label": "🔎 Infos", "url": "https://www.google.com/search?q=Arbre%20remarquable%20Luxembourg"}], "photos": [], "details": {"espece": "Catalpa bignonioides", "fiche": "À vérifier"}}}, {"type": "Feature", "geometry": {"type": "Point", "coordinates": [6.112624, 49.623912]}, "properties": {"id": "lu-arbre-0104", "name": "Arbre remarquable", "theme": "arbre-remarquable", "description": "Fagus sylvatica.", "links": [{"label": "🔎 Infos", "url": "https://www.google.com/search?q=Arbre%20remarquable%20Luxembourg"}], "photos": [], "details": {"espece": "Fagus sylvatica", "fiche": "À vérifier"}}}, {"type": "Feature", "geometry": {"type": "Point", "coordinates": [6.193161, 49.627204]}, "properties": {"id": "lu-arbre-0105", "name": "Arbre remarquable", "theme": "arbre-remarquable", "description": "Arbre remarquable.", "links": [{"label": "🔎 Infos", "url": "https://www.google.com/search?q=Arbre%20remarquable%20Luxembourg"}], "photos": [], "details": {"fiche": "À vérifier"}}}, {"type": "Feature", "geometry": {"type": "Point", "coordinates": [6.193148, 49.62726]}, "properties": {"id": "lu-arbre-0106", "name": "Arbre remarquable", "theme": "arbre-remarquable", "description": "Arbre remarquable.", "links": [{"label": "🔎 Infos", "url": "https://www.google.com/search?q=Arbre%20remarquable%20Luxembourg"}], "photos": [], "details": {"fiche": "À vérifier"}}}, {"type": "Feature", "geometry": {"type": "Point", "coordinates": [6.126088, 49.627613]}, "properties": {"id": "lu-arbre-0107", "name": "Arbre remarquable", "theme": "arbre-remarquable", "description": "Arbre remarquable.", "links": [{"label": "🔎 Infos", "url": "https://www.google.com/search?q=Arbre%20remarquable%20Luxembourg"}], "photos": [], "details": {"fiche": "À vérifier"}}}, {"type": "Feature", "geometry": {"type": "Point", "coordinates": [6.26081, 49.631314]}, "properties": {"id": "lu-arbre-0108", "name": "Arbre remarquable", "theme": "arbre-remarquable", "description": "Arbre remarquable.", "links": [{"label": "🔎 Infos", "url": "https://www.google.com/search?q=Arbre%20remarquable%20Luxembourg"}], "photos": [], "details": {"fiche": "À vérifier"}}}, {"type": "Feature", "geometry": {"type": "Point", "coordinates": [6.260147, 49.631773]}, "properties": {"id": "lu-arbre-0109", "name": "Arbre remarquable", "theme": "arbre-remarquable", "description": "Fagus sylvatica.", "links": [{"label": "🔎 Infos", "url": "https://www.google.com/search?q=Arbre%20remarquable%20Luxembourg"}], "photos": [], "details": {"espece": "Fagus sylvatica", "fiche": "À vérifier"}}}, {"type": "Feature", "geometry": {"type": "Point", "coordinates": [6.259235, 49.632673]}, "properties": {"id": "lu-arbre-0110", "name": "Arbre remarquable", "theme": "arbre-remarquable", "description": "Aesculus hippocastanum.", "links": [{"label": "🔎 Infos", "url": "https://www.google.com/search?q=Arbre%20remarquable%20Luxembourg"}], "photos": [], "details": {"espece": "Aesculus hippocastanum", "fiche": "À vérifier"}}}, {"type": "Feature", "geometry": {"type": "Point", "coordinates": [6.354088, 49.633601]}, "properties": {"id": "lu-arbre-0111", "name": "Arbre remarquable", "theme": "arbre-remarquable", "description": "Arbre remarquable.", "links": [{"label": "🔎 Infos", "url": "https://www.google.com/search?q=Arbre%20remarquable%20Luxembourg"}], "photos": [], "details": {"fiche": "À vérifier"}}}, {"type": "Feature", "geometry": {"type": "Point", "coordinates": [6.188376, 49.634578]}, "properties": {"id": "lu-arbre-0112", "name": "Arbre remarquable", "theme": "arbre-remarquable", "description": "Arbre remarquable.", "links": [{"label": "🔎 Infos", "url": "https://www.google.com/search?q=Arbre%20remarquable%20Luxembourg"}], "photos": [], "details": {"fiche": "À vérifier"}}}, {"type": "Feature", "geometry": {"type": "Point", "coordinates": [6.204144, 49.636282]}, "properties": {"id": "lu-arbre-0113", "name": "Arbre remarquable", "theme": "arbre-remarquable", "description": "Arbre remarquable.", "links": [{"label": "🔎 Infos", "url": "https://www.google.com/search?q=Arbre%20remarquable%20Luxembourg"}], "photos": [], "details": {"fiche": "À vérifier"}}}, {"type": "Feature", "geometry": {"type": "Point", "coordinates": [5.944754, 49.639895]}, "properties": {"id": "lu-arbre-0114", "name": "Arbre remarquable", "theme": "arbre-remarquable", "description": "Arbre remarquable.", "links": [{"label": "🔎 Infos", "url": "https://www.google.com/search?q=Arbre%20remarquable%20Luxembourg"}], "photos": [], "details": {"fiche": "À vérifier"}}}, {"type": "Feature", "geometry": {"type": "Point", "coordinates": [6.03966, 49.641866]}, "properties": {"id": "lu-arbre-0115", "name": "Arbre remarquable", "theme": "arbre-remarquable", "description": "Fagus sylvatica.", "links": [{"label": "🔎 Infos", "url": "https://www.google.com/search?q=Arbre%20remarquable%20Luxembourg"}], "photos": [], "details": {"espece": "Fagus sylvatica", "fiche": "À vérifier"}}}, {"type": "Feature", "geometry": {"type": "Point", "coordinates": [6.236718, 49.646031]}, "properties": {"id": "lu-arbre-0116", "name": "Arbre remarquable", "theme": "arbre-remarquable", "description": "Arbre remarquable.", "links": [{"label": "🔎 Infos", "url": "https://www.google.com/search?q=Arbre%20remarquable%20Luxembourg"}], "photos": [], "details": {"fiche": "À vérifier"}}}, {"type": "Feature", "geometry": {"type": "Point", "coordinates": [6.120191, 49.648203]}, "properties": {"id": "lu-arbre-0117", "name": "Arbre remarquable", "theme": "arbre-remarquable", "description": "Arbre remarquable.", "links": [{"label": "🔎 Infos", "url": "https://www.google.com/search?q=Arbre%20remarquable%20Luxembourg"}], "photos": [], "details": {"fiche": "À vérifier"}}}, {"type": "Feature", "geometry": {"type": "Point", "coordinates": [6.401115, 49.648729]}, "properties": {"id": "lu-arbre-0118", "name": "Arbre remarquable", "theme": "arbre-remarquable", "description": "Arbre remarquable.", "links": [{"label": "🔎 Infos", "url": "https://www.google.com/search?q=Arbre%20remarquable%20Luxembourg"}], "photos": [], "details": {"fiche": "À vérifier"}}}, {"type": "Feature", "geometry": {"type": "Point", "coordinates": [6.398395, 49.650389]}, "properties": {"id": "lu-arbre-0119", "name": "Arbre remarquable", "theme": "arbre-remarquable", "description": "Arbre remarquable.", "links": [{"label": "🔎 Infos", "url": "https://www.google.com/search?q=Arbre%20remarquable%20Luxembourg"}], "photos": [], "details": {"fiche": "À vérifier"}}}, {"type": "Feature", "geometry": {"type": "Point", "coordinates": [6.0528, 49.650797]}, "properties": {"id": "lu-arbre-0120", "name": "Arbre remarquable", "theme": "arbre-remarquable", "description": "Arbre remarquable.", "links": [{"label": "🔎 Infos", "url": "https://www.google.com/search?q=Arbre%20remarquable%20Luxembourg"}], "photos": [], "details": {"fiche": "À vérifier"}}}, {"type": "Feature", "geometry": {"type": "Point", "coordinates": [6.398617, 49.65105]}, "properties": {"id": "lu-arbre-0121", "name": "Arbre remarquable", "theme": "arbre-remarquable", "description": "Aesculus hippocastanum.", "links": [{"label": "🔎 Infos", "url": "https://www.google.com/search?q=Arbre%20remarquable%20Luxembourg"}], "photos": [], "details": {"espece": "Aesculus hippocastanum", "fiche": "À vérifier"}}}, {"type": "Feature", "geometry": {"type": "Point", "coordinates": [6.139445, 49.651128]}, "properties": {"id": "lu-arbre-0122", "name": "Arbre remarquable", "theme": "arbre-remarquable", "description": "Salix alba.", "links": [{"label": "🔎 Infos", "url": "https://www.google.com/search?q=Arbre%20remarquable%20Luxembourg"}], "photos": [], "details": {"espece": "Salix alba", "fiche": "À vérifier"}}}, {"type": "Feature", "geometry": {"type": "Point", "coordinates": [6.054308, 49.651257]}, "properties": {"id": "lu-arbre-0123", "name": "Arbre remarquable", "theme": "arbre-remarquable", "description": "Fagus sylvatica.", "links": [{"label": "🔎 Infos", "url": "https://www.google.com/search?q=Arbre%20remarquable%20Luxembourg"}], "photos": [], "details": {"espece": "Fagus sylvatica", "fiche": "À vérifier"}}}, {"type": "Feature", "geometry": {"type": "Point", "coordinates": [6.118173, 49.651961]}, "properties": {"id": "lu-arbre-0124", "name": "Arbre remarquable", "theme": "arbre-remarquable", "description": "Tilia tomentosa.", "links": [{"label": "🔎 Infos", "url": "https://www.google.com/search?q=Arbre%20remarquable%20Luxembourg"}], "photos": [], "details": {"espece": "Tilia tomentosa", "fiche": "À vérifier"}}}, {"type": "Feature", "geometry": {"type": "Point", "coordinates": [5.977172, 49.652208]}, "properties": {"id": "lu-arbre-0125", "name": "Arbre remarquable", "theme": "arbre-remarquable", "description": "Arbre remarquable.", "links": [{"label": "🔎 Infos", "url": "https://www.google.com/search?q=Arbre%20remarquable%20Luxembourg"}], "photos": [], "details": {"fiche": "À vérifier"}}}, {"type": "Feature", "geometry": {"type": "Point", "coordinates": [5.958572, 49.652751]}, "properties": {"id": "lu-arbre-0126", "name": "Arbre remarquable", "theme": "arbre-remarquable", "description": "Pyrus communis.", "links": [{"label": "🔎 Infos", "url": "https://www.google.com/search?q=Arbre%20remarquable%20Luxembourg"}], "photos": [], "details": {"espece": "Pyrus communis", "fiche": "À vérifier"}}}, {"type": "Feature", "geometry": {"type": "Point", "coordinates": [6.354776, 49.65428]}, "properties": {"id": "lu-arbre-0127", "name": "Arbre remarquable", "theme": "arbre-remarquable", "description": "Arbre remarquable.", "links": [{"label": "🔎 Infos", "url": "https://www.google.com/search?q=Arbre%20remarquable%20Luxembourg"}], "photos": [], "details": {"fiche": "À vérifier"}}}, {"type": "Feature", "geometry": {"type": "Point", "coordinates": [6.404234, 49.655241]}, "properties": {"id": "lu-arbre-0128", "name": "Arbre remarquable", "theme": "arbre-remarquable", "description": "Quercus robur.", "links": [{"label": "🔎 Infos", "url": "https://www.google.com/search?q=Arbre%20remarquable%20Luxembourg"}], "photos": [], "details": {"espece": "Quercus robur", "fiche": "À vérifier"}}}, {"type": "Feature", "geometry": {"type": "Point", "coordinates": [6.331392, 49.656302]}, "properties": {"id": "lu-arbre-0129", "name": "Arbre remarquable", "theme": "arbre-remarquable", "description": "Ulmus glabra.", "links": [{"label": "🔎 Infos", "url": "https://www.google.com/search?q=Arbre%20remarquable%20Luxembourg"}], "photos": [], "details": {"espece": "Ulmus glabra", "fiche": "À vérifier"}}}, {"type": "Feature", "geometry": {"type": "Point", "coordinates": [6.231985, 49.658182]}, "properties": {"id": "lu-arbre-0130", "name": "Arbre remarquable", "theme": "arbre-remarquable", "description": "Tilia platyphyllos.", "links": [{"label": "🔎 Infos", "url": "https://www.google.com/search?q=Arbre%20remarquable%20Luxembourg"}], "photos": [], "details": {"espece": "Tilia platyphyllos", "fiche": "À vérifier"}}}, {"type": "Feature", "geometry": {"type": "Point", "coordinates": [5.997635, 49.660705]}, "properties": {"id": "lu-arbre-0131", "name": "Arbre remarquable", "theme": "arbre-remarquable", "description": "Quercus robur.", "links": [{"label": "🔎 Infos", "url": "https://www.google.com/search?q=Arbre%20remarquable%20Luxembourg"}], "photos": [], "details": {"espece": "Quercus robur", "fiche": "À vérifier"}}}, {"type": "Feature", "geometry": {"type": "Point", "coordinates": [5.998109, 49.664755]}, "properties": {"id": "lu-arbre-0132", "name": "Arbre remarquable", "theme": "arbre-remarquable", "description": "Arbre remarquable.", "links": [{"label": "🔎 Infos", "url": "https://www.google.com/search?q=Arbre%20remarquable%20Luxembourg"}], "photos": [], "details": {"fiche": "À vérifier"}}}, {"type": "Feature", "geometry": {"type": "Point", "coordinates": [6.081992, 49.665854]}, "properties": {"id": "lu-arbre-0133", "name": "Arbre remarquable", "theme": "arbre-remarquable", "description": "Tilia cordata.", "links": [{"label": "🔎 Infos", "url": "https://www.google.com/search?q=Arbre%20remarquable%20Luxembourg"}], "photos": [], "details": {"espece": "Tilia cordata", "fiche": "À vérifier"}}}, {"type": "Feature", "geometry": {"type": "Point", "coordinates": [6.183678, 49.665981]}, "properties": {"id": "lu-arbre-0134", "name": "Arbre remarquable", "theme": "arbre-remarquable", "description": "Arbre remarquable.", "links": [{"label": "🔎 Infos", "url": "https://www.google.com/search?q=Arbre%20remarquable%20Luxembourg"}], "photos": [], "details": {"fiche": "À vérifier"}}}, {"type": "Feature", "geometry": {"type": "Point", "coordinates": [6.069123, 49.666105]}, "properties": {"id": "lu-arbre-0135", "name": "Arbre remarquable", "theme": "arbre-remarquable", "description": "Arbre remarquable.", "links": [{"label": "🔎 Infos", "url": "https://www.google.com/search?q=Arbre%20remarquable%20Luxembourg"}], "photos": [], "details": {"fiche": "À vérifier"}}}, {"type": "Feature", "geometry": {"type": "Point", "coordinates": [5.948969, 49.666588]}, "properties": {"id": "lu-arbre-0136", "name": "Arbre remarquable", "theme": "arbre-remarquable", "description": "Juglans regia.", "links": [{"label": "🔎 Infos", "url": "https://www.google.com/search?q=Arbre%20remarquable%20Luxembourg"}], "photos": [], "details": {"espece": "Juglans regia", "fiche": "À vérifier"}}}, {"type": "Feature", "geometry": {"type": "Point", "coordinates": [6.405209, 49.66876]}, "properties": {"id": "lu-arbre-0137", "name": "Arbre remarquable", "theme": "arbre-remarquable", "description": "Arbre remarquable.", "links": [{"label": "🔎 Infos", "url": "https://www.google.com/search?q=Arbre%20remarquable%20Luxembourg"}], "photos": [], "details": {"fiche": "À vérifier"}}}, {"type": "Feature", "geometry": {"type": "Point", "coordinates": [5.963046, 49.668934]}, "properties": {"id": "lu-arbre-0138", "name": "Arbre remarquable", "theme": "arbre-remarquable", "description": "Juglans regia.", "links": [{"label": "🔎 Infos", "url": "https://www.google.com/search?q=Arbre%20remarquable%20Luxembourg"}], "photos": [], "details": {"espece": "Juglans regia", "fiche": "À vérifier"}}}, {"type": "Feature", "geometry": {"type": "Point", "coordinates": [5.964914, 49.669521]}, "properties": {"id": "lu-arbre-0139", "name": "Arbre remarquable", "theme": "arbre-remarquable", "description": "Tilia platyphyllos.", "links": [{"label": "🔎 Infos", "url": "https://www.google.com/search?q=Arbre%20remarquable%20Luxembourg"}], "photos": [], "details": {"espece": "Tilia platyphyllos", "fiche": "À vérifier"}}}, {"type": "Feature", "geometry": {"type": "Point", "coordinates": [6.04383, 49.671168]}, "properties": {"id": "lu-arbre-0140", "name": "Arbre remarquable", "theme": "arbre-remarquable", "description": "Arbre remarquable.", "links": [{"label": "🔎 Infos", "url": "https://www.google.com/search?q=Arbre%20remarquable%20Luxembourg"}], "photos": [], "details": {"fiche": "À vérifier"}}}, {"type": "Feature", "geometry": {"type": "Point", "coordinates": [6.141414, 49.671197]}, "properties": {"id": "lu-arbre-0141", "name": "Arbre remarquable", "theme": "arbre-remarquable", "description": "Pyrus pyraster.", "links": [{"label": "🔎 Infos", "url": "https://www.google.com/search?q=Arbre%20remarquable%20Luxembourg"}], "photos": [], "details": {"espece": "Pyrus pyraster", "fiche": "À vérifier"}}}, {"type": "Feature", "geometry": {"type": "Point", "coordinates": [6.043769, 49.671255]}, "properties": {"id": "lu-arbre-0142", "name": "Arbre remarquable", "theme": "arbre-remarquable", "description": "Arbre remarquable.", "links": [{"label": "🔎 Infos", "url": "https://www.google.com/search?q=Arbre%20remarquable%20Luxembourg"}], "photos": [], "details": {"fiche": "À vérifier"}}}, {"type": "Feature", "geometry": {"type": "Point", "coordinates": [6.043854, 49.671324]}, "properties": {"id": "lu-arbre-0143", "name": "Arbre remarquable", "theme": "arbre-remarquable", "description": "Arbre remarquable.", "links": [{"label": "🔎 Infos", "url": "https://www.google.com/search?q=Arbre%20remarquable%20Luxembourg"}], "photos": [], "details": {"fiche": "À vérifier"}}}, {"type": "Feature", "geometry": {"type": "Point", "coordinates": [6.044015, 49.671417]}, "properties": {"id": "lu-arbre-0144", "name": "Arbre remarquable", "theme": "arbre-remarquable", "description": "Arbre remarquable.", "links": [{"label": "🔎 Infos", "url": "https://www.google.com/search?q=Arbre%20remarquable%20Luxembourg"}], "photos": [], "details": {"fiche": "À vérifier"}}}, {"type": "Feature", "geometry": {"type": "Point", "coordinates": [6.044066, 49.671543]}, "properties": {"id": "lu-arbre-0145", "name": "Arbre remarquable", "theme": "arbre-remarquable", "description": "Arbre remarquable.", "links": [{"label": "🔎 Infos", "url": "https://www.google.com/search?q=Arbre%20remarquable%20Luxembourg"}], "photos": [], "details": {"fiche": "À vérifier"}}}, {"type": "Feature", "geometry": {"type": "Point", "coordinates": [6.044092, 49.671607]}, "properties": {"id": "lu-arbre-0146", "name": "Arbre remarquable", "theme": "arbre-remarquable", "description": "Arbre remarquable.", "links": [{"label": "🔎 Infos", "url": "https://www.google.com/search?q=Arbre%20remarquable%20Luxembourg"}], "photos": [], "details": {"fiche": "À vérifier"}}}, {"type": "Feature", "geometry": {"type": "Point", "coordinates": [6.141108, 49.673166]}, "properties": {"id": "lu-arbre-0147", "name": "Arbre remarquable", "theme": "arbre-remarquable", "description": "Arbre remarquable.", "links": [{"label": "🔎 Infos", "url": "https://www.google.com/search?q=Arbre%20remarquable%20Luxembourg"}], "photos": [], "details": {"fiche": "À vérifier"}}}, {"type": "Feature", "geometry": {"type": "Point", "coordinates": [6.069034, 49.676013]}, "properties": {"id": "lu-arbre-0148", "name": "Arbre remarquable", "theme": "arbre-remarquable", "description": "Quercus petraea.", "links": [{"label": "🔎 Infos", "url": "https://www.google.com/search?q=Arbre%20remarquable%20Luxembourg"}], "photos": [], "details": {"espece": "Quercus petraea", "fiche": "À vérifier"}}}, {"type": "Feature", "geometry": {"type": "Point", "coordinates": [6.402076, 49.677178]}, "properties": {"id": "lu-arbre-0149", "name": "Arbre remarquable", "theme": "arbre-remarquable", "description": "Arbre remarquable.", "links": [{"label": "🔎 Infos", "url": "https://www.google.com/search?q=Arbre%20remarquable%20Luxembourg"}], "photos": [], "details": {"fiche": "À vérifier"}}}, {"type": "Feature", "geometry": {"type": "Point", "coordinates": [6.405926, 49.678209]}, "properties": {"id": "lu-arbre-0150", "name": "Arbre remarquable", "theme": "arbre-remarquable", "description": "Arbre remarquable.", "links": [{"label": "🔎 Infos", "url": "https://www.google.com/search?q=Arbre%20remarquable%20Luxembourg"}], "photos": [], "details": {"fiche": "À vérifier"}}}, {"type": "Feature", "geometry": {"type": "Point", "coordinates": [6.442053, 49.679244]}, "properties": {"id": "lu-arbre-0151", "name": "Arbre remarquable", "theme": "arbre-remarquable", "description": "Platanus acerifolia.", "links": [{"label": "🔎 Infos", "url": "https://www.google.com/search?q=Arbre%20remarquable%20Luxembourg"}], "photos": [], "details": {"espece": "Platanus acerifolia", "fiche": "À vérifier"}}}, {"type": "Feature", "geometry": {"type": "Point", "coordinates": [6.446447, 49.679611]}, "properties": {"id": "lu-arbre-0152", "name": "Arbre remarquable", "theme": "arbre-remarquable", "description": "Arbre remarquable.", "links": [{"label": "🔎 Infos", "url": "https://www.google.com/search?q=Arbre%20remarquable%20Luxembourg"}], "photos": [], "details": {"fiche": "À vérifier"}}}, {"type": "Feature", "geometry": {"type": "Point", "coordinates": [6.038419, 49.679849]}, "properties": {"id": "lu-arbre-0153", "name": "Arbre remarquable", "theme": "arbre-remarquable", "description": "Arbre remarquable.", "links": [{"label": "🔎 Infos", "url": "https://www.google.com/search?q=Arbre%20remarquable%20Luxembourg"}], "photos": [], "details": {"fiche": "À vérifier"}}}, {"type": "Feature", "geometry": {"type": "Point", "coordinates": [6.038432, 49.679948]}, "properties": {"id": "lu-arbre-0154", "name": "Arbre remarquable", "theme": "arbre-remarquable", "description": "Fraxinus excelsior.", "links": [{"label": "🔎 Infos", "url": "https://www.google.com/search?q=Arbre%20remarquable%20Luxembourg"}], "photos": [], "details": {"espece": "Fraxinus excelsior", "fiche": "À vérifier"}}}, {"type": "Feature", "geometry": {"type": "Point", "coordinates": [6.001672, 49.680009]}, "properties": {"id": "lu-arbre-0155", "name": "Arbre remarquable", "theme": "arbre-remarquable", "description": "Arbre remarquable.", "links": [{"label": "🔎 Infos", "url": "https://www.google.com/search?q=Arbre%20remarquable%20Luxembourg"}], "photos": [], "details": {"fiche": "À vérifier"}}}, {"type": "Feature", "geometry": {"type": "Point", "coordinates": [6.411997, 49.681505]}, "properties": {"id": "lu-arbre-0156", "name": "Arbre remarquable", "theme": "arbre-remarquable", "description": "Sorbus domestica.", "links": [{"label": "🔎 Infos", "url": "https://www.google.com/search?q=Arbre%20remarquable%20Luxembourg"}], "photos": [], "details": {"espece": "Sorbus domestica", "fiche": "À vérifier"}}}, {"type": "Feature", "geometry": {"type": "Point", "coordinates": [5.880949, 49.683251]}, "properties": {"id": "lu-arbre-0157", "name": "Arbre remarquable", "theme": "arbre-remarquable", "description": "Arbre remarquable.", "links": [{"label": "🔎 Infos", "url": "https://www.google.com/search?q=Arbre%20remarquable%20Luxembourg"}], "photos": [], "details": {"fiche": "À vérifier"}}}, {"type": "Feature", "geometry": {"type": "Point", "coordinates": [5.881077, 49.683361]}, "properties": {"id": "lu-arbre-0158", "name": "Arbre remarquable", "theme": "arbre-remarquable", "description": "Acer saccharinum.", "links": [{"label": "🔎 Infos", "url": "https://www.google.com/search?q=Arbre%20remarquable%20Luxembourg"}], "photos": [], "details": {"espece": "Acer saccharinum", "fiche": "À vérifier"}}}, {"type": "Feature", "geometry": {"type": "Point", "coordinates": [5.892927, 49.687837]}, "properties": {"id": "lu-arbre-0159", "name": "Arbre remarquable", "theme": "arbre-remarquable", "description": "Arbre remarquable.", "links": [{"label": "🔎 Infos", "url": "https://www.google.com/search?q=Arbre%20remarquable%20Luxembourg"}], "photos": [], "details": {"fiche": "À vérifier"}}}, {"type": "Feature", "geometry": {"type": "Point", "coordinates": [6.352509, 49.688179]}, "properties": {"id": "lu-arbre-0160", "name": "Arbre remarquable", "theme": "arbre-remarquable", "description": "Arbre remarquable.", "links": [{"label": "🔎 Infos", "url": "https://www.google.com/search?q=Arbre%20remarquable%20Luxembourg"}], "photos": [], "details": {"fiche": "À vérifier"}}}, {"type": "Feature", "geometry": {"type": "Point", "coordinates": [5.929137, 49.688415]}, "properties": {"id": "lu-arbre-0161", "name": "Arbre remarquable", "theme": "arbre-remarquable", "description": "Pinus sylvestris.", "links": [{"label": "🔎 Infos", "url": "https://www.google.com/search?q=Arbre%20remarquable%20Luxembourg"}], "photos": [], "details": {"espece": "Pinus sylvestris", "fiche": "À vérifier"}}}, {"type": "Feature", "geometry": {"type": "Point", "coordinates": [6.352261, 49.688539]}, "properties": {"id": "lu-arbre-0162", "name": "Arbre remarquable", "theme": "arbre-remarquable", "description": "Arbre remarquable.", "links": [{"label": "🔎 Infos", "url": "https://www.google.com/search?q=Arbre%20remarquable%20Luxembourg"}], "photos": [], "details": {"fiche": "À vérifier"}}}, {"type": "Feature", "geometry": {"type": "Point", "coordinates": [5.92003, 49.688783]}, "properties": {"id": "lu-arbre-0163", "name": "Arbre remarquable", "theme": "arbre-remarquable", "description": "Quercus robur.", "links": [{"label": "🔎 Infos", "url": "https://www.google.com/search?q=Arbre%20remarquable%20Luxembourg"}], "photos": [], "details": {"espece": "Quercus robur", "fiche": "À vérifier"}}}, {"type": "Feature", "geometry": {"type": "Point", "coordinates": [6.309127, 49.691001]}, "properties": {"id": "lu-arbre-0164", "name": "Arbre remarquable", "theme": "arbre-remarquable", "description": "Arbre remarquable.", "links": [{"label": "🔎 Infos", "url": "https://www.google.com/search?q=Arbre%20remarquable%20Luxembourg"}], "photos": [], "details": {"fiche": "À vérifier"}}}, {"type": "Feature", "geometry": {"type": "Point", "coordinates": [5.986343, 49.694447]}, "properties": {"id": "lu-arbre-0165", "name": "Arbre remarquable", "theme": "arbre-remarquable", "description": "Acer pseudoplatanus.", "links": [{"label": "🔎 Infos", "url": "https://www.google.com/search?q=Arbre%20remarquable%20Luxembourg"}], "photos": [], "details": {"espece": "Acer pseudoplatanus", "fiche": "À vérifier"}}}, {"type": "Feature", "geometry": {"type": "Point", "coordinates": [6.066306, 49.695323]}, "properties": {"id": "lu-arbre-0166", "name": "Arbre remarquable", "theme": "arbre-remarquable", "description": "Arbre remarquable.", "links": [{"label": "🔎 Infos", "url": "https://www.google.com/search?q=Arbre%20remarquable%20Luxembourg"}], "photos": [], "details": {"fiche": "À vérifier"}}}, {"type": "Feature", "geometry": {"type": "Point", "coordinates": [6.287425, 49.695459]}, "properties": {"id": "lu-arbre-0167", "name": "Arbre remarquable", "theme": "arbre-remarquable", "description": "Arbre remarquable.", "links": [{"label": "🔎 Infos", "url": "https://www.google.com/search?q=Arbre%20remarquable%20Luxembourg"}], "photos": [], "details": {"fiche": "À vérifier"}}}, {"type": "Feature", "geometry": {"type": "Point", "coordinates": [6.072912, 49.698224]}, "properties": {"id": "lu-arbre-0168", "name": "Arbre remarquable", "theme": "arbre-remarquable", "description": "Fagus sylvatica.", "links": [{"label": "🔎 Infos", "url": "https://www.google.com/search?q=Arbre%20remarquable%20Luxembourg"}], "photos": [], "details": {"espece": "Fagus sylvatica", "fiche": "À vérifier"}}}, {"type": "Feature", "geometry": {"type": "Point", "coordinates": [6.3025, 49.700107]}, "properties": {"id": "lu-arbre-0169", "name": "Arbre remarquable", "theme": "arbre-remarquable", "description": "Arbre remarquable.", "links": [{"label": "🔎 Infos", "url": "https://www.google.com/search?q=Arbre%20remarquable%20Luxembourg"}], "photos": [], "details": {"fiche": "À vérifier"}}}, {"type": "Feature", "geometry": {"type": "Point", "coordinates": [6.451703, 49.701725]}, "properties": {"id": "lu-arbre-0170", "name": "Arbre remarquable", "theme": "arbre-remarquable", "description": "There are 6 sorbus domestica on this location", "links": [{"label": "🔎 Infos", "url": "https://www.google.com/search?q=Arbre%20remarquable%20Luxembourg"}], "photos": [], "details": {"fiche": "À vérifier"}}}, {"type": "Feature", "geometry": {"type": "Point", "coordinates": [5.912221, 49.703178]}, "properties": {"id": "lu-arbre-0171", "name": "Arbre remarquable", "theme": "arbre-remarquable", "description": "Fagus sylvatica.", "links": [{"label": "🔎 Infos", "url": "https://www.google.com/search?q=Arbre%20remarquable%20Luxembourg"}], "photos": [], "details": {"espece": "Fagus sylvatica", "fiche": "À vérifier"}}}, {"type": "Feature", "geometry": {"type": "Point", "coordinates": [5.988104, 49.707097]}, "properties": {"id": "lu-arbre-0172", "name": "Arbre remarquable", "theme": "arbre-remarquable", "description": "Tilia platyphyllos.", "links": [{"label": "🔎 Infos", "url": "https://www.google.com/search?q=Arbre%20remarquable%20Luxembourg"}], "photos": [], "details": {"espece": "Tilia platyphyllos", "fiche": "À vérifier"}}}, {"type": "Feature", "geometry": {"type": "Point", "coordinates": [6.423637, 49.707967]}, "properties": {"id": "lu-arbre-0173", "name": "Arbre remarquable", "theme": "arbre-remarquable", "description": "Aesculus × carnea.", "links": [{"label": "🔎 Infos", "url": "https://www.google.com/search?q=Arbre%20remarquable%20Luxembourg"}], "photos": [], "details": {"espece": "Aesculus × carnea", "fiche": "À vérifier"}}}, {"type": "Feature", "geometry": {"type": "Point", "coordinates": [6.438244, 49.709516]}, "properties": {"id": "lu-arbre-0174", "name": "Arbre remarquable", "theme": "arbre-remarquable", "description": "Fraxinus excelsior.", "links": [{"label": "🔎 Infos", "url": "https://www.google.com/search?q=Arbre%20remarquable%20Luxembourg"}], "photos": [], "details": {"espece": "Fraxinus excelsior", "fiche": "À vérifier"}}}, {"type": "Feature", "geometry": {"type": "Point", "coordinates": [6.437814, 49.709517]}, "properties": {"id": "lu-arbre-0175", "name": "Arbre remarquable", "theme": "arbre-remarquable", "description": "Acer pseudoplatanus.", "links": [{"label": "🔎 Infos", "url": "https://www.google.com/search?q=Arbre%20remarquable%20Luxembourg"}], "photos": [], "details": {"espece": "Acer pseudoplatanus", "fiche": "À vérifier"}}}, {"type": "Feature", "geometry": {"type": "Point", "coordinates": [6.07883, 49.713962]}, "properties": {"id": "lu-arbre-0176", "name": "Arbre remarquable", "theme": "arbre-remarquable", "description": "Arbre remarquable.", "links": [{"label": "🔎 Infos", "url": "https://www.google.com/search?q=Arbre%20remarquable%20Luxembourg"}], "photos": [], "details": {"fiche": "À vérifier"}}}, {"type": "Feature", "geometry": {"type": "Point", "coordinates": [6.079606, 49.713963]}, "properties": {"id": "lu-arbre-0177", "name": "Arbre remarquable", "theme": "arbre-remarquable", "description": "Arbre remarquable.", "links": [{"label": "🔎 Infos", "url": "https://www.google.com/search?q=Arbre%20remarquable%20Luxembourg"}], "photos": [], "details": {"fiche": "À vérifier"}}}, {"type": "Feature", "geometry": {"type": "Point", "coordinates": [6.31129, 49.714761]}, "properties": {"id": "lu-arbre-0178", "name": "Arbre remarquable", "theme": "arbre-remarquable", "description": "Quercus robur.", "links": [{"label": "🔎 Infos", "url": "https://www.google.com/search?q=Arbre%20remarquable%20Luxembourg"}], "photos": [], "details": {"espece": "Quercus robur", "fiche": "À vérifier"}}}, {"type": "Feature", "geometry": {"type": "Point", "coordinates": [5.946796, 49.71518]}, "properties": {"id": "lu-arbre-0179", "name": "Arbre remarquable", "theme": "arbre-remarquable", "description": "Aesculus hippocastanum.", "links": [{"label": "🔎 Infos", "url": "https://www.google.com/search?q=Arbre%20remarquable%20Luxembourg"}], "photos": [], "details": {"espece": "Aesculus hippocastanum", "fiche": "À vérifier"}}}, {"type": "Feature", "geometry": {"type": "Point", "coordinates": [5.946795, 49.715297]}, "properties": {"id": "lu-arbre-0180", "name": "Arbre remarquable", "theme": "arbre-remarquable", "description": "Aesculus hippocastanum.", "links": [{"label": "🔎 Infos", "url": "https://www.google.com/search?q=Arbre%20remarquable%20Luxembourg"}], "photos": [], "details": {"espece": "Aesculus hippocastanum", "fiche": "À vérifier"}}}, {"type": "Feature", "geometry": {"type": "Point", "coordinates": [6.331107, 49.715786]}, "properties": {"id": "lu-arbre-0181", "name": "Arbre remarquable", "theme": "arbre-remarquable", "description": "Quercus robur.", "links": [{"label": "🔎 Infos", "url": "https://www.google.com/search?q=Arbre%20remarquable%20Luxembourg"}], "photos": [], "details": {"espece": "Quercus robur", "fiche": "À vérifier"}}}, {"type": "Feature", "geometry": {"type": "Point", "coordinates": [5.994269, 49.716241]}, "properties": {"id": "lu-arbre-0182", "name": "Arbre remarquable", "theme": "arbre-remarquable", "description": "Arbre remarquable.", "links": [{"label": "🔎 Infos", "url": "https://www.google.com/search?q=Arbre%20remarquable%20Luxembourg"}], "photos": [], "details": {"fiche": "À vérifier"}}}, {"type": "Feature", "geometry": {"type": "Point", "coordinates": [6.329741, 49.717784]}, "properties": {"id": "lu-arbre-0183", "name": "Arbre remarquable", "theme": "arbre-remarquable", "description": "Arbre remarquable.", "links": [{"label": "🔎 Infos", "url": "https://www.google.com/search?q=Arbre%20remarquable%20Luxembourg"}], "photos": [], "details": {"fiche": "À vérifier"}}}, {"type": "Feature", "geometry": {"type": "Point", "coordinates": [6.329839, 49.717838]}, "properties": {"id": "lu-arbre-0184", "name": "Arbre remarquable", "theme": "arbre-remarquable", "description": "Arbre remarquable.", "links": [{"label": "🔎 Infos", "url": "https://www.google.com/search?q=Arbre%20remarquable%20Luxembourg"}], "photos": [], "details": {"fiche": "À vérifier"}}}, {"type": "Feature", "geometry": {"type": "Point", "coordinates": [6.500193, 49.717941]}, "properties": {"id": "lu-arbre-0185", "name": "Arbre remarquable", "theme": "arbre-remarquable", "description": "Fagus sylvatica.", "links": [{"label": "🔎 Infos", "url": "https://www.google.com/search?q=Arbre%20remarquable%20Luxembourg"}], "photos": [], "details": {"espece": "Fagus sylvatica", "fiche": "À vérifier"}}}, {"type": "Feature", "geometry": {"type": "Point", "coordinates": [6.403473, 49.718125]}, "properties": {"id": "lu-arbre-0186", "name": "Arbre remarquable", "theme": "arbre-remarquable", "description": "Sorbus domestica.", "links": [{"label": "🔎 Infos", "url": "https://www.google.com/search?q=Arbre%20remarquable%20Luxembourg"}], "photos": [], "details": {"espece": "Sorbus domestica", "fiche": "À vérifier"}}}, {"type": "Feature", "geometry": {"type": "Point", "coordinates": [6.404971, 49.718229]}, "properties": {"id": "lu-arbre-0187", "name": "Arbre remarquable", "theme": "arbre-remarquable", "description": "Sorbus domestica.", "links": [{"label": "🔎 Infos", "url": "https://www.google.com/search?q=Arbre%20remarquable%20Luxembourg"}], "photos": [], "details": {"espece": "Sorbus domestica", "fiche": "À vérifier"}}}, {"type": "Feature", "geometry": {"type": "Point", "coordinates": [6.128807, 49.721451]}, "properties": {"id": "lu-arbre-0188", "name": "Arbre remarquable", "theme": "arbre-remarquable", "description": "Tilia platyphyllos.", "links": [{"label": "🔎 Infos", "url": "https://www.google.com/search?q=Arbre%20remarquable%20Luxembourg"}], "photos": [], "details": {"espece": "Tilia platyphyllos", "fiche": "À vérifier"}}}, {"type": "Feature", "geometry": {"type": "Point", "coordinates": [6.135706, 49.721766]}, "properties": {"id": "lu-arbre-0189", "name": "Arbre remarquable", "theme": "arbre-remarquable", "description": "Tilia cordata.", "links": [{"label": "🔎 Infos", "url": "https://www.google.com/search?q=Arbre%20remarquable%20Luxembourg"}], "photos": [], "details": {"espece": "Tilia cordata", "fiche": "À vérifier"}}}, {"type": "Feature", "geometry": {"type": "Point", "coordinates": [5.910431, 49.7226]}, "properties": {"id": "lu-arbre-0190", "name": "Arbre remarquable", "theme": "arbre-remarquable", "description": "Arbre remarquable.", "links": [{"label": "🔎 Infos", "url": "https://www.google.com/search?q=Arbre%20remarquable%20Luxembourg"}], "photos": [], "details": {"fiche": "À vérifier"}}}, {"type": "Feature", "geometry": {"type": "Point", "coordinates": [5.927262, 49.722963]}, "properties": {"id": "lu-arbre-0191", "name": "Arbre remarquable", "theme": "arbre-remarquable", "description": "Fraxinus excelsior.", "links": [{"label": "🔎 Infos", "url": "https://www.google.com/search?q=Arbre%20remarquable%20Luxembourg"}], "photos": [], "details": {"espece": "Fraxinus excelsior", "fiche": "À vérifier"}}}, {"type": "Feature", "geometry": {"type": "Point", "coordinates": [5.913441, 49.723561]}, "properties": {"id": "lu-arbre-0192", "name": "Arbre remarquable", "theme": "arbre-remarquable", "description": "Arbre remarquable.", "links": [{"label": "🔎 Infos", "url": "https://www.google.com/search?q=Arbre%20remarquable%20Luxembourg"}], "photos": [], "details": {"fiche": "À vérifier"}}}, {"type": "Feature", "geometry": {"type": "Point", "coordinates": [6.462659, 49.726148]}, "properties": {"id": "lu-arbre-0193", "name": "Arbre remarquable", "theme": "arbre-remarquable", "description": "Fraxinus excelsior.", "links": [{"label": "🔎 Infos", "url": "https://www.google.com/search?q=Arbre%20remarquable%20Luxembourg"}], "photos": [], "details": {"espece": "Fraxinus excelsior", "fiche": "À vérifier"}}}, {"type": "Feature", "geometry": {"type": "Point", "coordinates": [5.983734, 49.726519]}, "properties": {"id": "lu-arbre-0194", "name": "Arbre remarquable", "theme": "arbre-remarquable", "description": "Tilia platyphyllos.", "links": [{"label": "🔎 Infos", "url": "https://www.google.com/search?q=Arbre%20remarquable%20Luxembourg"}], "photos": [], "details": {"espece": "Tilia platyphyllos", "fiche": "À vérifier"}}}, {"type": "Feature", "geometry": {"type": "Point", "coordinates": [5.886989, 49.72762]}, "properties": {"id": "lu-arbre-0195", "name": "Arbre remarquable", "theme": "arbre-remarquable", "description": "Arbre remarquable.", "links": [{"label": "🔎 Infos", "url": "https://www.google.com/search?q=Arbre%20remarquable%20Luxembourg"}], "photos": [], "details": {"fiche": "À vérifier"}}}, {"type": "Feature", "geometry": {"type": "Point", "coordinates": [6.375341, 49.728905]}, "properties": {"id": "lu-arbre-0196", "name": "Arbre remarquable", "theme": "arbre-remarquable", "description": "Arbre remarquable.", "links": [{"label": "🔎 Infos", "url": "https://www.google.com/search?q=Arbre%20remarquable%20Luxembourg"}], "photos": [], "details": {"fiche": "À vérifier"}}}, {"type": "Feature", "geometry": {"type": "Point", "coordinates": [5.943625, 49.729262]}, "properties": {"id": "lu-arbre-0197", "name": "Arbre remarquable", "theme": "arbre-remarquable", "description": "Arbre remarquable.", "links": [{"label": "🔎 Infos", "url": "https://www.google.com/search?q=Arbre%20remarquable%20Luxembourg"}], "photos": [], "details": {"fiche": "À vérifier"}}}, {"type": "Feature", "geometry": {"type": "Point", "coordinates": [6.20903, 49.735074]}, "properties": {"id": "lu-arbre-0198", "name": "Arbre remarquable", "theme": "arbre-remarquable", "description": "Arbre remarquable.", "links": [{"label": "🔎 Infos", "url": "https://www.google.com/search?q=Arbre%20remarquable%20Luxembourg"}], "photos": [], "details": {"fiche": "À vérifier"}}}, {"type": "Feature", "geometry": {"type": "Point", "coordinates": [6.311732, 49.737642]}, "properties": {"id": "lu-arbre-0199", "name": "Arbre remarquable", "theme": "arbre-remarquable", "description": "Arbre remarquable.", "links": [{"label": "🔎 Infos", "url": "https://www.google.com/search?q=Arbre%20remarquable%20Luxembourg"}], "photos": [], "details": {"fiche": "À vérifier"}}}, {"type": "Feature", "geometry": {"type": "Point", "coordinates": [6.312088, 49.737731]}, "properties": {"id": "lu-arbre-0200", "name": "Arbre remarquable", "theme": "arbre-remarquable", "description": "Arbre remarquable.", "links": [{"label": "🔎 Infos", "url": "https://www.google.com/search?q=Arbre%20remarquable%20Luxembourg"}], "photos": [], "details": {"fiche": "À vérifier"}}}, {"type": "Feature", "geometry": {"type": "Point", "coordinates": [6.464418, 49.738609]}, "properties": {"id": "lu-arbre-0201", "name": "Arbre remarquable", "theme": "arbre-remarquable", "description": "Sorbus torminalis.", "links": [{"label": "🔎 Infos", "url": "https://www.google.com/search?q=Arbre%20remarquable%20Luxembourg"}], "photos": [], "details": {"espece": "Sorbus torminalis", "fiche": "À vérifier"}}}, {"type": "Feature", "geometry": {"type": "Point", "coordinates": [6.141847, 49.745695]}, "properties": {"id": "lu-arbre-0202", "name": "Arbre remarquable", "theme": "arbre-remarquable", "description": "Fagus sylvatica.", "links": [{"label": "🔎 Infos", "url": "https://www.google.com/search?q=Arbre%20remarquable%20Luxembourg"}], "photos": [], "details": {"espece": "Fagus sylvatica", "fiche": "À vérifier"}}}, {"type": "Feature", "geometry": {"type": "Point", "coordinates": [6.404039, 49.746301]}, "properties": {"id": "lu-arbre-0203", "name": "Arbre remarquable", "theme": "arbre-remarquable", "description": "Quercus robur.", "links": [{"label": "🔎 Infos", "url": "https://www.google.com/search?q=Arbre%20remarquable%20Luxembourg"}], "photos": [], "details": {"espece": "Quercus robur", "fiche": "À vérifier"}}}, {"type": "Feature", "geometry": {"type": "Point", "coordinates": [6.273464, 49.746557]}, "properties": {"id": "lu-arbre-0204", "name": "Arbre remarquable", "theme": "arbre-remarquable", "description": "Arbre remarquable.", "links": [{"label": "🔎 Infos", "url": "https://www.google.com/search?q=Arbre%20remarquable%20Luxembourg"}], "photos": [], "details": {"fiche": "À vérifier"}}}, {"type": "Feature", "geometry": {"type": "Point", "coordinates": [6.188391, 49.747942]}, "properties": {"id": "lu-arbre-0205", "name": "Arbre remarquable", "theme": "arbre-remarquable", "description": "Arbre remarquable.", "links": [{"label": "🔎 Infos", "url": "https://www.google.com/search?q=Arbre%20remarquable%20Luxembourg"}], "photos": [], "details": {"fiche": "À vérifier"}}}, {"type": "Feature", "geometry": {"type": "Point", "coordinates": [6.189552, 49.748103]}, "properties": {"id": "lu-arbre-0206", "name": "Arbre remarquable", "theme": "arbre-remarquable", "description": "Arbre remarquable.", "links": [{"label": "🔎 Infos", "url": "https://www.google.com/search?q=Arbre%20remarquable%20Luxembourg"}], "photos": [], "details": {"fiche": "À vérifier"}}}, {"type": "Feature", "geometry": {"type": "Point", "coordinates": [6.197153, 49.749677]}, "properties": {"id": "lu-arbre-0207", "name": "Arbre remarquable", "theme": "arbre-remarquable", "description": "Arbre remarquable.", "links": [{"label": "🔎 Infos", "url": "https://www.google.com/search?q=Arbre%20remarquable%20Luxembourg"}], "photos": [], "details": {"fiche": "À vérifier"}}}, {"type": "Feature", "geometry": {"type": "Point", "coordinates": [6.106363, 49.750924]}, "properties": {"id": "lu-arbre-0208", "name": "Arbre remarquable", "theme": "arbre-remarquable", "description": "Aesculus hippocastanum.", "links": [{"label": "🔎 Infos", "url": "https://www.google.com/search?q=Arbre%20remarquable%20Luxembourg"}], "photos": [], "details": {"espece": "Aesculus hippocastanum", "fiche": "À vérifier"}}}, {"type": "Feature", "geometry": {"type": "Point", "coordinates": [6.108027, 49.751167]}, "properties": {"id": "lu-arbre-0209", "name": "Arbre remarquable", "theme": "arbre-remarquable", "description": "Fagus sylvatica.", "links": [{"label": "🔎 Infos", "url": "https://www.google.com/search?q=Arbre%20remarquable%20Luxembourg"}], "photos": [], "details": {"espece": "Fagus sylvatica", "fiche": "À vérifier"}}}, {"type": "Feature", "geometry": {"type": "Point", "coordinates": [6.463626, 49.754318]}, "properties": {"id": "lu-arbre-0210", "name": "Arbre remarquable", "theme": "arbre-remarquable", "description": "Arbre remarquable.", "links": [{"label": "🔎 Infos", "url": "https://www.google.com/search?q=Arbre%20remarquable%20Luxembourg"}], "photos": [], "details": {"fiche": "À vérifier"}}}, {"type": "Feature", "geometry": {"type": "Point", "coordinates": [5.878924, 49.756865]}, "properties": {"id": "lu-arbre-0211", "name": "Arbre remarquable", "theme": "arbre-remarquable", "description": "Arbre remarquable.", "links": [{"label": "🔎 Infos", "url": "https://www.google.com/search?q=Arbre%20remarquable%20Luxembourg"}], "photos": [], "details": {"fiche": "À vérifier"}}}, {"type": "Feature", "geometry": {"type": "Point", "coordinates": [5.825979, 49.759032]}, "properties": {"id": "lu-arbre-0212", "name": "Arbre remarquable", "theme": "arbre-remarquable", "description": "Arbre remarquable.", "links": [{"label": "🔎 Infos", "url": "https://www.google.com/search?q=Arbre%20remarquable%20Luxembourg"}], "photos": [], "details": {"fiche": "À vérifier"}}}, {"type": "Feature", "geometry": {"type": "Point", "coordinates": [6.432587, 49.760328]}, "properties": {"id": "lu-arbre-0213", "name": "Arbre remarquable", "theme": "arbre-remarquable", "description": "Arbre remarquable.", "links": [{"label": "🔎 Infos", "url": "https://www.google.com/search?q=Arbre%20remarquable%20Luxembourg"}], "photos": [], "details": {"fiche": "À vérifier"}}}, {"type": "Feature", "geometry": {"type": "Point", "coordinates": [6.506286, 49.76259]}, "properties": {"id": "lu-arbre-0214", "name": "Arbre remarquable", "theme": "arbre-remarquable", "description": "Arbre remarquable.", "links": [{"label": "🔎 Infos", "url": "https://www.google.com/search?q=Arbre%20remarquable%20Luxembourg"}], "photos": [], "details": {"fiche": "À vérifier"}}}, {"type": "Feature", "geometry": {"type": "Point", "coordinates": [6.175065, 49.763346]}, "properties": {"id": "lu-arbre-0215", "name": "Arbre remarquable", "theme": "arbre-remarquable", "description": "Fagus sylvatica.", "links": [{"label": "🔎 Infos", "url": "https://www.google.com/search?q=Arbre%20remarquable%20Luxembourg"}], "photos": [], "details": {"espece": "Fagus sylvatica", "fiche": "À vérifier"}}}, {"type": "Feature", "geometry": {"type": "Point", "coordinates": [6.176093, 49.763499]}, "properties": {"id": "lu-arbre-0216", "name": "Arbre remarquable", "theme": "arbre-remarquable", "description": "Robinia pseudoacacia.", "links": [{"label": "🔎 Infos", "url": "https://www.google.com/search?q=Arbre%20remarquable%20Luxembourg"}], "photos": [], "details": {"espece": "Robinia pseudoacacia", "fiche": "À vérifier"}}}, {"type": "Feature", "geometry": {"type": "Point", "coordinates": [6.17619, 49.763526]}, "properties": {"id": "lu-arbre-0217", "name": "Arbre remarquable", "theme": "arbre-remarquable", "description": "Fraxinus excelsior.", "links": [{"label": "🔎 Infos", "url": "https://www.google.com/search?q=Arbre%20remarquable%20Luxembourg"}], "photos": [], "details": {"espece": "Fraxinus excelsior", "fiche": "À vérifier"}}}, {"type": "Feature", "geometry": {"type": "Point", "coordinates": [5.88833, 49.763759]}, "properties": {"id": "lu-arbre-0218", "name": "Arbre remarquable", "theme": "arbre-remarquable", "description": "Tilia cordata.", "links": [{"label": "🔎 Infos", "url": "https://www.google.com/search?q=Arbre%20remarquable%20Luxembourg"}], "photos": [], "details": {"espece": "Tilia cordata", "fiche": "À vérifier"}}}, {"type": "Feature", "geometry": {"type": "Point", "coordinates": [6.182283, 49.764191]}, "properties": {"id": "lu-arbre-0219", "name": "Arbre remarquable", "theme": "arbre-remarquable", "description": "Pyrus communis.", "links": [{"label": "🔎 Infos", "url": "https://www.google.com/search?q=Arbre%20remarquable%20Luxembourg"}], "photos": [], "details": {"espece": "Pyrus communis", "fiche": "À vérifier"}}}, {"type": "Feature", "geometry": {"type": "Point", "coordinates": [6.182339, 49.764191]}, "properties": {"id": "lu-arbre-0220", "name": "Arbre remarquable", "theme": "arbre-remarquable", "description": "Arbre remarquable.", "links": [{"label": "🔎 Infos", "url": "https://www.google.com/search?q=Arbre%20remarquable%20Luxembourg"}], "photos": [], "details": {"fiche": "À vérifier"}}}, {"type": "Feature", "geometry": {"type": "Point", "coordinates": [6.182477, 49.764218]}, "properties": {"id": "lu-arbre-0221", "name": "Arbre remarquable", "theme": "arbre-remarquable", "description": "Pinus sylvestris.", "links": [{"label": "🔎 Infos", "url": "https://www.google.com/search?q=Arbre%20remarquable%20Luxembourg"}], "photos": [], "details": {"espece": "Pinus sylvestris", "fiche": "À vérifier"}}}, {"type": "Feature", "geometry": {"type": "Point", "coordinates": [6.182616, 49.764227]}, "properties": {"id": "lu-arbre-0222", "name": "Arbre remarquable", "theme": "arbre-remarquable", "description": "Robinia pseudoacacia.", "links": [{"label": "🔎 Infos", "url": "https://www.google.com/search?q=Arbre%20remarquable%20Luxembourg"}], "photos": [], "details": {"espece": "Robinia pseudoacacia", "fiche": "À vérifier"}}}, {"type": "Feature", "geometry": {"type": "Point", "coordinates": [6.513751, 49.76432]}, "properties": {"id": "lu-arbre-0223", "name": "Arbre remarquable", "theme": "arbre-remarquable", "description": "Arbre remarquable.", "links": [{"label": "🔎 Infos", "url": "https://www.google.com/search?q=Arbre%20remarquable%20Luxembourg"}], "photos": [], "details": {"fiche": "À vérifier"}}}, {"type": "Feature", "geometry": {"type": "Point", "coordinates": [5.94023, 49.76432]}, "properties": {"id": "lu-arbre-0224", "name": "Arbre remarquable", "theme": "arbre-remarquable", "description": "Fraxinus excelsior.", "links": [{"label": "🔎 Infos", "url": "https://www.google.com/search?q=Arbre%20remarquable%20Luxembourg"}], "photos": [], "details": {"espece": "Fraxinus excelsior", "fiche": "À vérifier"}}}, {"type": "Feature", "geometry": {"type": "Point", "coordinates": [6.513764, 49.764655]}, "properties": {"id": "lu-arbre-0225", "name": "Arbre remarquable", "theme": "arbre-remarquable", "description": "Arbre remarquable.", "links": [{"label": "🔎 Infos", "url": "https://www.google.com/search?q=Arbre%20remarquable%20Luxembourg"}], "photos": [], "details": {"fiche": "À vérifier"}}}, {"type": "Feature", "geometry": {"type": "Point", "coordinates": [6.175357, 49.765109]}, "properties": {"id": "lu-arbre-0226", "name": "Arbre remarquable", "theme": "arbre-remarquable", "description": "Fagus sylvatica.", "links": [{"label": "🔎 Infos", "url": "https://www.google.com/search?q=Arbre%20remarquable%20Luxembourg"}], "photos": [], "details": {"espece": "Fagus sylvatica", "fiche": "À vérifier"}}}, {"type": "Feature", "geometry": {"type": "Point", "coordinates": [6.175524, 49.765144]}, "properties": {"id": "lu-arbre-0227", "name": "Arbre remarquable", "theme": "arbre-remarquable", "description": "Pinus sylvestris.", "links": [{"label": "🔎 Infos", "url": "https://www.google.com/search?q=Arbre%20remarquable%20Luxembourg"}], "photos": [], "details": {"espece": "Pinus sylvestris", "fiche": "À vérifier"}}}, {"type": "Feature", "geometry": {"type": "Point", "coordinates": [6.175681, 49.765235]}, "properties": {"id": "lu-arbre-0228", "name": "Arbre remarquable", "theme": "arbre-remarquable", "description": "Fraxinus excelsior.", "links": [{"label": "🔎 Infos", "url": "https://www.google.com/search?q=Arbre%20remarquable%20Luxembourg"}], "photos": [], "details": {"espece": "Fraxinus excelsior", "fiche": "À vérifier"}}}, {"type": "Feature", "geometry": {"type": "Point", "coordinates": [6.176829, 49.765693]}, "properties": {"id": "lu-arbre-0229", "name": "Arbre remarquable", "theme": "arbre-remarquable", "description": "Arbre remarquable.", "links": [{"label": "🔎 Infos", "url": "https://www.google.com/search?q=Arbre%20remarquable%20Luxembourg"}], "photos": [], "details": {"fiche": "À vérifier"}}}, {"type": "Feature", "geometry": {"type": "Point", "coordinates": [6.178841, 49.766475]}, "properties": {"id": "lu-arbre-0230", "name": "Arbre remarquable", "theme": "arbre-remarquable", "description": "Robinia pseudoacacia.", "links": [{"label": "🔎 Infos", "url": "https://www.google.com/search?q=Arbre%20remarquable%20Luxembourg"}], "photos": [], "details": {"espece": "Robinia pseudoacacia", "fiche": "À vérifier"}}}, {"type": "Feature", "geometry": {"type": "Point", "coordinates": [6.179005, 49.766532]}, "properties": {"id": "lu-arbre-0231", "name": "Arbre remarquable", "theme": "arbre-remarquable", "description": "Robinia pseudoacacia.", "links": [{"label": "🔎 Infos", "url": "https://www.google.com/search?q=Arbre%20remarquable%20Luxembourg"}], "photos": [], "details": {"espece": "Robinia pseudoacacia", "fiche": "À vérifier"}}}, {"type": "Feature", "geometry": {"type": "Point", "coordinates": [6.113129, 49.767919]}, "properties": {"id": "lu-arbre-0232", "name": "Arbre remarquable", "theme": "arbre-remarquable", "description": "Salix alba.", "links": [{"label": "🔎 Infos", "url": "https://www.google.com/search?q=Arbre%20remarquable%20Luxembourg"}], "photos": [], "details": {"espece": "Salix alba", "fiche": "À vérifier"}}}, {"type": "Feature", "geometry": {"type": "Point", "coordinates": [5.931383, 49.768303]}, "properties": {"id": "lu-arbre-0233", "name": "Arbre remarquable", "theme": "arbre-remarquable", "description": "Arbre remarquable.", "links": [{"label": "🔎 Infos", "url": "https://www.google.com/search?q=Arbre%20remarquable%20Luxembourg"}], "photos": [], "details": {"fiche": "À vérifier"}}}, {"type": "Feature", "geometry": {"type": "Point", "coordinates": [6.187337, 49.768452]}, "properties": {"id": "lu-arbre-0234", "name": "Arbre remarquable", "theme": "arbre-remarquable", "description": "Arbre remarquable.", "links": [{"label": "🔎 Infos", "url": "https://www.google.com/search?q=Arbre%20remarquable%20Luxembourg"}], "photos": [], "details": {"fiche": "À vérifier"}}}, {"type": "Feature", "geometry": {"type": "Point", "coordinates": [6.18767, 49.768577]}, "properties": {"id": "lu-arbre-0235", "name": "Arbre remarquable", "theme": "arbre-remarquable", "description": "Fagus sylvatica.", "links": [{"label": "🔎 Infos", "url": "https://www.google.com/search?q=Arbre%20remarquable%20Luxembourg"}], "photos": [], "details": {"espece": "Fagus sylvatica", "fiche": "À vérifier"}}}, {"type": "Feature", "geometry": {"type": "Point", "coordinates": [6.187393, 49.768973]}, "properties": {"id": "lu-arbre-0236", "name": "Arbre remarquable", "theme": "arbre-remarquable", "description": "Abies nordmanniana.", "links": [{"label": "🔎 Infos", "url": "https://www.google.com/search?q=Arbre%20remarquable%20Luxembourg"}], "photos": [], "details": {"espece": "Abies nordmanniana", "fiche": "À vérifier"}}}, {"type": "Feature", "geometry": {"type": "Point", "coordinates": [6.178092, 49.769091]}, "properties": {"id": "lu-arbre-0237", "name": "Arbre remarquable", "theme": "arbre-remarquable", "description": "Arbre remarquable.", "links": [{"label": "🔎 Infos", "url": "https://www.google.com/search?q=Arbre%20remarquable%20Luxembourg"}], "photos": [], "details": {"fiche": "À vérifier"}}}, {"type": "Feature", "geometry": {"type": "Point", "coordinates": [5.825598, 49.769413]}, "properties": {"id": "lu-arbre-0238", "name": "Arbre remarquable", "theme": "arbre-remarquable", "description": "Fagus sylvatica.", "links": [{"label": "🔎 Infos", "url": "https://www.google.com/search?q=Arbre%20remarquable%20Luxembourg"}], "photos": [], "details": {"espece": "Fagus sylvatica", "fiche": "À vérifier"}}}, {"type": "Feature", "geometry": {"type": "Point", "coordinates": [6.187157, 49.769611]}, "properties": {"id": "lu-arbre-0239", "name": "Arbre remarquable", "theme": "arbre-remarquable", "description": "Arbre remarquable.", "links": [{"label": "🔎 Infos", "url": "https://www.google.com/search?q=Arbre%20remarquable%20Luxembourg"}], "photos": [], "details": {"fiche": "À vérifier"}}}, {"type": "Feature", "geometry": {"type": "Point", "coordinates": [6.188781, 49.769719]}, "properties": {"id": "lu-arbre-0240", "name": "Arbre remarquable", "theme": "arbre-remarquable", "description": "Arbre remarquable.", "links": [{"label": "🔎 Infos", "url": "https://www.google.com/search?q=Arbre%20remarquable%20Luxembourg"}], "photos": [], "details": {"fiche": "À vérifier"}}}, {"type": "Feature", "geometry": {"type": "Point", "coordinates": [6.18774, 49.769863]}, "properties": {"id": "lu-arbre-0241", "name": "Arbre remarquable", "theme": "arbre-remarquable", "description": "Fagus sylvatica.", "links": [{"label": "🔎 Infos", "url": "https://www.google.com/search?q=Arbre%20remarquable%20Luxembourg"}], "photos": [], "details": {"espece": "Fagus sylvatica", "fiche": "À vérifier"}}}, {"type": "Feature", "geometry": {"type": "Point", "coordinates": [6.187629, 49.769971]}, "properties": {"id": "lu-arbre-0242", "name": "Arbre remarquable", "theme": "arbre-remarquable", "description": "Picea abies.", "links": [{"label": "🔎 Infos", "url": "https://www.google.com/search?q=Arbre%20remarquable%20Luxembourg"}], "photos": [], "details": {"espece": "Picea abies", "fiche": "À vérifier"}}}, {"type": "Feature", "geometry": {"type": "Point", "coordinates": [6.187957, 49.770115]}, "properties": {"id": "lu-arbre-0243", "name": "Arbre remarquable", "theme": "arbre-remarquable", "description": "Arbre remarquable.", "links": [{"label": "🔎 Infos", "url": "https://www.google.com/search?q=Arbre%20remarquable%20Luxembourg"}], "photos": [], "details": {"fiche": "À vérifier"}}}, {"type": "Feature", "geometry": {"type": "Point", "coordinates": [6.187366, 49.770169]}, "properties": {"id": "lu-arbre-0244", "name": "Arbre remarquable", "theme": "arbre-remarquable", "description": "Sequoiadendron giganteum.", "links": [{"label": "🔎 Infos", "url": "https://www.google.com/search?q=Arbre%20remarquable%20Luxembourg"}], "photos": [], "details": {"espece": "Sequoiadendron giganteum", "fiche": "À vérifier"}}}, {"type": "Feature", "geometry": {"type": "Point", "coordinates": [6.188268, 49.770232]}, "properties": {"id": "lu-arbre-0245", "name": "Arbre remarquable", "theme": "arbre-remarquable", "description": "Arbre remarquable.", "links": [{"label": "🔎 Infos", "url": "https://www.google.com/search?q=Arbre%20remarquable%20Luxembourg"}], "photos": [], "details": {"fiche": "À vérifier"}}}, {"type": "Feature", "geometry": {"type": "Point", "coordinates": [6.189337, 49.770537]}, "properties": {"id": "lu-arbre-0246", "name": "Arbre remarquable", "theme": "arbre-remarquable", "description": "Picea abies.", "links": [{"label": "🔎 Infos", "url": "https://www.google.com/search?q=Arbre%20remarquable%20Luxembourg"}], "photos": [], "details": {"espece": "Picea abies", "fiche": "À vérifier"}}}, {"type": "Feature", "geometry": {"type": "Point", "coordinates": [6.194126, 49.770716]}, "properties": {"id": "lu-arbre-0247", "name": "Arbre remarquable", "theme": "arbre-remarquable", "description": "Arbre remarquable.", "links": [{"label": "🔎 Infos", "url": "https://www.google.com/search?q=Arbre%20remarquable%20Luxembourg"}], "photos": [], "details": {"fiche": "À vérifier"}}}, {"type": "Feature", "geometry": {"type": "Point", "coordinates": [6.186977, 49.770969]}, "properties": {"id": "lu-arbre-0248", "name": "Arbre remarquable", "theme": "arbre-remarquable", "description": "Abies nordmanniana.", "links": [{"label": "🔎 Infos", "url": "https://www.google.com/search?q=Arbre%20remarquable%20Luxembourg"}], "photos": [], "details": {"espece": "Abies nordmanniana", "fiche": "À vérifier"}}}, {"type": "Feature", "geometry": {"type": "Point", "coordinates": [6.185506, 49.771086]}, "properties": {"id": "lu-arbre-0249", "name": "Arbre remarquable", "theme": "arbre-remarquable", "description": "Arbre remarquable.", "links": [{"label": "🔎 Infos", "url": "https://www.google.com/search?q=Arbre%20remarquable%20Luxembourg"}], "photos": [], "details": {"fiche": "À vérifier"}}}, {"type": "Feature", "geometry": {"type": "Point", "coordinates": [6.188879, 49.771122]}, "properties": {"id": "lu-arbre-0250", "name": "Arbre remarquable", "theme": "arbre-remarquable", "description": "Arbre remarquable.", "links": [{"label": "🔎 Infos", "url": "https://www.google.com/search?q=Arbre%20remarquable%20Luxembourg"}], "photos": [], "details": {"fiche": "À vérifier"}}}, {"type": "Feature", "geometry": {"type": "Point", "coordinates": [6.187713, 49.771149]}, "properties": {"id": "lu-arbre-0251", "name": "Arbre remarquable", "theme": "arbre-remarquable", "description": "Arbre remarquable.", "links": [{"label": "🔎 Infos", "url": "https://www.google.com/search?q=Arbre%20remarquable%20Luxembourg"}], "photos": [], "details": {"fiche": "À vérifier"}}}, {"type": "Feature", "geometry": {"type": "Point", "coordinates": [6.185103, 49.771167]}, "properties": {"id": "lu-arbre-0252", "name": "Arbre remarquable", "theme": "arbre-remarquable", "description": "Arbre remarquable.", "links": [{"label": "🔎 Infos", "url": "https://www.google.com/search?q=Arbre%20remarquable%20Luxembourg"}], "photos": [], "details": {"fiche": "À vérifier"}}}, {"type": "Feature", "geometry": {"type": "Point", "coordinates": [6.186117, 49.771221]}, "properties": {"id": "lu-arbre-0253", "name": "Arbre remarquable", "theme": "arbre-remarquable", "description": "Arbre remarquable.", "links": [{"label": "🔎 Infos", "url": "https://www.google.com/search?q=Arbre%20remarquable%20Luxembourg"}], "photos": [], "details": {"fiche": "À vérifier"}}}, {"type": "Feature", "geometry": {"type": "Point", "coordinates": [6.195223, 49.77139]}, "properties": {"id": "lu-arbre-0254", "name": "Arbre remarquable", "theme": "arbre-remarquable", "description": "Fagus sylvatica.", "links": [{"label": "🔎 Infos", "url": "https://www.google.com/search?q=Arbre%20remarquable%20Luxembourg"}], "photos": [], "details": {"espece": "Fagus sylvatica", "fiche": "À vérifier"}}}, {"type": "Feature", "geometry": {"type": "Point", "coordinates": [6.183299, 49.771392]}, "properties": {"id": "lu-arbre-0255", "name": "Arbre remarquable", "theme": "arbre-remarquable", "description": "Sequoiadendron giganteum.", "links": [{"label": "🔎 Infos", "url": "https://www.google.com/search?q=Arbre%20remarquable%20Luxembourg"}], "photos": [], "details": {"espece": "Sequoiadendron giganteum", "fiche": "À vérifier"}}}, {"type": "Feature", "geometry": {"type": "Point", "coordinates": [6.197972, 49.771632]}, "properties": {"id": "lu-arbre-0256", "name": "Arbre remarquable", "theme": "arbre-remarquable", "description": "Fagus sylvatica.", "links": [{"label": "🔎 Infos", "url": "https://www.google.com/search?q=Arbre%20remarquable%20Luxembourg"}], "photos": [], "details": {"espece": "Fagus sylvatica", "fiche": "À vérifier"}}}, {"type": "Feature", "geometry": {"type": "Point", "coordinates": [6.193044, 49.771786]}, "properties": {"id": "lu-arbre-0257", "name": "Arbre remarquable", "theme": "arbre-remarquable", "description": "Fagus sylvatica.", "links": [{"label": "🔎 Infos", "url": "https://www.google.com/search?q=Arbre%20remarquable%20Luxembourg"}], "photos": [], "details": {"espece": "Fagus sylvatica", "fiche": "À vérifier"}}}, {"type": "Feature", "geometry": {"type": "Point", "coordinates": [6.193238, 49.771849]}, "properties": {"id": "lu-arbre-0258", "name": "Arbre remarquable", "theme": "arbre-remarquable", "description": "Fagus sylvatica.", "links": [{"label": "🔎 Infos", "url": "https://www.google.com/search?q=Arbre%20remarquable%20Luxembourg"}], "photos": [], "details": {"espece": "Fagus sylvatica", "fiche": "À vérifier"}}}, {"type": "Feature", "geometry": {"type": "Point", "coordinates": [6.136167, 49.775597]}, "properties": {"id": "lu-arbre-0259", "name": "Arbre remarquable", "theme": "arbre-remarquable", "description": "Pyrus communis.", "links": [{"label": "🔎 Infos", "url": "https://www.google.com/search?q=Arbre%20remarquable%20Luxembourg"}], "photos": [], "details": {"espece": "Pyrus communis", "fiche": "À vérifier"}}}, {"type": "Feature", "geometry": {"type": "Point", "coordinates": [5.998875, 49.775722]}, "properties": {"id": "lu-arbre-0260", "name": "Arbre remarquable", "theme": "arbre-remarquable", "description": "Arbre remarquable.", "links": [{"label": "🔎 Infos", "url": "https://www.google.com/search?q=Arbre%20remarquable%20Luxembourg"}], "photos": [], "details": {"fiche": "À vérifier"}}}, {"type": "Feature", "geometry": {"type": "Point", "coordinates": [5.91239, 49.779502]}, "properties": {"id": "lu-arbre-0261", "name": "Arbre remarquable", "theme": "arbre-remarquable", "description": "Arbre remarquable.", "links": [{"label": "🔎 Infos", "url": "https://www.google.com/search?q=Arbre%20remarquable%20Luxembourg"}], "photos": [], "details": {"fiche": "À vérifier"}}}, {"type": "Feature", "geometry": {"type": "Point", "coordinates": [6.314773, 49.779598]}, "properties": {"id": "lu-arbre-0262", "name": "Arbre remarquable", "theme": "arbre-remarquable", "description": "Arbre remarquable.", "links": [{"label": "🔎 Infos", "url": "https://www.google.com/search?q=Arbre%20remarquable%20Luxembourg"}], "photos": [], "details": {"fiche": "À vérifier"}}}, {"type": "Feature", "geometry": {"type": "Point", "coordinates": [5.939774, 49.781698]}, "properties": {"id": "lu-arbre-0263", "name": "Arbre remarquable", "theme": "arbre-remarquable", "description": "Pyrus communis.", "links": [{"label": "🔎 Infos", "url": "https://www.google.com/search?q=Arbre%20remarquable%20Luxembourg"}], "photos": [], "details": {"espece": "Pyrus communis", "fiche": "À vérifier"}}}, {"type": "Feature", "geometry": {"type": "Point", "coordinates": [6.197923, 49.782151]}, "properties": {"id": "lu-arbre-0264", "name": "Arbre remarquable", "theme": "arbre-remarquable", "description": "Sorbus domestica.", "links": [{"label": "🔎 Infos", "url": "https://www.google.com/search?q=Arbre%20remarquable%20Luxembourg"}], "photos": [], "details": {"espece": "Sorbus domestica", "fiche": "À vérifier"}}}, {"type": "Feature", "geometry": {"type": "Point", "coordinates": [6.196841, 49.782574]}, "properties": {"id": "lu-arbre-0265", "name": "Arbre remarquable", "theme": "arbre-remarquable", "description": "Sorbus domestica.", "links": [{"label": "🔎 Infos", "url": "https://www.google.com/search?q=Arbre%20remarquable%20Luxembourg"}], "photos": [], "details": {"espece": "Sorbus domestica", "fiche": "À vérifier"}}}, {"type": "Feature", "geometry": {"type": "Point", "coordinates": [6.498022, 49.78421]}, "properties": {"id": "lu-arbre-0266", "name": "Arbre remarquable", "theme": "arbre-remarquable", "description": "Tilia cordata.", "links": [{"label": "🔎 Infos", "url": "https://www.google.com/search?q=Arbre%20remarquable%20Luxembourg"}], "photos": [], "details": {"espece": "Tilia cordata", "fiche": "À vérifier"}}}, {"type": "Feature", "geometry": {"type": "Point", "coordinates": [6.154435, 49.78442]}, "properties": {"id": "lu-arbre-0267", "name": "Arbre remarquable", "theme": "arbre-remarquable", "description": "Arbre remarquable.", "links": [{"label": "🔎 Infos", "url": "https://www.google.com/search?q=Arbre%20remarquable%20Luxembourg"}], "photos": [], "details": {"fiche": "À vérifier"}}}, {"type": "Feature", "geometry": {"type": "Point", "coordinates": [5.92898, 49.788348]}, "properties": {"id": "lu-arbre-0268", "name": "Arbre remarquable", "theme": "arbre-remarquable", "description": "Prunus avium.", "links": [{"label": "🔎 Infos", "url": "https://www.google.com/search?q=Arbre%20remarquable%20Luxembourg"}], "photos": [], "details": {"espece": "Prunus avium", "fiche": "À vérifier"}}}, {"type": "Feature", "geometry": {"type": "Point", "coordinates": [6.442364, 49.78841]}, "properties": {"id": "lu-arbre-0269", "name": "Arbre remarquable", "theme": "arbre-remarquable", "description": "Aesculus hippocastanum.", "links": [{"label": "🔎 Infos", "url": "https://www.google.com/search?q=Arbre%20remarquable%20Luxembourg"}], "photos": [], "details": {"espece": "Aesculus hippocastanum", "fiche": "À vérifier"}}}, {"type": "Feature", "geometry": {"type": "Point", "coordinates": [6.442239, 49.78841]}, "properties": {"id": "lu-arbre-0270", "name": "Arbre remarquable", "theme": "arbre-remarquable", "description": "Aesculus hippocastanum.", "links": [{"label": "🔎 Infos", "url": "https://www.google.com/search?q=Arbre%20remarquable%20Luxembourg"}], "photos": [], "details": {"espece": "Aesculus hippocastanum", "fiche": "À vérifier"}}}, {"type": "Feature", "geometry": {"type": "Point", "coordinates": [5.910655, 49.789864]}, "properties": {"id": "lu-arbre-0271", "name": "Arbre remarquable", "theme": "arbre-remarquable", "description": "Arbre remarquable.", "links": [{"label": "🔎 Infos", "url": "https://www.google.com/search?q=Arbre%20remarquable%20Luxembourg"}], "photos": [], "details": {"fiche": "À vérifier"}}}, {"type": "Feature", "geometry": {"type": "Point", "coordinates": [6.294682, 49.790132]}, "properties": {"id": "lu-arbre-0272", "name": "Arbre remarquable", "theme": "arbre-remarquable", "description": "Arbre remarquable.", "links": [{"label": "🔎 Infos", "url": "https://www.google.com/search?q=Arbre%20remarquable%20Luxembourg"}], "photos": [], "details": {"fiche": "À vérifier"}}}, {"type": "Feature", "geometry": {"type": "Point", "coordinates": [5.962949, 49.791245]}, "properties": {"id": "lu-arbre-0273", "name": "Arbre remarquable", "theme": "arbre-remarquable", "description": "Arbre remarquable.", "links": [{"label": "🔎 Infos", "url": "https://www.google.com/search?q=Arbre%20remarquable%20Luxembourg"}], "photos": [], "details": {"fiche": "À vérifier"}}}, {"type": "Feature", "geometry": {"type": "Point", "coordinates": [5.963476, 49.791407]}, "properties": {"id": "lu-arbre-0274", "name": "Arbre remarquable", "theme": "arbre-remarquable", "description": "Pyrus communis.", "links": [{"label": "🔎 Infos", "url": "https://www.google.com/search?q=Arbre%20remarquable%20Luxembourg"}], "photos": [], "details": {"espece": "Pyrus communis", "fiche": "À vérifier"}}}, {"type": "Feature", "geometry": {"type": "Point", "coordinates": [6.213817, 49.791451]}, "properties": {"id": "lu-arbre-0275", "name": "Arbre remarquable", "theme": "arbre-remarquable", "description": "Pseudotsuga Pinaceae.", "links": [{"label": "🔎 Infos", "url": "https://www.google.com/search?q=Arbre%20remarquable%20Luxembourg"}], "photos": [], "details": {"espece": "Pseudotsuga Pinaceae", "fiche": "À vérifier"}}}, {"type": "Feature", "geometry": {"type": "Point", "coordinates": [6.20114, 49.793499]}, "properties": {"id": "lu-arbre-0276", "name": "Arbre remarquable", "theme": "arbre-remarquable", "description": "Fagus sylvatica.", "links": [{"label": "🔎 Infos", "url": "https://www.google.com/search?q=Arbre%20remarquable%20Luxembourg"}], "photos": [], "details": {"espece": "Fagus sylvatica", "fiche": "À vérifier"}}}, {"type": "Feature", "geometry": {"type": "Point", "coordinates": [6.152986, 49.799875]}, "properties": {"id": "lu-arbre-0277", "name": "Arbre remarquable", "theme": "arbre-remarquable", "description": "Arbre remarquable.", "links": [{"label": "🔎 Infos", "url": "https://www.google.com/search?q=Arbre%20remarquable%20Luxembourg"}], "photos": [], "details": {"fiche": "À vérifier"}}}, {"type": "Feature", "geometry": {"type": "Point", "coordinates": [6.12358, 49.80003]}, "properties": {"id": "lu-arbre-0278", "name": "Arbre remarquable", "theme": "arbre-remarquable", "description": "Quercus robur.", "links": [{"label": "🔎 Infos", "url": "https://www.google.com/search?q=Arbre%20remarquable%20Luxembourg"}], "photos": [], "details": {"espece": "Quercus robur", "fiche": "À vérifier"}}}, {"type": "Feature", "geometry": {"type": "Point", "coordinates": [5.921302, 49.803003]}, "properties": {"id": "lu-arbre-0279", "name": "Arbre remarquable", "theme": "arbre-remarquable", "description": "Arbre remarquable.", "links": [{"label": "🔎 Infos", "url": "https://www.google.com/search?q=Arbre%20remarquable%20Luxembourg"}], "photos": [], "details": {"fiche": "À vérifier"}}}, {"type": "Feature", "geometry": {"type": "Point", "coordinates": [6.158773, 49.805308]}, "properties": {"id": "lu-arbre-0280", "name": "Arbre remarquable", "theme": "arbre-remarquable", "description": "Tilia platyphyllos.", "links": [{"label": "🔎 Infos", "url": "https://www.google.com/search?q=Arbre%20remarquable%20Luxembourg"}], "photos": [], "details": {"espece": "Tilia platyphyllos", "fiche": "À vérifier"}}}, {"type": "Feature", "geometry": {"type": "Point", "coordinates": [5.992739, 49.806605]}, "properties": {"id": "lu-arbre-0281", "name": "Arbre remarquable", "theme": "arbre-remarquable", "description": "Salix vitellina.", "links": [{"label": "🔎 Infos", "url": "https://www.google.com/search?q=Arbre%20remarquable%20Luxembourg"}], "photos": [], "details": {"espece": "Salix vitellina", "fiche": "À vérifier"}}}, {"type": "Feature", "geometry": {"type": "Point", "coordinates": [6.064369, 49.806902]}, "properties": {"id": "lu-arbre-0282", "name": "Arbre remarquable", "theme": "arbre-remarquable", "description": "Abies alba.", "links": [{"label": "🔎 Infos", "url": "https://www.google.com/search?q=Arbre%20remarquable%20Luxembourg"}], "photos": [], "details": {"espece": "Abies alba", "fiche": "À vérifier"}}}, {"type": "Feature", "geometry": {"type": "Point", "coordinates": [5.767668, 49.808225]}, "properties": {"id": "lu-arbre-0283", "name": "Arbre remarquable", "theme": "arbre-remarquable", "description": "Acer pseudoplatanus.", "links": [{"label": "🔎 Infos", "url": "https://www.google.com/search?q=Arbre%20remarquable%20Luxembourg"}], "photos": [], "details": {"espece": "Acer pseudoplatanus", "fiche": "À vérifier"}}}, {"type": "Feature", "geometry": {"type": "Point", "coordinates": [6.257128, 49.811376]}, "properties": {"id": "lu-arbre-0284", "name": "Arbre remarquable", "theme": "arbre-remarquable", "description": "Fagus sylvatica.", "links": [{"label": "🔎 Infos", "url": "https://www.google.com/search?q=Arbre%20remarquable%20Luxembourg"}], "photos": [], "details": {"espece": "Fagus sylvatica", "fiche": "À vérifier"}}}, {"type": "Feature", "geometry": {"type": "Point", "coordinates": [6.25622, 49.811467]}, "properties": {"id": "lu-arbre-0285", "name": "Arbre remarquable", "theme": "arbre-remarquable", "description": "Arbre remarquable.", "links": [{"label": "🔎 Infos", "url": "https://www.google.com/search?q=Arbre%20remarquable%20Luxembourg"}], "photos": [], "details": {"fiche": "À vérifier"}}}, {"type": "Feature", "geometry": {"type": "Point", "coordinates": [6.155872, 49.81159]}, "properties": {"id": "lu-arbre-0286", "name": "Arbre remarquable", "theme": "arbre-remarquable", "description": "Arbre remarquable.", "links": [{"label": "🔎 Infos", "url": "https://www.google.com/search?q=Arbre%20remarquable%20Luxembourg"}], "photos": [], "details": {"fiche": "À vérifier"}}}, {"type": "Feature", "geometry": {"type": "Point", "coordinates": [6.196914, 49.811965]}, "properties": {"id": "lu-arbre-0287", "name": "Arbre remarquable", "theme": "arbre-remarquable", "description": "Sorbus torminalis.", "links": [{"label": "🔎 Infos", "url": "https://www.google.com/search?q=Arbre%20remarquable%20Luxembourg"}], "photos": [], "details": {"espece": "Sorbus torminalis", "fiche": "À vérifier"}}}, {"type": "Feature", "geometry": {"type": "Point", "coordinates": [6.380092, 49.813014]}, "properties": {"id": "lu-arbre-0288", "name": "Arbre remarquable", "theme": "arbre-remarquable", "description": "Arbre remarquable.", "links": [{"label": "🔎 Infos", "url": "https://www.google.com/search?q=Arbre%20remarquable%20Luxembourg"}], "photos": [], "details": {"fiche": "À vérifier"}}}, {"type": "Feature", "geometry": {"type": "Point", "coordinates": [5.954953, 49.815991]}, "properties": {"id": "lu-arbre-0289", "name": "Arbre remarquable", "theme": "arbre-remarquable", "description": "Fraxinus excelsior.", "links": [{"label": "🔎 Infos", "url": "https://www.google.com/search?q=Arbre%20remarquable%20Luxembourg"}], "photos": [], "details": {"espece": "Fraxinus excelsior", "fiche": "À vérifier"}}}, {"type": "Feature", "geometry": {"type": "Point", "coordinates": [6.215232, 49.818126]}, "properties": {"id": "lu-arbre-0290", "name": "Arbre remarquable", "theme": "arbre-remarquable", "description": "Quercus robur.", "links": [{"label": "🔎 Infos", "url": "https://www.google.com/search?q=Arbre%20remarquable%20Luxembourg"}], "photos": [], "details": {"espece": "Quercus robur", "fiche": "À vérifier"}}}, {"type": "Feature", "geometry": {"type": "Point", "coordinates": [6.078876, 49.818147]}, "properties": {"id": "lu-arbre-0291", "name": "Arbre remarquable", "theme": "arbre-remarquable", "description": "Arbre remarquable.", "links": [{"label": "🔎 Infos", "url": "https://www.google.com/search?q=Arbre%20remarquable%20Luxembourg"}], "photos": [], "details": {"fiche": "À vérifier"}}}, {"type": "Feature", "geometry": {"type": "Point", "coordinates": [5.94756, 49.818169]}, "properties": {"id": "lu-arbre-0292", "name": "Arbre remarquable", "theme": "arbre-remarquable", "description": "Arbre remarquable.", "links": [{"label": "🔎 Infos", "url": "https://www.google.com/search?q=Arbre%20remarquable%20Luxembourg"}], "photos": [], "details": {"fiche": "À vérifier"}}}, {"type": "Feature", "geometry": {"type": "Point", "coordinates": [5.973223, 49.819853]}, "properties": {"id": "lu-arbre-0293", "name": "Arbre remarquable", "theme": "arbre-remarquable", "description": "Arbre remarquable.", "links": [{"label": "🔎 Infos", "url": "https://www.google.com/search?q=Arbre%20remarquable%20Luxembourg"}], "photos": [], "details": {"fiche": "À vérifier"}}}, {"type": "Feature", "geometry": {"type": "Point", "coordinates": [5.969675, 49.821016]}, "properties": {"id": "lu-arbre-0294", "name": "Arbre remarquable", "theme": "arbre-remarquable", "description": "Arbre remarquable.", "links": [{"label": "🔎 Infos", "url": "https://www.google.com/search?q=Arbre%20remarquable%20Luxembourg"}], "photos": [], "details": {"fiche": "À vérifier"}}}, {"type": "Feature", "geometry": {"type": "Point", "coordinates": [6.026713, 49.821787]}, "properties": {"id": "lu-arbre-0295", "name": "Arbre remarquable", "theme": "arbre-remarquable", "description": "Pyrus communis.", "links": [{"label": "🔎 Infos", "url": "https://www.google.com/search?q=Arbre%20remarquable%20Luxembourg"}], "photos": [], "details": {"espece": "Pyrus communis", "fiche": "À vérifier"}}}, {"type": "Feature", "geometry": {"type": "Point", "coordinates": [6.329997, 49.823056]}, "properties": {"id": "lu-arbre-0296", "name": "Arbre remarquable", "theme": "arbre-remarquable", "description": "Arbre remarquable.", "links": [{"label": "🔎 Infos", "url": "https://www.google.com/search?q=Arbre%20remarquable%20Luxembourg"}], "photos": [], "details": {"fiche": "À vérifier"}}}, {"type": "Feature", "geometry": {"type": "Point", "coordinates": [6.177438, 49.825616]}, "properties": {"id": "lu-arbre-0297", "name": "Arbre remarquable", "theme": "arbre-remarquable", "description": "Arbre remarquable.", "links": [{"label": "🔎 Infos", "url": "https://www.google.com/search?q=Arbre%20remarquable%20Luxembourg"}], "photos": [], "details": {"fiche": "À vérifier"}}}, {"type": "Feature", "geometry": {"type": "Point", "coordinates": [5.935848, 49.826644]}, "properties": {"id": "lu-arbre-0298", "name": "Arbre remarquable", "theme": "arbre-remarquable", "description": "Tilia cordata.", "links": [{"label": "🔎 Infos", "url": "https://www.google.com/search?q=Arbre%20remarquable%20Luxembourg"}], "photos": [], "details": {"espece": "Tilia cordata", "fiche": "À vérifier"}}}, {"type": "Feature", "geometry": {"type": "Point", "coordinates": [6.089889, 49.826649]}, "properties": {"id": "lu-arbre-0299", "name": "Arbre remarquable", "theme": "arbre-remarquable", "description": "Liriodendron tulipifera.", "links": [{"label": "🔎 Infos", "url": "https://www.google.com/search?q=Arbre%20remarquable%20Luxembourg"}], "photos": [], "details": {"espece": "Liriodendron tulipifera", "fiche": "À vérifier"}}}, {"type": "Feature", "geometry": {"type": "Point", "coordinates": [6.091423, 49.827134]}, "properties": {"id": "lu-arbre-0300", "name": "Arbre remarquable", "theme": "arbre-remarquable", "description": "Fagus sylvatica.", "links": [{"label": "🔎 Infos", "url": "https://www.google.com/search?q=Arbre%20remarquable%20Luxembourg"}], "photos": [], "details": {"espece": "Fagus sylvatica", "fiche": "À vérifier"}}}, {"type": "Feature", "geometry": {"type": "Point", "coordinates": [6.190462, 49.830523]}, "properties": {"id": "lu-arbre-0301", "name": "Arbre remarquable", "theme": "arbre-remarquable", "description": "Quercus robur.", "links": [{"label": "🔎 Infos", "url": "https://www.google.com/search?q=Arbre%20remarquable%20Luxembourg"}], "photos": [], "details": {"espece": "Quercus robur", "fiche": "À vérifier"}}}, {"type": "Feature", "geometry": {"type": "Point", "coordinates": [6.019836, 49.831457]}, "properties": {"id": "lu-arbre-0302", "name": "Arbre remarquable", "theme": "arbre-remarquable", "description": "Quercus petraea.", "links": [{"label": "🔎 Infos", "url": "https://www.google.com/search?q=Arbre%20remarquable%20Luxembourg"}], "photos": [], "details": {"espece": "Quercus petraea", "fiche": "À vérifier"}}}, {"type": "Feature", "geometry": {"type": "Point", "coordinates": [5.931799, 49.831866]}, "properties": {"id": "lu-arbre-0303", "name": "Arbre remarquable", "theme": "arbre-remarquable", "description": "Fraxinus excelsior.", "links": [{"label": "🔎 Infos", "url": "https://www.google.com/search?q=Arbre%20remarquable%20Luxembourg"}], "photos": [], "details": {"espece": "Fraxinus excelsior", "fiche": "À vérifier"}}}, {"type": "Feature", "geometry": {"type": "Point", "coordinates": [6.003431, 49.832702]}, "properties": {"id": "lu-arbre-0304", "name": "Arbre remarquable", "theme": "arbre-remarquable", "description": "Aesculus hippocastanum.", "links": [{"label": "🔎 Infos", "url": "https://www.google.com/search?q=Arbre%20remarquable%20Luxembourg"}], "photos": [], "details": {"espece": "Aesculus hippocastanum", "fiche": "À vérifier"}}}, {"type": "Feature", "geometry": {"type": "Point", "coordinates": [6.005597, 49.833568]}, "properties": {"id": "lu-arbre-0305", "name": "Arbre remarquable", "theme": "arbre-remarquable", "description": "Arbre remarquable.", "links": [{"label": "🔎 Infos", "url": "https://www.google.com/search?q=Arbre%20remarquable%20Luxembourg"}], "photos": [], "details": {"fiche": "À vérifier"}}}, {"type": "Feature", "geometry": {"type": "Point", "coordinates": [6.159759, 49.835398]}, "properties": {"id": "lu-arbre-0306", "name": "Arbre remarquable", "theme": "arbre-remarquable", "description": "Sorbus domestica.", "links": [{"label": "🔎 Infos", "url": "https://www.google.com/search?q=Arbre%20remarquable%20Luxembourg"}], "photos": [], "details": {"espece": "Sorbus domestica", "fiche": "À vérifier"}}}, {"type": "Feature", "geometry": {"type": "Point", "coordinates": [6.012337, 49.838288]}, "properties": {"id": "lu-arbre-0307", "name": "Arbre remarquable", "theme": "arbre-remarquable", "description": "Arbre remarquable.", "links": [{"label": "🔎 Infos", "url": "https://www.google.com/search?q=Arbre%20remarquable%20Luxembourg"}], "photos": [], "details": {"fiche": "À vérifier"}}}, {"type": "Feature", "geometry": {"type": "Point", "coordinates": [6.286107, 49.844157]}, "properties": {"id": "lu-arbre-0308", "name": "Arbre remarquable", "theme": "arbre-remarquable", "description": "Arbre remarquable.", "links": [{"label": "🔎 Infos", "url": "https://www.google.com/search?q=Arbre%20remarquable%20Luxembourg"}], "photos": [], "details": {"fiche": "À vérifier"}}}, {"type": "Feature", "geometry": {"type": "Point", "coordinates": [6.041199, 49.847584]}, "properties": {"id": "lu-arbre-0309", "name": "Arbre remarquable", "theme": "arbre-remarquable", "description": "Arbre remarquable.", "links": [{"label": "🔎 Infos", "url": "https://www.google.com/search?q=Arbre%20remarquable%20Luxembourg"}], "photos": [], "details": {"fiche": "À vérifier"}}}, {"type": "Feature", "geometry": {"type": "Point", "coordinates": [6.10623, 49.847715]}, "properties": {"id": "lu-arbre-0310", "name": "Arbre remarquable", "theme": "arbre-remarquable", "description": "Aesculus hippocastanum.", "links": [{"label": "🔎 Infos", "url": "https://www.google.com/search?q=Arbre%20remarquable%20Luxembourg"}], "photos": [], "details": {"espece": "Aesculus hippocastanum", "fiche": "À vérifier"}}}, {"type": "Feature", "geometry": {"type": "Point", "coordinates": [6.139179, 49.848737]}, "properties": {"id": "lu-arbre-0311", "name": "Arbre remarquable", "theme": "arbre-remarquable", "description": "Salix alba.", "links": [{"label": "🔎 Infos", "url": "https://www.google.com/search?q=Arbre%20remarquable%20Luxembourg"}], "photos": [], "details": {"espece": "Salix alba", "fiche": "À vérifier"}}}, {"type": "Feature", "geometry": {"type": "Point", "coordinates": [5.900431, 49.849076]}, "properties": {"id": "lu-arbre-0312", "name": "Arbre remarquable", "theme": "arbre-remarquable", "description": "Fraxinus excelsior.", "links": [{"label": "🔎 Infos", "url": "https://www.google.com/search?q=Arbre%20remarquable%20Luxembourg"}], "photos": [], "details": {"espece": "Fraxinus excelsior", "fiche": "À vérifier"}}}, {"type": "Feature", "geometry": {"type": "Point", "coordinates": [5.899231, 49.849446]}, "properties": {"id": "lu-arbre-0313", "name": "Arbre remarquable", "theme": "arbre-remarquable", "description": "Arbre remarquable.", "links": [{"label": "🔎 Infos", "url": "https://www.google.com/search?q=Arbre%20remarquable%20Luxembourg"}], "photos": [], "details": {"fiche": "À vérifier"}}}, {"type": "Feature", "geometry": {"type": "Point", "coordinates": [6.01889, 49.849904]}, "properties": {"id": "lu-arbre-0314", "name": "Arbre remarquable", "theme": "arbre-remarquable", "description": "Arbre remarquable.", "links": [{"label": "🔎 Infos", "url": "https://www.google.com/search?q=Arbre%20remarquable%20Luxembourg"}], "photos": [], "details": {"fiche": "À vérifier"}}}, {"type": "Feature", "geometry": {"type": "Point", "coordinates": [5.900281, 49.850654]}, "properties": {"id": "lu-arbre-0315", "name": "Arbre remarquable", "theme": "arbre-remarquable", "description": "Fraxinus excelsior.", "links": [{"label": "🔎 Infos", "url": "https://www.google.com/search?q=Arbre%20remarquable%20Luxembourg"}], "photos": [], "details": {"espece": "Fraxinus excelsior", "fiche": "À vérifier"}}}, {"type": "Feature", "geometry": {"type": "Point", "coordinates": [5.900928, 49.850689]}, "properties": {"id": "lu-arbre-0316", "name": "Arbre remarquable", "theme": "arbre-remarquable", "description": "Fagus sylvatica.", "links": [{"label": "🔎 Infos", "url": "https://www.google.com/search?q=Arbre%20remarquable%20Luxembourg"}], "photos": [], "details": {"espece": "Fagus sylvatica", "fiche": "À vérifier"}}}, {"type": "Feature", "geometry": {"type": "Point", "coordinates": [5.900262, 49.852069]}, "properties": {"id": "lu-arbre-0317", "name": "Arbre remarquable", "theme": "arbre-remarquable", "description": "Arbre remarquable.", "links": [{"label": "🔎 Infos", "url": "https://www.google.com/search?q=Arbre%20remarquable%20Luxembourg"}], "photos": [], "details": {"fiche": "À vérifier"}}}, {"type": "Feature", "geometry": {"type": "Point", "coordinates": [6.009705, 49.853116]}, "properties": {"id": "lu-arbre-0318", "name": "Arbre remarquable", "theme": "arbre-remarquable", "description": "Arbre remarquable.", "links": [{"label": "🔎 Infos", "url": "https://www.google.com/search?q=Arbre%20remarquable%20Luxembourg"}], "photos": [], "details": {"fiche": "À vérifier"}}}, {"type": "Feature", "geometry": {"type": "Point", "coordinates": [6.038153, 49.853254]}, "properties": {"id": "lu-arbre-0319", "name": "Arbre remarquable", "theme": "arbre-remarquable", "description": "Arbre remarquable.", "links": [{"label": "🔎 Infos", "url": "https://www.google.com/search?q=Arbre%20remarquable%20Luxembourg"}], "photos": [], "details": {"fiche": "À vérifier"}}}, {"type": "Feature", "geometry": {"type": "Point", "coordinates": [5.882758, 49.85357]}, "properties": {"id": "lu-arbre-0320", "name": "Arbre remarquable", "theme": "arbre-remarquable", "description": "Fraxinus excelsior.", "links": [{"label": "🔎 Infos", "url": "https://www.google.com/search?q=Arbre%20remarquable%20Luxembourg"}], "photos": [], "details": {"espece": "Fraxinus excelsior", "fiche": "À vérifier"}}}, {"type": "Feature", "geometry": {"type": "Point", "coordinates": [5.88244, 49.854311]}, "properties": {"id": "lu-arbre-0321", "name": "Arbre remarquable", "theme": "arbre-remarquable", "description": "Fraxinus excelsior.", "links": [{"label": "🔎 Infos", "url": "https://www.google.com/search?q=Arbre%20remarquable%20Luxembourg"}], "photos": [], "details": {"espece": "Fraxinus excelsior", "fiche": "À vérifier"}}}, {"type": "Feature", "geometry": {"type": "Point", "coordinates": [6.058814, 49.854479]}, "properties": {"id": "lu-arbre-0322", "name": "Arbre remarquable", "theme": "arbre-remarquable", "description": "Juglans regia.", "links": [{"label": "🔎 Infos", "url": "https://www.google.com/search?q=Arbre%20remarquable%20Luxembourg"}], "photos": [], "details": {"espece": "Juglans regia", "fiche": "À vérifier"}}}, {"type": "Feature", "geometry": {"type": "Point", "coordinates": [5.882571, 49.854916]}, "properties": {"id": "lu-arbre-0323", "name": "Arbre remarquable", "theme": "arbre-remarquable", "description": "Fraxinus excelsior.", "links": [{"label": "🔎 Infos", "url": "https://www.google.com/search?q=Arbre%20remarquable%20Luxembourg"}], "photos": [], "details": {"espece": "Fraxinus excelsior", "fiche": "À vérifier"}}}, {"type": "Feature", "geometry": {"type": "Point", "coordinates": [5.881665, 49.855192]}, "properties": {"id": "lu-arbre-0324", "name": "Arbre remarquable", "theme": "arbre-remarquable", "description": "Arbre remarquable.", "links": [{"label": "🔎 Infos", "url": "https://www.google.com/search?q=Arbre%20remarquable%20Luxembourg"}], "photos": [], "details": {"fiche": "À vérifier"}}}, {"type": "Feature", "geometry": {"type": "Point", "coordinates": [5.881861, 49.855528]}, "properties": {"id": "lu-arbre-0325", "name": "Arbre remarquable", "theme": "arbre-remarquable", "description": "Fraxinus excelsior.", "links": [{"label": "🔎 Infos", "url": "https://www.google.com/search?q=Arbre%20remarquable%20Luxembourg"}], "photos": [], "details": {"espece": "Fraxinus excelsior", "fiche": "À vérifier"}}}, {"type": "Feature", "geometry": {"type": "Point", "coordinates": [5.882384, 49.855703]}, "properties": {"id": "lu-arbre-0326", "name": "Arbre remarquable", "theme": "arbre-remarquable", "description": "Fraxinus excelsior.", "links": [{"label": "🔎 Infos", "url": "https://www.google.com/search?q=Arbre%20remarquable%20Luxembourg"}], "photos": [], "details": {"espece": "Fraxinus excelsior", "fiche": "À vérifier"}}}, {"type": "Feature", "geometry": {"type": "Point", "coordinates": [5.881878, 49.855705]}, "properties": {"id": "lu-arbre-0327", "name": "Arbre remarquable", "theme": "arbre-remarquable", "description": "Fraxinus excelsior.", "links": [{"label": "🔎 Infos", "url": "https://www.google.com/search?q=Arbre%20remarquable%20Luxembourg"}], "photos": [], "details": {"espece": "Fraxinus excelsior", "fiche": "À vérifier"}}}, {"type": "Feature", "geometry": {"type": "Point", "coordinates": [5.881878, 49.855769]}, "properties": {"id": "lu-arbre-0328", "name": "Arbre remarquable", "theme": "arbre-remarquable", "description": "Fraxinus excelsior.", "links": [{"label": "🔎 Infos", "url": "https://www.google.com/search?q=Arbre%20remarquable%20Luxembourg"}], "photos": [], "details": {"espece": "Fraxinus excelsior", "fiche": "À vérifier"}}}, {"type": "Feature", "geometry": {"type": "Point", "coordinates": [5.881647, 49.855772]}, "properties": {"id": "lu-arbre-0329", "name": "Arbre remarquable", "theme": "arbre-remarquable", "description": "Fraxinus excelsior.", "links": [{"label": "🔎 Infos", "url": "https://www.google.com/search?q=Arbre%20remarquable%20Luxembourg"}], "photos": [], "details": {"espece": "Fraxinus excelsior", "fiche": "À vérifier"}}}, {"type": "Feature", "geometry": {"type": "Point", "coordinates": [6.04887, 49.860422]}, "properties": {"id": "lu-arbre-0330", "name": "Arbre remarquable", "theme": "arbre-remarquable", "description": "Juglans regia.", "links": [{"label": "🔎 Infos", "url": "https://www.google.com/search?q=Arbre%20remarquable%20Luxembourg"}], "photos": [], "details": {"espece": "Juglans regia", "fiche": "À vérifier"}}}, {"type": "Feature", "geometry": {"type": "Point", "coordinates": [6.05026, 49.861133]}, "properties": {"id": "lu-arbre-0331", "name": "Arbre remarquable", "theme": "arbre-remarquable", "description": "Juglans regia.", "links": [{"label": "🔎 Infos", "url": "https://www.google.com/search?q=Arbre%20remarquable%20Luxembourg"}], "photos": [], "details": {"espece": "Juglans regia", "fiche": "À vérifier"}}}, {"type": "Feature", "geometry": {"type": "Point", "coordinates": [6.270935, 49.861748]}, "properties": {"id": "lu-arbre-0332", "name": "Arbre remarquable", "theme": "arbre-remarquable", "description": "Quercus robur.", "links": [{"label": "🔎 Infos", "url": "https://www.google.com/search?q=Arbre%20remarquable%20Luxembourg"}], "photos": [], "details": {"espece": "Quercus robur", "fiche": "À vérifier"}}}, {"type": "Feature", "geometry": {"type": "Point", "coordinates": [6.270643, 49.862144]}, "properties": {"id": "lu-arbre-0333", "name": "Arbre remarquable", "theme": "arbre-remarquable", "description": "Quercus robur.", "links": [{"label": "🔎 Infos", "url": "https://www.google.com/search?q=Arbre%20remarquable%20Luxembourg"}], "photos": [], "details": {"espece": "Quercus robur", "fiche": "À vérifier"}}}, {"type": "Feature", "geometry": {"type": "Point", "coordinates": [6.155436, 49.865298]}, "properties": {"id": "lu-arbre-0334", "name": "Arbre remarquable", "theme": "arbre-remarquable", "description": "Fagus sylvatica.", "links": [{"label": "🔎 Infos", "url": "https://www.google.com/search?q=Arbre%20remarquable%20Luxembourg"}], "photos": [], "details": {"espece": "Fagus sylvatica", "fiche": "À vérifier"}}}, {"type": "Feature", "geometry": {"type": "Point", "coordinates": [5.838375, 49.866875]}, "properties": {"id": "lu-arbre-0335", "name": "Arbre remarquable", "theme": "arbre-remarquable", "description": "Arbre remarquable.", "links": [{"label": "🔎 Infos", "url": "https://www.google.com/search?q=Arbre%20remarquable%20Luxembourg"}], "photos": [], "details": {"fiche": "À vérifier"}}}, {"type": "Feature", "geometry": {"type": "Point", "coordinates": [5.83859, 49.866914]}, "properties": {"id": "lu-arbre-0336", "name": "Arbre remarquable", "theme": "arbre-remarquable", "description": "Arbre remarquable.", "links": [{"label": "🔎 Infos", "url": "https://www.google.com/search?q=Arbre%20remarquable%20Luxembourg"}], "photos": [], "details": {"fiche": "À vérifier"}}}, {"type": "Feature", "geometry": {"type": "Point", "coordinates": [6.220619, 49.874902]}, "properties": {"id": "lu-arbre-0337", "name": "Arbre remarquable", "theme": "arbre-remarquable", "description": "Arbre remarquable.", "links": [{"label": "🔎 Infos", "url": "https://www.google.com/search?q=Arbre%20remarquable%20Luxembourg"}], "photos": [], "details": {"fiche": "À vérifier"}}}, {"type": "Feature", "geometry": {"type": "Point", "coordinates": [6.220819, 49.874908]}, "properties": {"id": "lu-arbre-0338", "name": "Arbre remarquable", "theme": "arbre-remarquable", "description": "Arbre remarquable.", "links": [{"label": "🔎 Infos", "url": "https://www.google.com/search?q=Arbre%20remarquable%20Luxembourg"}], "photos": [], "details": {"fiche": "À vérifier"}}}, {"type": "Feature", "geometry": {"type": "Point", "coordinates": [6.220672, 49.874935]}, "properties": {"id": "lu-arbre-0339", "name": "Arbre remarquable", "theme": "arbre-remarquable", "description": "Arbre remarquable.", "links": [{"label": "🔎 Infos", "url": "https://www.google.com/search?q=Arbre%20remarquable%20Luxembourg"}], "photos": [], "details": {"fiche": "À vérifier"}}}, {"type": "Feature", "geometry": {"type": "Point", "coordinates": [5.882563, 49.879507]}, "properties": {"id": "lu-arbre-0340", "name": "Arbre remarquable", "theme": "arbre-remarquable", "description": "Fagus sylvatica.", "links": [{"label": "🔎 Infos", "url": "https://www.google.com/search?q=Arbre%20remarquable%20Luxembourg"}], "photos": [], "details": {"espece": "Fagus sylvatica", "fiche": "À vérifier"}}}, {"type": "Feature", "geometry": {"type": "Point", "coordinates": [5.982821, 49.886742]}, "properties": {"id": "lu-arbre-0341", "name": "Arbre remarquable", "theme": "arbre-remarquable", "description": "Fraxinus excelsior.", "links": [{"label": "🔎 Infos", "url": "https://www.google.com/search?q=Arbre%20remarquable%20Luxembourg"}], "photos": [], "details": {"espece": "Fraxinus excelsior", "fiche": "À vérifier"}}}, {"type": "Feature", "geometry": {"type": "Point", "coordinates": [5.861408, 49.890443]}, "properties": {"id": "lu-arbre-0342", "name": "Arbre remarquable", "theme": "arbre-remarquable", "description": "Crataegus monogyna.", "links": [{"label": "🔎 Infos", "url": "https://www.google.com/search?q=Arbre%20remarquable%20Luxembourg"}], "photos": [], "details": {"espece": "Crataegus monogyna", "fiche": "À vérifier"}}}, {"type": "Feature", "geometry": {"type": "Point", "coordinates": [5.843176, 49.898122]}, "properties": {"id": "lu-arbre-0343", "name": "Arbre remarquable", "theme": "arbre-remarquable", "description": "Fagus sylvatica.", "links": [{"label": "🔎 Infos", "url": "https://www.google.com/search?q=Arbre%20remarquable%20Luxembourg"}], "photos": [], "details": {"espece": "Fagus sylvatica", "fiche": "À vérifier"}}}, {"type": "Feature", "geometry": {"type": "Point", "coordinates": [5.931745, 49.902544]}, "properties": {"id": "lu-arbre-0344", "name": "Arbre remarquable", "theme": "arbre-remarquable", "description": "Fraxinus excelsior.", "links": [{"label": "🔎 Infos", "url": "https://www.google.com/search?q=Arbre%20remarquable%20Luxembourg"}], "photos": [], "details": {"espece": "Fraxinus excelsior", "fiche": "À vérifier"}}}, {"type": "Feature", "geometry": {"type": "Point", "coordinates": [5.935511, 49.90675]}, "properties": {"id": "lu-arbre-0345", "name": "Arbre remarquable", "theme": "arbre-remarquable", "description": "Arbre remarquable.", "links": [{"label": "🔎 Infos", "url": "https://www.google.com/search?q=Arbre%20remarquable%20Luxembourg"}], "photos": [], "details": {"fiche": "À vérifier"}}}, {"type": "Feature", "geometry": {"type": "Point", "coordinates": [5.875458, 49.909596]}, "properties": {"id": "lu-arbre-0346", "name": "Arbre remarquable", "theme": "arbre-remarquable", "description": "Juglans regia.", "links": [{"label": "🔎 Infos", "url": "https://www.google.com/search?q=Arbre%20remarquable%20Luxembourg"}], "photos": [], "details": {"espece": "Juglans regia", "fiche": "À vérifier"}}}, {"type": "Feature", "geometry": {"type": "Point", "coordinates": [5.934531, 49.910892]}, "properties": {"id": "lu-arbre-0347", "name": "Arbre remarquable", "theme": "arbre-remarquable", "description": "Juniperus virginiana.", "links": [{"label": "🔎 Infos", "url": "https://www.google.com/search?q=Arbre%20remarquable%20Luxembourg"}], "photos": [], "details": {"espece": "Juniperus virginiana", "fiche": "À vérifier"}}}, {"type": "Feature", "geometry": {"type": "Point", "coordinates": [6.151741, 49.910997]}, "properties": {"id": "lu-arbre-0348", "name": "Arbre remarquable", "theme": "arbre-remarquable", "description": "Aesculus hippocastanum.", "links": [{"label": "🔎 Infos", "url": "https://www.google.com/search?q=Arbre%20remarquable%20Luxembourg"}], "photos": [], "details": {"espece": "Aesculus hippocastanum", "fiche": "À vérifier"}}}, {"type": "Feature", "geometry": {"type": "Point", "coordinates": [6.198723, 49.912411]}, "properties": {"id": "lu-arbre-0349", "name": "Arbre remarquable", "theme": "arbre-remarquable", "description": "Arbre remarquable.", "links": [{"label": "🔎 Infos", "url": "https://www.google.com/search?q=Arbre%20remarquable%20Luxembourg"}], "photos": [], "details": {"fiche": "À vérifier"}}}, {"type": "Feature", "geometry": {"type": "Point", "coordinates": [5.900493, 49.920652]}, "properties": {"id": "lu-arbre-0350", "name": "Arbre remarquable", "theme": "arbre-remarquable", "description": "Arbre remarquable.", "links": [{"label": "🔎 Infos", "url": "https://www.google.com/search?q=Arbre%20remarquable%20Luxembourg"}], "photos": [], "details": {"fiche": "À vérifier"}}}, {"type": "Feature", "geometry": {"type": "Point", "coordinates": [5.809944, 49.923918]}, "properties": {"id": "lu-arbre-0351", "name": "Arbre remarquable", "theme": "arbre-remarquable", "description": "Quercus petraea.", "links": [{"label": "🔎 Infos", "url": "https://www.google.com/search?q=Arbre%20remarquable%20Luxembourg"}], "photos": [], "details": {"espece": "Quercus petraea", "fiche": "À vérifier"}}}, {"type": "Feature", "geometry": {"type": "Point", "coordinates": [5.965673, 49.92797]}, "properties": {"id": "lu-arbre-0352", "name": "Arbre remarquable", "theme": "arbre-remarquable", "description": "Arbre remarquable.", "links": [{"label": "🔎 Infos", "url": "https://www.google.com/search?q=Arbre%20remarquable%20Luxembourg"}], "photos": [], "details": {"fiche": "À vérifier"}}}, {"type": "Feature", "geometry": {"type": "Point", "coordinates": [6.034869, 49.930263]}, "properties": {"id": "lu-arbre-0353", "name": "Arbre remarquable", "theme": "arbre-remarquable", "description": "Fraxinus excelsior.", "links": [{"label": "🔎 Infos", "url": "https://www.google.com/search?q=Arbre%20remarquable%20Luxembourg"}], "photos": [], "details": {"espece": "Fraxinus excelsior", "fiche": "À vérifier"}}}, {"type": "Feature", "geometry": {"type": "Point", "coordinates": [6.03526, 49.930273]}, "properties": {"id": "lu-arbre-0354", "name": "Arbre remarquable", "theme": "arbre-remarquable", "description": "Arbre remarquable.", "links": [{"label": "🔎 Infos", "url": "https://www.google.com/search?q=Arbre%20remarquable%20Luxembourg"}], "photos": [], "details": {"fiche": "À vérifier"}}}, {"type": "Feature", "geometry": {"type": "Point", "coordinates": [6.035204, 49.930317]}, "properties": {"id": "lu-arbre-0355", "name": "Arbre remarquable", "theme": "arbre-remarquable", "description": "Arbre remarquable.", "links": [{"label": "🔎 Infos", "url": "https://www.google.com/search?q=Arbre%20remarquable%20Luxembourg"}], "photos": [], "details": {"fiche": "À vérifier"}}}, {"type": "Feature", "geometry": {"type": "Point", "coordinates": [5.917103, 49.932177]}, "properties": {"id": "lu-arbre-0356", "name": "Arbre remarquable", "theme": "arbre-remarquable", "description": "Aesculus hippocastanum.", "links": [{"label": "🔎 Infos", "url": "https://www.google.com/search?q=Arbre%20remarquable%20Luxembourg"}], "photos": [], "details": {"espece": "Aesculus hippocastanum", "fiche": "À vérifier"}}}, {"type": "Feature", "geometry": {"type": "Point", "coordinates": [5.917433, 49.932218]}, "properties": {"id": "lu-arbre-0357", "name": "Arbre remarquable", "theme": "arbre-remarquable", "description": "Aesculus hippocastanum.", "links": [{"label": "🔎 Infos", "url": "https://www.google.com/search?q=Arbre%20remarquable%20Luxembourg"}], "photos": [], "details": {"espece": "Aesculus hippocastanum", "fiche": "À vérifier"}}}, {"type": "Feature", "geometry": {"type": "Point", "coordinates": [5.884139, 49.941121]}, "properties": {"id": "lu-arbre-0358", "name": "Arbre remarquable", "theme": "arbre-remarquable", "description": "Arbre remarquable.", "links": [{"label": "🔎 Infos", "url": "https://www.google.com/search?q=Arbre%20remarquable%20Luxembourg"}], "photos": [], "details": {"fiche": "À vérifier"}}}, {"type": "Feature", "geometry": {"type": "Point", "coordinates": [6.079298, 49.945751]}, "properties": {"id": "lu-arbre-0359", "name": "Arbre remarquable", "theme": "arbre-remarquable", "description": "Arbre remarquable.", "links": [{"label": "🔎 Infos", "url": "https://www.google.com/search?q=Arbre%20remarquable%20Luxembourg"}], "photos": [], "details": {"fiche": "À vérifier"}}}, {"type": "Feature", "geometry": {"type": "Point", "coordinates": [6.079758, 49.945823]}, "properties": {"id": "lu-arbre-0360", "name": "Arbre remarquable", "theme": "arbre-remarquable", "description": "Arbre remarquable.", "links": [{"label": "🔎 Infos", "url": "https://www.google.com/search?q=Arbre%20remarquable%20Luxembourg"}], "photos": [], "details": {"fiche": "À vérifier"}}}, {"type": "Feature", "geometry": {"type": "Point", "coordinates": [5.977046, 49.946968]}, "properties": {"id": "lu-arbre-0361", "name": "Arbre remarquable", "theme": "arbre-remarquable", "description": "Arbre remarquable.", "links": [{"label": "🔎 Infos", "url": "https://www.google.com/search?q=Arbre%20remarquable%20Luxembourg"}], "photos": [], "details": {"fiche": "À vérifier"}}}, {"type": "Feature", "geometry": {"type": "Point", "coordinates": [5.964131, 49.946973]}, "properties": {"id": "lu-arbre-0362", "name": "Arbre remarquable", "theme": "arbre-remarquable", "description": "Arbre remarquable.", "links": [{"label": "🔎 Infos", "url": "https://www.google.com/search?q=Arbre%20remarquable%20Luxembourg"}], "photos": [], "details": {"fiche": "À vérifier"}}}, {"type": "Feature", "geometry": {"type": "Point", "coordinates": [5.976794, 49.947228]}, "properties": {"id": "lu-arbre-0363", "name": "Arbre remarquable", "theme": "arbre-remarquable", "description": "Juglans regia.", "links": [{"label": "🔎 Infos", "url": "https://www.google.com/search?q=Arbre%20remarquable%20Luxembourg"}], "photos": [], "details": {"espece": "Juglans regia", "fiche": "À vérifier"}}}, {"type": "Feature", "geometry": {"type": "Point", "coordinates": [6.048882, 49.947541]}, "properties": {"id": "lu-arbre-0364", "name": "Arbre remarquable", "theme": "arbre-remarquable", "description": "Arbre remarquable.", "links": [{"label": "🔎 Infos", "url": "https://www.google.com/search?q=Arbre%20remarquable%20Luxembourg"}], "photos": [], "details": {"fiche": "À vérifier"}}}, {"type": "Feature", "geometry": {"type": "Point", "coordinates": [6.1276, 49.947618]}, "properties": {"id": "lu-arbre-0365", "name": "Arbre remarquable", "theme": "arbre-remarquable", "description": "Tilia platyphyllos.", "links": [{"label": "🔎 Infos", "url": "https://www.google.com/search?q=Arbre%20remarquable%20Luxembourg"}], "photos": [], "details": {"espece": "Tilia platyphyllos", "fiche": "À vérifier"}}}, {"type": "Feature", "geometry": {"type": "Point", "coordinates": [6.080154, 49.948223]}, "properties": {"id": "lu-arbre-0366", "name": "Arbre remarquable", "theme": "arbre-remarquable", "description": "Juglans regia.", "links": [{"label": "🔎 Infos", "url": "https://www.google.com/search?q=Arbre%20remarquable%20Luxembourg"}], "photos": [], "details": {"espece": "Juglans regia", "fiche": "À vérifier"}}}, {"type": "Feature", "geometry": {"type": "Point", "coordinates": [6.015538, 49.952428]}, "properties": {"id": "lu-arbre-0367", "name": "Arbre remarquable", "theme": "arbre-remarquable", "description": "Arbre remarquable.", "links": [{"label": "🔎 Infos", "url": "https://www.google.com/search?q=Arbre%20remarquable%20Luxembourg"}], "photos": [], "details": {"fiche": "À vérifier"}}}, {"type": "Feature", "geometry": {"type": "Point", "coordinates": [6.004542, 49.965692]}, "properties": {"id": "lu-arbre-0368", "name": "Arbre remarquable", "theme": "arbre-remarquable", "description": "Arbre remarquable.", "links": [{"label": "🔎 Infos", "url": "https://www.google.com/search?q=Arbre%20remarquable%20Luxembourg"}], "photos": [], "details": {"fiche": "À vérifier"}}}, {"type": "Feature", "geometry": {"type": "Point", "coordinates": [6.011727, 49.97186]}, "properties": {"id": "lu-arbre-0369", "name": "Arbre remarquable", "theme": "arbre-remarquable", "description": "Picea abies.", "links": [{"label": "🔎 Infos", "url": "https://www.google.com/search?q=Arbre%20remarquable%20Luxembourg"}], "photos": [], "details": {"espece": "Picea abies", "fiche": "À vérifier"}}}, {"type": "Feature", "geometry": {"type": "Point", "coordinates": [5.851246, 49.975238]}, "properties": {"id": "lu-arbre-0370", "name": "Arbre remarquable", "theme": "arbre-remarquable", "description": "Fagus sylvatica.", "links": [{"label": "🔎 Infos", "url": "https://www.google.com/search?q=Arbre%20remarquable%20Luxembourg"}], "photos": [], "details": {"espece": "Fagus sylvatica", "fiche": "À vérifier"}}}, {"type": "Feature", "geometry": {"type": "Point", "coordinates": [5.833653, 49.977275]}, "properties": {"id": "lu-arbre-0371", "name": "Arbre remarquable", "theme": "arbre-remarquable", "description": "Arbre remarquable.", "links": [{"label": "🔎 Infos", "url": "https://www.google.com/search?q=Arbre%20remarquable%20Luxembourg"}], "photos": [], "details": {"fiche": "À vérifier"}}}, {"type": "Feature", "geometry": {"type": "Point", "coordinates": [5.833999, 49.977662]}, "properties": {"id": "lu-arbre-0372", "name": "Arbre remarquable", "theme": "arbre-remarquable", "description": "Fagus sylvatica.", "links": [{"label": "🔎 Infos", "url": "https://www.google.com/search?q=Arbre%20remarquable%20Luxembourg"}], "photos": [], "details": {"espece": "Fagus sylvatica", "fiche": "À vérifier"}}}, {"type": "Feature", "geometry": {"type": "Point", "coordinates": [6.062411, 49.97866]}, "properties": {"id": "lu-arbre-0373", "name": "Arbre remarquable", "theme": "arbre-remarquable", "description": "Arbre remarquable.", "links": [{"label": "🔎 Infos", "url": "https://www.google.com/search?q=Arbre%20remarquable%20Luxembourg"}], "photos": [], "details": {"fiche": "À vérifier"}}}, {"type": "Feature", "geometry": {"type": "Point", "coordinates": [5.907324, 49.978794]}, "properties": {"id": "lu-arbre-0374", "name": "Arbre remarquable", "theme": "arbre-remarquable", "description": "Fraxinus excelsior.", "links": [{"label": "🔎 Infos", "url": "https://www.google.com/search?q=Arbre%20remarquable%20Luxembourg"}], "photos": [], "details": {"espece": "Fraxinus excelsior", "fiche": "À vérifier"}}}, {"type": "Feature", "geometry": {"type": "Point", "coordinates": [5.882166, 49.987279]}, "properties": {"id": "lu-arbre-0375", "name": "Arbre remarquable", "theme": "arbre-remarquable", "description": "Fagus sylvatica.", "links": [{"label": "🔎 Infos", "url": "https://www.google.com/search?q=Arbre%20remarquable%20Luxembourg"}], "photos": [], "details": {"espece": "Fagus sylvatica", "fiche": "À vérifier"}}}, {"type": "Feature", "geometry": {"type": "Point", "coordinates": [5.948038, 49.996274]}, "properties": {"id": "lu-arbre-0376", "name": "Arbre remarquable", "theme": "arbre-remarquable", "description": "Arbre remarquable.", "links": [{"label": "🔎 Infos", "url": "https://www.google.com/search?q=Arbre%20remarquable%20Luxembourg"}], "photos": [], "details": {"fiche": "À vérifier"}}}, {"type": "Feature", "geometry": {"type": "Point", "coordinates": [6.04413, 50.007492]}, "properties": {"id": "lu-arbre-0377", "name": "Arbre remarquable", "theme": "arbre-remarquable", "description": "Arbre remarquable.", "links": [{"label": "🔎 Infos", "url": "https://www.google.com/search?q=Arbre%20remarquable%20Luxembourg"}], "photos": [], "details": {"fiche": "À vérifier"}}}, {"type": "Feature", "geometry": {"type": "Point", "coordinates": [6.142113, 50.008643]}, "properties": {"id": "lu-arbre-0378", "name": "Arbre remarquable", "theme": "arbre-remarquable", "description": "Tilia platyphyllos.", "links": [{"label": "🔎 Infos", "url": "https://www.google.com/search?q=Arbre%20remarquable%20Luxembourg"}], "photos": [], "details": {"espece": "Tilia platyphyllos", "fiche": "À vérifier"}}}, {"type": "Feature", "geometry": {"type": "Point", "coordinates": [5.849054, 50.009549]}, "properties": {"id": "lu-arbre-0379", "name": "Arbre remarquable", "theme": "arbre-remarquable", "description": "Fagus sylvatica.", "links": [{"label": "🔎 Infos", "url": "https://www.google.com/search?q=Arbre%20remarquable%20Luxembourg"}], "photos": [], "details": {"espece": "Fagus sylvatica", "fiche": "À vérifier"}}}, {"type": "Feature", "geometry": {"type": "Point", "coordinates": [5.840781, 50.009643]}, "properties": {"id": "lu-arbre-0380", "name": "Arbre remarquable", "theme": "arbre-remarquable", "description": "Tilia platyphyllos.", "links": [{"label": "🔎 Infos", "url": "https://www.google.com/search?q=Arbre%20remarquable%20Luxembourg"}], "photos": [], "details": {"espece": "Tilia platyphyllos", "fiche": "À vérifier"}}}, {"type": "Feature", "geometry": {"type": "Point", "coordinates": [5.840934, 50.009643]}, "properties": {"id": "lu-arbre-0381", "name": "Arbre remarquable", "theme": "arbre-remarquable", "description": "Tilia platyphyllos.", "links": [{"label": "🔎 Infos", "url": "https://www.google.com/search?q=Arbre%20remarquable%20Luxembourg"}], "photos": [], "details": {"espece": "Tilia platyphyllos", "fiche": "À vérifier"}}}, {"type": "Feature", "geometry": {"type": "Point", "coordinates": [5.8494, 50.010026]}, "properties": {"id": "lu-arbre-0382", "name": "Arbre remarquable", "theme": "arbre-remarquable", "description": "Arbre remarquable.", "links": [{"label": "🔎 Infos", "url": "https://www.google.com/search?q=Arbre%20remarquable%20Luxembourg"}], "photos": [], "details": {"fiche": "À vérifier"}}}, {"type": "Feature", "geometry": {"type": "Point", "coordinates": [5.889595, 50.014337]}, "properties": {"id": "lu-arbre-0383", "name": "Arbre remarquable", "theme": "arbre-remarquable", "description": "Fagus sylvatica.", "links": [{"label": "🔎 Infos", "url": "https://www.google.com/search?q=Arbre%20remarquable%20Luxembourg"}], "photos": [], "details": {"espece": "Fagus sylvatica", "fiche": "À vérifier"}}}, {"type": "Feature", "geometry": {"type": "Point", "coordinates": [5.854284, 50.01558]}, "properties": {"id": "lu-arbre-0384", "name": "Arbre remarquable", "theme": "arbre-remarquable", "description": "Robinia pseudoacacia.", "links": [{"label": "🔎 Infos", "url": "https://www.google.com/search?q=Arbre%20remarquable%20Luxembourg"}], "photos": [], "details": {"espece": "Robinia pseudoacacia", "fiche": "À vérifier"}}}, {"type": "Feature", "geometry": {"type": "Point", "coordinates": [5.8562, 50.01766]}, "properties": {"id": "lu-arbre-0385", "name": "Arbre remarquable", "theme": "arbre-remarquable", "description": "Arbre remarquable.", "links": [{"label": "🔎 Infos", "url": "https://www.google.com/search?q=Arbre%20remarquable%20Luxembourg"}], "photos": [], "details": {"fiche": "À vérifier"}}}, {"type": "Feature", "geometry": {"type": "Point", "coordinates": [5.907929, 50.017847]}, "properties": {"id": "lu-arbre-0386", "name": "Arbre remarquable", "theme": "arbre-remarquable", "description": "Quercus robur.", "links": [{"label": "🔎 Infos", "url": "https://www.google.com/search?q=Arbre%20remarquable%20Luxembourg"}], "photos": [], "details": {"espece": "Quercus robur", "fiche": "À vérifier"}}}, {"type": "Feature", "geometry": {"type": "Point", "coordinates": [6.122002, 50.018023]}, "properties": {"id": "lu-arbre-0387", "name": "Arbre remarquable", "theme": "arbre-remarquable", "description": "Arbre remarquable.", "links": [{"label": "🔎 Infos", "url": "https://www.google.com/search?q=Arbre%20remarquable%20Luxembourg"}], "photos": [], "details": {"fiche": "À vérifier"}}}, {"type": "Feature", "geometry": {"type": "Point", "coordinates": [5.90897, 50.020288]}, "properties": {"id": "lu-arbre-0388", "name": "Arbre remarquable", "theme": "arbre-remarquable", "description": "Tilia platyphyllos.", "links": [{"label": "🔎 Infos", "url": "https://www.google.com/search?q=Arbre%20remarquable%20Luxembourg"}], "photos": [], "details": {"espece": "Tilia platyphyllos", "fiche": "À vérifier"}}}, {"type": "Feature", "geometry": {"type": "Point", "coordinates": [6.038819, 50.032201]}, "properties": {"id": "lu-arbre-0389", "name": "Arbre remarquable", "theme": "arbre-remarquable", "description": "Fraxinus excelsior.", "links": [{"label": "🔎 Infos", "url": "https://www.google.com/search?q=Arbre%20remarquable%20Luxembourg"}], "photos": [], "details": {"espece": "Fraxinus excelsior", "fiche": "À vérifier"}}}, {"type": "Feature", "geometry": {"type": "Point", "coordinates": [5.861446, 50.033146]}, "properties": {"id": "lu-arbre-0390", "name": "Arbre remarquable", "theme": "arbre-remarquable", "description": "Fraxinus excelsior.", "links": [{"label": "🔎 Infos", "url": "https://www.google.com/search?q=Arbre%20remarquable%20Luxembourg"}], "photos": [], "details": {"espece": "Fraxinus excelsior", "fiche": "À vérifier"}}}, {"type": "Feature", "geometry": {"type": "Point", "coordinates": [5.861655, 50.033164]}, "properties": {"id": "lu-arbre-0391", "name": "Arbre remarquable", "theme": "arbre-remarquable", "description": "Fraxinus excelsior.", "links": [{"label": "🔎 Infos", "url": "https://www.google.com/search?q=Arbre%20remarquable%20Luxembourg"}], "photos": [], "details": {"espece": "Fraxinus excelsior", "fiche": "À vérifier"}}}, {"type": "Feature", "geometry": {"type": "Point", "coordinates": [5.918787, 50.052076]}, "properties": {"id": "lu-arbre-0392", "name": "Arbre remarquable", "theme": "arbre-remarquable", "description": "Arbre remarquable.", "links": [{"label": "🔎 Infos", "url": "https://www.google.com/search?q=Arbre%20remarquable%20Luxembourg"}], "photos": [], "details": {"fiche": "À vérifier"}}}, {"type": "Feature", "geometry": {"type": "Point", "coordinates": [5.918922, 50.052208]}, "properties": {"id": "lu-arbre-0393", "name": "Arbre remarquable", "theme": "arbre-remarquable", "description": "Arbre remarquable.", "links": [{"label": "🔎 Infos", "url": "https://www.google.com/search?q=Arbre%20remarquable%20Luxembourg"}], "photos": [], "details": {"fiche": "À vérifier"}}}, {"type": "Feature", "geometry": {"type": "Point", "coordinates": [5.919117, 50.052253]}, "properties": {"id": "lu-arbre-0394", "name": "Arbre remarquable", "theme": "arbre-remarquable", "description": "Arbre remarquable.", "links": [{"label": "🔎 Infos", "url": "https://www.google.com/search?q=Arbre%20remarquable%20Luxembourg"}], "photos": [], "details": {"fiche": "À vérifier"}}}, {"type": "Feature", "geometry": {"type": "Point", "coordinates": [5.919926, 50.052381]}, "properties": {"id": "lu-arbre-0395", "name": "Arbre remarquable", "theme": "arbre-remarquable", "description": "Arbre remarquable.", "links": [{"label": "🔎 Infos", "url": "https://www.google.com/search?q=Arbre%20remarquable%20Luxembourg"}], "photos": [], "details": {"fiche": "À vérifier"}}}, {"type": "Feature", "geometry": {"type": "Point", "coordinates": [5.920038, 50.052408]}, "properties": {"id": "lu-arbre-0396", "name": "Arbre remarquable", "theme": "arbre-remarquable", "description": "Arbre remarquable.", "links": [{"label": "🔎 Infos", "url": "https://www.google.com/search?q=Arbre%20remarquable%20Luxembourg"}], "photos": [], "details": {"fiche": "À vérifier"}}}, {"type": "Feature", "geometry": {"type": "Point", "coordinates": [5.895857, 50.056544]}, "properties": {"id": "lu-arbre-0397", "name": "Arbre remarquable", "theme": "arbre-remarquable", "description": "Tilia platyphyllos.", "links": [{"label": "🔎 Infos", "url": "https://www.google.com/search?q=Arbre%20remarquable%20Luxembourg"}], "photos": [], "details": {"espece": "Tilia platyphyllos", "fiche": "À vérifier"}}}, {"type": "Feature", "geometry": {"type": "Point", "coordinates": [5.89884, 50.057872]}, "properties": {"id": "lu-arbre-0398", "name": "Arbre remarquable", "theme": "arbre-remarquable", "description": "Fagus sylvatica.", "links": [{"label": "🔎 Infos", "url": "https://www.google.com/search?q=Arbre%20remarquable%20Luxembourg"}], "photos": [], "details": {"espece": "Fagus sylvatica", "fiche": "À vérifier"}}}, {"type": "Feature", "geometry": {"type": "Point", "coordinates": [6.003357, 50.058183]}, "properties": {"id": "lu-arbre-0399", "name": "Arbre remarquable", "theme": "arbre-remarquable", "description": "Arbre remarquable.", "links": [{"label": "🔎 Infos", "url": "https://www.google.com/search?q=Arbre%20remarquable%20Luxembourg"}], "photos": [], "details": {"fiche": "À vérifier"}}}, {"type": "Feature", "geometry": {"type": "Point", "coordinates": [6.002269, 50.058228]}, "properties": {"id": "lu-arbre-0400", "name": "Arbre remarquable", "theme": "arbre-remarquable", "description": "Fagus sylvatica.", "links": [{"label": "🔎 Infos", "url": "https://www.google.com/search?q=Arbre%20remarquable%20Luxembourg"}], "photos": [], "details": {"espece": "Fagus sylvatica", "fiche": "À vérifier"}}}, {"type": "Feature", "geometry": {"type": "Point", "coordinates": [6.002539, 50.058236]}, "properties": {"id": "lu-arbre-0401", "name": "Arbre remarquable", "theme": "arbre-remarquable", "description": "Fagus sylvatica.", "links": [{"label": "🔎 Infos", "url": "https://www.google.com/search?q=Arbre%20remarquable%20Luxembourg"}], "photos": [], "details": {"espece": "Fagus sylvatica", "fiche": "À vérifier"}}}, {"type": "Feature", "geometry": {"type": "Point", "coordinates": [5.942713, 50.058442]}, "properties": {"id": "lu-arbre-0402", "name": "Arbre remarquable", "theme": "arbre-remarquable", "description": "Fagus sylvatica.", "links": [{"label": "🔎 Infos", "url": "https://www.google.com/search?q=Arbre%20remarquable%20Luxembourg"}], "photos": [], "details": {"espece": "Fagus sylvatica", "fiche": "À vérifier"}}}, {"type": "Feature", "geometry": {"type": "Point", "coordinates": [6.002844, 50.058573]}, "properties": {"id": "lu-arbre-0403", "name": "Arbre remarquable", "theme": "arbre-remarquable", "description": "Quercus robur.", "links": [{"label": "🔎 Infos", "url": "https://www.google.com/search?q=Arbre%20remarquable%20Luxembourg"}], "photos": [], "details": {"espece": "Quercus robur", "fiche": "À vérifier"}}}, {"type": "Feature", "geometry": {"type": "Point", "coordinates": [5.997185, 50.083338]}, "properties": {"id": "lu-arbre-0404", "name": "Arbre remarquable", "theme": "arbre-remarquable", "description": "Arbre remarquable.", "links": [{"label": "🔎 Infos", "url": "https://www.google.com/search?q=Arbre%20remarquable%20Luxembourg"}], "photos": [], "details": {"fiche": "À vérifier"}}}, {"type": "Feature", "geometry": {"type": "Point", "coordinates": [5.914359, 50.096727]}, "properties": {"id": "lu-arbre-0405", "name": "Arbre remarquable", "theme": "arbre-remarquable", "description": "Arbre remarquable.", "links": [{"label": "🔎 Infos", "url": "https://www.google.com/search?q=Arbre%20remarquable%20Luxembourg"}], "photos": [], "details": {"fiche": "À vérifier"}}}, {"type": "Feature", "geometry": {"type": "Point", "coordinates": [6.108257, 50.099217]}, "properties": {"id": "lu-arbre-0406", "name": "Arbre remarquable", "theme": "arbre-remarquable", "description": "Quercus robur.", "links": [{"label": "🔎 Infos", "url": "https://www.google.com/search?q=Arbre%20remarquable%20Luxembourg"}], "photos": [], "details": {"espece": "Quercus robur", "fiche": "À vérifier"}}}, {"type": "Feature", "geometry": {"type": "Point", "coordinates": [5.919263, 50.105143]}, "properties": {"id": "lu-arbre-0407", "name": "Arbre remarquable", "theme": "arbre-remarquable", "description": "Fagus sylvatica.", "links": [{"label": "🔎 Infos", "url": "https://www.google.com/search?q=Arbre%20remarquable%20Luxembourg"}], "photos": [], "details": {"espece": "Fagus sylvatica", "fiche": "À vérifier"}}}, {"type": "Feature", "geometry": {"type": "Point", "coordinates": [6.039779, 50.117466]}, "properties": {"id": "lu-arbre-0408", "name": "Arbre remarquable", "theme": "arbre-remarquable", "description": "Arbre remarquable.", "links": [{"label": "🔎 Infos", "url": "https://www.google.com/search?q=Arbre%20remarquable%20Luxembourg"}], "photos": [], "details": {"fiche": "À vérifier"}}}, {"type": "Feature", "geometry": {"type": "Point", "coordinates": [6.039736, 50.117987]}, "properties": {"id": "lu-arbre-0409", "name": "Arbre remarquable", "theme": "arbre-remarquable", "description": "Arbre remarquable.", "links": [{"label": "🔎 Infos", "url": "https://www.google.com/search?q=Arbre%20remarquable%20Luxembourg"}], "photos": [], "details": {"fiche": "À vérifier"}}}, {"type": "Feature", "geometry": {"type": "Point", "coordinates": [6.045452, 50.124376]}, "properties": {"id": "lu-arbre-0410", "name": "Arbre remarquable", "theme": "arbre-remarquable", "description": "Arbre remarquable.", "links": [{"label": "🔎 Infos", "url": "https://www.google.com/search?q=Arbre%20remarquable%20Luxembourg"}], "photos": [], "details": {"fiche": "À vérifier"}}}, {"type": "Feature", "geometry": {"type": "Point", "coordinates": [6.020296, 50.13794]}, "properties": {"id": "lu-arbre-0411", "name": "Arbre remarquable", "theme": "arbre-remarquable", "description": "Castanea sativa.", "links": [{"label": "🔎 Infos", "url": "https://www.google.com/search?q=Arbre%20remarquable%20Luxembourg"}], "photos": [], "details": {"espece": "Castanea sativa", "fiche": "À vérifier"}}}, {"type": "Feature", "geometry": {"type": "Point", "coordinates": [6.015787, 50.143886]}, "properties": {"id": "lu-arbre-0412", "name": "Arbre remarquable", "theme": "arbre-remarquable", "description": "Arbre remarquable.", "links": [{"label": "🔎 Infos", "url": "https://www.google.com/search?q=Arbre%20remarquable%20Luxembourg"}], "photos": [], "details": {"fiche": "À vérifier"}}}, {"type": "Feature", "geometry": {"type": "Point", "coordinates": [6.053646, 50.148317]}, "properties": {"id": "lu-arbre-0413", "name": "Arbre remarquable", "theme": "arbre-remarquable", "description": "Fagus sylvatica.", "links": [{"label": "🔎 Infos", "url": "https://www.google.com/search?q=Arbre%20remarquable%20Luxembourg"}], "photos": [], "details": {"espece": "Fagus sylvatica", "fiche": "À vérifier"}}}, {"type": "Feature", "geometry": {"type": "Point", "coordinates": [6.017667, 50.164377]}, "properties": {"id": "lu-arbre-0414", "name": "Arbre remarquable", "theme": "arbre-remarquable", "description": "Arbre remarquable.", "links": [{"label": "🔎 Infos", "url": "https://www.google.com/search?q=Arbre%20remarquable%20Luxembourg"}], "photos": [], "details": {"fiche": "À vérifier"}}}, {"type": "Feature", "geometry": {"type": "Point", "coordinates": [6.129217, 49.615347]}, "properties": {"id": "lu-arbre-0415", "name": "Bam vum Prënz Charles", "theme": "arbre-remarquable", "description": "Arbre remarquable.", "links": [{"label": "🔎 Infos", "url": "https://www.google.com/search?q=Bam%20vum%20Pr%C3%ABnz%20Charles%20Luxembourg"}], "photos": [], "details": {"fiche": "À vérifier"}}}, {"type": "Feature", "geometry": {"type": "Point", "coordinates": [6.12905, 49.615716]}, "properties": {"id": "lu-arbre-0416", "name": "Bam vum Prënz Jean", "theme": "arbre-remarquable", "description": "Aesculus hippocastanum.", "links": [{"label": "🔎 Infos", "url": "https://www.google.com/search?q=Bam%20vum%20Pr%C3%ABnz%20Jean%20Luxembourg"}], "photos": [], "details": {"espece": "Aesculus hippocastanum", "fiche": "À vérifier"}}}, {"type": "Feature", "geometry": {"type": "Point", "coordinates": [6.135372, 49.611324]}, "properties": {"id": "lu-arbre-0417", "name": "Bluttbuch bei der Méchelskierch", "theme": "arbre-remarquable", "description": "Fagus sylvatica.", "links": [{"label": "🔎 Infos", "url": "https://www.google.com/search?q=Bluttbuch%20bei%20der%20M%C3%A9chelskierch%20Luxembourg"}], "photos": [], "details": {"espece": "Fagus sylvatica", "fiche": "À vérifier"}}}, {"type": "Feature", "geometry": {"type": "Point", "coordinates": [6.280028, 49.501511]}, "properties": {"id": "lu-arbre-0418", "name": "Bluttbuch zu Munneref", "theme": "arbre-remarquable", "description": "Fagus sylvatica.", "links": [{"label": "🔎 Infos", "url": "https://www.google.com/search?q=Bluttbuch%20zu%20Munneref%20Luxembourg"}], "photos": [], "details": {"espece": "Fagus sylvatica", "fiche": "À vérifier"}}}, {"type": "Feature", "geometry": {"type": "Point", "coordinates": [6.127694, 49.609101]}, "properties": {"id": "lu-arbre-0419", "name": "Buch am Péitrusdall, Bastioun Beck", "theme": "arbre-remarquable", "description": "Fagus sylvatica.", "links": [{"label": "🔎 Infos", "url": "https://www.google.com/search?q=Buch%20am%20P%C3%A9itrusdall%2C%20Bastioun%20Beck%20Luxembourg"}], "photos": [], "details": {"espece": "Fagus sylvatica", "fiche": "À vérifier"}}}, {"type": "Feature", "geometry": {"type": "Point", "coordinates": [6.132486, 49.568911]}, "properties": {"id": "lu-arbre-0420", "name": "Buchen zu Hesper", "theme": "arbre-remarquable", "description": "Fagus sylvatica.", "links": [{"label": "🔎 Infos", "url": "https://www.google.com/search?q=Buchen%20zu%20Hesper%20Luxembourg"}], "photos": [], "details": {"espece": "Fagus sylvatica", "fiche": "À vérifier"}}}, {"type": "Feature", "geometry": {"type": "Point", "coordinates": [6.156496, 49.66312]}, "properties": {"id": "lu-arbre-0421", "name": "Chêne Prince Henri", "theme": "arbre-remarquable", "description": "Quercus rubra.", "links": [{"label": "🔎 Infos", "url": "https://www.google.com/search?q=Ch%C3%AAne%20Prince%20Henri%20Luxembourg"}], "photos": [], "details": {"espece": "Quercus rubra", "fiche": "À vérifier"}}}, {"type": "Feature", "geometry": {"type": "Point", "coordinates": [6.316441, 49.590073]}, "properties": {"id": "lu-arbre-0422", "name": "Eech um Bicherhaff", "theme": "arbre-remarquable", "description": "Arbre remarquable.", "links": [{"label": "🔎 Infos", "url": "https://www.google.com/search?q=Eech%20um%20Bicherhaff%20Luxembourg"}], "photos": [], "details": {"fiche": "À vérifier"}}}, {"type": "Feature", "geometry": {"type": "Point", "coordinates": [6.079212, 49.656016]}, "properties": {"id": "lu-arbre-0423", "name": "Eech um Briddel", "theme": "arbre-remarquable", "description": "Quercus petraea — circonférence 4.01 m.", "links": [{"label": "🔎 Infos", "url": "https://www.google.com/search?q=Eech%20um%20Briddel%20Luxembourg"}], "photos": [], "details": {"espece": "Quercus petraea", "circonference": "4.01 m", "fiche": "À vérifier"}}}, {"type": "Feature", "geometry": {"type": "Point", "coordinates": [6.258186, 49.674182]}, "properties": {"id": "lu-arbre-0424", "name": "Eech um Engelshaff", "theme": "arbre-remarquable", "description": "Arbre remarquable.", "links": [{"label": "🔎 Infos", "url": "https://www.google.com/search?q=Eech%20um%20Engelshaff%20Luxembourg"}], "photos": [], "details": {"fiche": "À vérifier"}}}, {"type": "Feature", "geometry": {"type": "Point", "coordinates": [6.05813, 49.576788]}, "properties": {"id": "lu-arbre-0425", "name": "Eech um Schléiwenhaff", "theme": "arbre-remarquable", "description": "Quercus robur.", "links": [{"label": "🔎 Infos", "url": "https://www.google.com/search?q=Eech%20um%20Schl%C3%A9iwenhaff%20Luxembourg"}], "photos": [], "details": {"espece": "Quercus robur", "fiche": "À vérifier"}}}, {"type": "Feature", "geometry": {"type": "Point", "coordinates": [6.129333, 49.762001]}, "properties": {"id": "lu-arbre-0426", "name": "Eech zu Biereng", "theme": "arbre-remarquable", "description": "Quercus petraea.", "links": [{"label": "🔎 Infos", "url": "https://www.google.com/search?q=Eech%20zu%20Biereng%20Luxembourg"}], "photos": [], "details": {"espece": "Quercus petraea", "fiche": "À vérifier"}}}, {"type": "Feature", "geometry": {"type": "Point", "coordinates": [6.326895, 49.567302]}, "properties": {"id": "lu-arbre-0427", "name": "Eech zu Bus, Kioner", "theme": "arbre-remarquable", "description": "Arbre remarquable.", "links": [{"label": "🔎 Infos", "url": "https://www.google.com/search?q=Eech%20zu%20Bus%2C%20Kioner%20Luxembourg"}], "photos": [], "details": {"fiche": "À vérifier"}}}, {"type": "Feature", "geometry": {"type": "Point", "coordinates": [6.231334, 49.735389]}, "properties": {"id": "lu-arbre-0428", "name": "Eech zu Guedber", "theme": "arbre-remarquable", "description": "Quercus robur.", "links": [{"label": "🔎 Infos", "url": "https://www.google.com/search?q=Eech%20zu%20Guedber%20Luxembourg"}], "photos": [], "details": {"espece": "Quercus robur", "fiche": "À vérifier"}}}, {"type": "Feature", "geometry": {"type": "Point", "coordinates": [5.966737, 49.724881]}, "properties": {"id": "lu-arbre-0429", "name": "Eech zu Kaalmes", "theme": "arbre-remarquable", "description": "Arbre remarquable.", "links": [{"label": "🔎 Infos", "url": "https://www.google.com/search?q=Eech%20zu%20Kaalmes%20Luxembourg"}], "photos": [], "details": {"fiche": "À vérifier"}}}, {"type": "Feature", "geometry": {"type": "Point", "coordinates": [6.056949, 49.487714]}, "properties": {"id": "lu-arbre-0430", "name": "Eech zu Keel", "theme": "arbre-remarquable", "description": "Arbre remarquable.", "links": [{"label": "🔎 Infos", "url": "https://www.google.com/search?q=Eech%20zu%20Keel%20Luxembourg"}], "photos": [], "details": {"fiche": "À vérifier"}}}, {"type": "Feature", "geometry": {"type": "Point", "coordinates": [5.914497, 49.646693]}, "properties": {"id": "lu-arbre-0431", "name": "Eech zu Klengbetten", "theme": "arbre-remarquable", "description": "Quercus robur.", "links": [{"label": "🔎 Infos", "url": "https://www.google.com/search?q=Eech%20zu%20Klengbetten%20Luxembourg"}], "photos": [], "details": {"espece": "Quercus robur", "fiche": "À vérifier"}}}, {"type": "Feature", "geometry": {"type": "Point", "coordinates": [5.941674, 49.629532]}, "properties": {"id": "lu-arbre-0432", "name": "Eech zu Koler", "theme": "arbre-remarquable", "description": "Arbre remarquable.", "links": [{"label": "🔎 Infos", "url": "https://www.google.com/search?q=Eech%20zu%20Koler%20Luxembourg"}], "photos": [], "details": {"fiche": "À vérifier"}}}, {"type": "Feature", "geometry": {"type": "Point", "coordinates": [6.352869, 49.593423]}, "properties": {"id": "lu-arbre-0433", "name": "Eech zu Lenneng", "theme": "arbre-remarquable", "description": "Arbre remarquable.", "links": [{"label": "🔎 Infos", "url": "https://www.google.com/search?q=Eech%20zu%20Lenneng%20Luxembourg"}], "photos": [], "details": {"fiche": "À vérifier"}}}, {"type": "Feature", "geometry": {"type": "Point", "coordinates": [6.265236, 49.587929]}, "properties": {"id": "lu-arbre-0434", "name": "Eech zu Mutfert", "theme": "arbre-remarquable", "description": "Arbre remarquable.", "links": [{"label": "🔎 Infos", "url": "https://www.google.com/search?q=Eech%20zu%20Mutfert%20Luxembourg"}], "photos": [], "details": {"fiche": "À vérifier"}}}, {"type": "Feature", "geometry": {"type": "Point", "coordinates": [6.222763, 49.563136]}, "properties": {"id": "lu-arbre-0435", "name": "Eech zu Siren", "theme": "arbre-remarquable", "description": "Quercus robur.", "links": [{"label": "🔎 Infos", "url": "https://www.google.com/search?q=Eech%20zu%20Siren%20Luxembourg"}], "photos": [], "details": {"espece": "Quercus robur", "fiche": "À vérifier"}}}, {"type": "Feature", "geometry": {"type": "Point", "coordinates": [5.981776, 49.733333]}, "properties": {"id": "lu-arbre-0436", "name": "Eech zu Sëll", "theme": "arbre-remarquable", "description": "Arbre remarquable.", "links": [{"label": "🔎 Infos", "url": "https://www.google.com/search?q=Eech%20zu%20S%C3%ABll%20Luxembourg"}], "photos": [], "details": {"fiche": "À vérifier"}}}, {"type": "Feature", "geometry": {"type": "Point", "coordinates": [6.279188, 49.592897]}, "properties": {"id": "lu-arbre-0437", "name": "Eechen um Pläitrengerhaff", "theme": "arbre-remarquable", "description": "Arbre remarquable.", "links": [{"label": "🔎 Infos", "url": "https://www.google.com/search?q=Eechen%20um%20Pl%C3%A4itrengerhaff%20Luxembourg"}], "photos": [], "details": {"fiche": "À vérifier"}}}, {"type": "Feature", "geometry": {"type": "Point", "coordinates": [6.2789, 49.593215]}, "properties": {"id": "lu-arbre-0438", "name": "Eechen um Pläitrengerhaff", "theme": "arbre-remarquable", "description": "Arbre remarquable.", "links": [{"label": "🔎 Infos", "url": "https://www.google.com/search?q=Eechen%20um%20Pl%C3%A4itrengerhaff%20Luxembourg"}], "photos": [], "details": {"fiche": "À vérifier"}}}, {"type": "Feature", "geometry": {"type": "Point", "coordinates": [6.034878, 50.033914]}, "properties": {"id": "lu-arbre-0439", "name": "Eechen zu Munzen", "theme": "arbre-remarquable", "description": "Arbre remarquable.", "links": [{"label": "🔎 Infos", "url": "https://www.google.com/search?q=Eechen%20zu%20Munzen%20Luxembourg"}], "photos": [], "details": {"fiche": "À vérifier"}}}, {"type": "Feature", "geometry": {"type": "Point", "coordinates": [6.039134, 49.523282]}, "properties": {"id": "lu-arbre-0440", "name": "Fraihatsbam vun 1939", "theme": "arbre-remarquable", "description": "Arbre remarquable.", "links": [{"label": "🔎 Infos", "url": "https://www.google.com/search?q=Fraihatsbam%20vun%201939%20Luxembourg"}], "photos": [], "details": {"fiche": "À vérifier"}}}, {"type": "Feature", "geometry": {"type": "Point", "coordinates": [6.280954, 49.501887]}, "properties": {"id": "lu-arbre-0441", "name": "Ginkgoen zu Munneref", "theme": "arbre-remarquable", "description": "Ginkgo biloba.", "links": [{"label": "🔎 Infos", "url": "https://www.google.com/search?q=Ginkgoen%20zu%20Munneref%20Luxembourg"}], "photos": [], "details": {"espece": "Ginkgo biloba", "fiche": "À vérifier"}}}, {"type": "Feature", "geometry": {"type": "Point", "coordinates": [6.327707, 49.752743]}, "properties": {"id": "lu-arbre-0442", "name": "Heeschbrecher Bildchen", "theme": "arbre-remarquable", "description": "Arbre remarquable.", "links": [{"label": "🔎 Infos", "url": "https://www.google.com/search?q=Heeschbrecher%20Bildchen%20Luxembourg"}], "photos": [], "details": {"fiche": "À vérifier"}}}, {"type": "Feature", "geometry": {"type": "Point", "coordinates": [6.125754, 49.614936]}, "properties": {"id": "lu-arbre-0443", "name": "Hobuch op der Kinnekswiss", "theme": "arbre-remarquable", "description": "Carpinus betulus.", "links": [{"label": "🔎 Infos", "url": "https://www.google.com/search?q=Hobuch%20op%20der%20Kinnekswiss%20Luxembourg"}], "photos": [], "details": {"espece": "Carpinus betulus", "fiche": "À vérifier"}}}, {"type": "Feature", "geometry": {"type": "Point", "coordinates": [6.079733, 49.651234]}, "properties": {"id": "lu-arbre-0444", "name": "Kifer um Briddel", "theme": "arbre-remarquable", "description": "Pinus sylvestris.", "links": [{"label": "🔎 Infos", "url": "https://www.google.com/search?q=Kifer%20um%20Briddel%20Luxembourg"}], "photos": [], "details": {"espece": "Pinus sylvestris", "fiche": "À vérifier"}}}, {"type": "Feature", "geometry": {"type": "Point", "coordinates": [6.131511, 49.613001]}, "properties": {"id": "lu-arbre-0445", "name": "Käschtebam um Square Robert Brasseur", "theme": "arbre-remarquable", "description": "maronnier d'Inde — circonférence 1.30 m.", "links": [{"label": "🔎 Infos", "url": "https://www.google.com/search?q=K%C3%A4schtebam%20um%20Square%20Robert%20Brasseur%20Luxembourg"}], "photos": [], "details": {"espece": "maronnier d'Inde", "circonference": "1.30 m", "fiche": "À vérifier"}}}, {"type": "Feature", "geometry": {"type": "Point", "coordinates": [6.422723, 49.812367]}, "properties": {"id": "lu-arbre-0446", "name": "Käschtebam zu Iechternach", "theme": "arbre-remarquable", "description": "Aesculus hippocastanum.", "links": [{"label": "🔎 Infos", "url": "https://www.google.com/search?q=K%C3%A4schtebam%20zu%20Iechternach%20Luxembourg"}], "photos": [], "details": {"espece": "Aesculus hippocastanum", "fiche": "À vérifier"}}}, {"type": "Feature", "geometry": {"type": "Point", "coordinates": [6.279515, 49.831028]}, "properties": {"id": "lu-arbre-0447", "name": "Käschtebeem zu Beefort", "theme": "arbre-remarquable", "description": "Aesculus hippocastanum.", "links": [{"label": "🔎 Infos", "url": "https://www.google.com/search?q=K%C3%A4schtebeem%20zu%20Beefort%20Luxembourg"}], "photos": [], "details": {"espece": "Aesculus hippocastanum", "fiche": "À vérifier"}}}, {"type": "Feature", "geometry": {"type": "Point", "coordinates": [6.279681, 49.831082]}, "properties": {"id": "lu-arbre-0448", "name": "Käschtebeem zu Beefort", "theme": "arbre-remarquable", "description": "Aesculus hippocastanum.", "links": [{"label": "🔎 Infos", "url": "https://www.google.com/search?q=K%C3%A4schtebeem%20zu%20Beefort%20Luxembourg"}], "photos": [], "details": {"espece": "Aesculus hippocastanum", "fiche": "À vérifier"}}}, {"type": "Feature", "geometry": {"type": "Point", "coordinates": [6.059743, 49.793011]}, "properties": {"id": "lu-arbre-0449", "name": "Käschtebeem zu Biissen", "theme": "arbre-remarquable", "description": "Aesculus hippocastanum.", "links": [{"label": "🔎 Infos", "url": "https://www.google.com/search?q=K%C3%A4schtebeem%20zu%20Biissen%20Luxembourg"}], "photos": [], "details": {"espece": "Aesculus hippocastanum", "fiche": "À vérifier"}}}, {"type": "Feature", "geometry": {"type": "Point", "coordinates": [6.059854, 49.793074]}, "properties": {"id": "lu-arbre-0450", "name": "Käschtebeem zu Biissen", "theme": "arbre-remarquable", "description": "Castanea sativa.", "links": [{"label": "🔎 Infos", "url": "https://www.google.com/search?q=K%C3%A4schtebeem%20zu%20Biissen%20Luxembourg"}], "photos": [], "details": {"espece": "Castanea sativa", "fiche": "À vérifier"}}}, {"type": "Feature", "geometry": {"type": "Point", "coordinates": [6.498699, 49.784367]}, "properties": {"id": "lu-arbre-0451", "name": "Lann op der Giischterklaus", "theme": "arbre-remarquable", "description": "Tilia cordata.", "links": [{"label": "🔎 Infos", "url": "https://www.google.com/search?q=Lann%20op%20der%20Giischterklaus%20Luxembourg"}], "photos": [], "details": {"espece": "Tilia cordata", "fiche": "À vérifier"}}}, {"type": "Feature", "geometry": {"type": "Point", "coordinates": [6.082625, 49.660969]}, "properties": {"id": "lu-arbre-0452", "name": "Lann um Briddel", "theme": "arbre-remarquable", "description": "Arbre remarquable.", "links": [{"label": "🔎 Infos", "url": "https://www.google.com/search?q=Lann%20um%20Briddel%20Luxembourg"}], "photos": [], "details": {"fiche": "À vérifier"}}}, {"type": "Feature", "geometry": {"type": "Point", "coordinates": [6.164178, 49.890361]}, "properties": {"id": "lu-arbre-0453", "name": "Lann zu Baastenduerf", "theme": "arbre-remarquable", "description": "Arbre remarquable.", "links": [{"label": "🔎 Infos", "url": "https://www.google.com/search?q=Lann%20zu%20Baastenduerf%20Luxembourg"}], "photos": [], "details": {"fiche": "À vérifier"}}}, {"type": "Feature", "geometry": {"type": "Point", "coordinates": [5.787628, 49.855645]}, "properties": {"id": "lu-arbre-0454", "name": "Lann zu Bungeref", "theme": "arbre-remarquable", "description": "Tilia platyphyllos.", "links": [{"label": "🔎 Infos", "url": "https://www.google.com/search?q=Lann%20zu%20Bungeref%20Luxembourg"}], "photos": [], "details": {"espece": "Tilia platyphyllos", "fiche": "À vérifier"}}}, {"type": "Feature", "geometry": {"type": "Point", "coordinates": [6.233338, 49.65524]}, "properties": {"id": "lu-arbre-0455", "name": "Lann zu Hueschtert", "theme": "arbre-remarquable", "description": "Arbre remarquable.", "links": [{"label": "🔎 Infos", "url": "https://www.google.com/search?q=Lann%20zu%20Hueschtert%20Luxembourg"}], "photos": [], "details": {"fiche": "À vérifier"}}}, {"type": "Feature", "geometry": {"type": "Point", "coordinates": [6.141623, 49.959078]}, "properties": {"id": "lu-arbre-0456", "name": "Lann zu Pëtscht", "theme": "arbre-remarquable", "description": "Tilia platyphyllos.", "links": [{"label": "🔎 Infos", "url": "https://www.google.com/search?q=Lann%20zu%20P%C3%ABtscht%20Luxembourg"}], "photos": [], "details": {"espece": "Tilia platyphyllos", "fiche": "À vérifier"}}}, {"type": "Feature", "geometry": {"type": "Point", "coordinates": [5.92636, 49.543581]}, "properties": {"id": "lu-arbre-0457", "name": "Lann zu Suessem", "theme": "arbre-remarquable", "description": "circonférence 6 m.", "links": [{"label": "🔎 Infos", "url": "https://www.google.com/search?q=Lann%20zu%20Suessem%20Luxembourg"}], "photos": [], "details": {"circonference": "6 m", "fiche": "À vérifier"}}}, {"type": "Feature", "geometry": {"type": "Point", "coordinates": [5.953356, 50.058089]}, "properties": {"id": "lu-arbre-0458", "name": "Lannen zu Diänjen", "theme": "arbre-remarquable", "description": "Arbre remarquable.", "links": [{"label": "🔎 Infos", "url": "https://www.google.com/search?q=Lannen%20zu%20Di%C3%A4njen%20Luxembourg"}], "photos": [], "details": {"fiche": "À vérifier"}}}, {"type": "Feature", "geometry": {"type": "Point", "coordinates": [6.121277, 49.606671]}, "properties": {"id": "lu-arbre-0459", "name": "Nëssert am Konviktsgaart zu Lëtzebuerg", "theme": "arbre-remarquable", "description": "Juglans regia.", "links": [{"label": "🔎 Infos", "url": "https://www.google.com/search?q=N%C3%ABssert%20am%20Konviktsgaart%20zu%20L%C3%ABtzebuerg%20Luxembourg"}], "photos": [], "details": {"espece": "Juglans regia", "fiche": "À vérifier"}}}, {"type": "Feature", "geometry": {"type": "Point", "coordinates": [6.049063, 49.701564]}, "properties": {"id": "lu-arbre-0460", "name": "Platan zu Aansebuerg", "theme": "arbre-remarquable", "description": "Platanus acerifolia.", "links": [{"label": "🔎 Infos", "url": "https://www.google.com/search?q=Platan%20zu%20Aansebuerg%20Luxembourg"}], "photos": [], "details": {"espece": "Platanus acerifolia", "fiche": "À vérifier"}}}, {"type": "Feature", "geometry": {"type": "Point", "coordinates": [6.281079, 49.50204]}, "properties": {"id": "lu-arbre-0461", "name": "Platan zu Munneref", "theme": "arbre-remarquable", "description": "Platanus acerifolia.", "links": [{"label": "🔎 Infos", "url": "https://www.google.com/search?q=Platan%20zu%20Munneref%20Luxembourg"}], "photos": [], "details": {"espece": "Platanus acerifolia", "fiche": "À vérifier"}}}, {"type": "Feature", "geometry": {"type": "Point", "coordinates": [6.009113, 49.717789]}, "properties": {"id": "lu-arbre-0462", "name": "Platan zu Tënten", "theme": "arbre-remarquable", "description": "Platanus acerifolia.", "links": [{"label": "🔎 Infos", "url": "https://www.google.com/search?q=Platan%20zu%20T%C3%ABnten%20Luxembourg"}], "photos": [], "details": {"espece": "Platanus acerifolia", "fiche": "À vérifier"}}}, {"type": "Feature", "geometry": {"type": "Point", "coordinates": [6.135567, 49.673785]}, "properties": {"id": "lu-arbre-0463", "name": "Schwaarzkifer zu Heeschdref", "theme": "arbre-remarquable", "description": "Pinus nigra.", "links": [{"label": "🔎 Infos", "url": "https://www.google.com/search?q=Schwaarzkifer%20zu%20Heeschdref%20Luxembourg"}], "photos": [], "details": {"espece": "Pinus nigra", "fiche": "À vérifier"}}}, {"type": "Feature", "geometry": {"type": "Point", "coordinates": [5.982103, 49.72524]}, "properties": {"id": "lu-arbre-0464", "name": "Sequoia", "theme": "arbre-remarquable", "description": "Arbre remarquable.", "links": [{"label": "🔎 Infos", "url": "https://www.google.com/search?q=Sequoia%20Luxembourg"}], "photos": [], "details": {"fiche": "À vérifier"}}}, {"type": "Feature", "geometry": {"type": "Point", "coordinates": [6.084158, 49.48394]}, "properties": {"id": "lu-arbre-0465", "name": "Sequoia zu Diddeleng", "theme": "arbre-remarquable", "description": "Sequoiadendron giganteum.", "links": [{"label": "🔎 Infos", "url": "https://www.google.com/search?q=Sequoia%20zu%20Diddeleng%20Luxembourg"}], "photos": [], "details": {"espece": "Sequoiadendron giganteum", "fiche": "À vérifier"}}}, {"type": "Feature", "geometry": {"type": "Point", "coordinates": [6.221846, 49.70142]}, "properties": {"id": "lu-arbre-0466", "name": "Sequoiaen zu Buerglënster", "theme": "arbre-remarquable", "description": "Sequoiadendron giganteum.", "links": [{"label": "🔎 Infos", "url": "https://www.google.com/search?q=Sequoiaen%20zu%20Buergl%C3%ABnster%20Luxembourg"}], "photos": [], "details": {"espece": "Sequoiadendron giganteum", "fiche": "À vérifier"}}}, {"type": "Feature", "geometry": {"type": "Point", "coordinates": [6.222534, 49.701719]}, "properties": {"id": "lu-arbre-0467", "name": "Sequoiaen zu Buerglënster", "theme": "arbre-remarquable", "description": "Sequoiadendron giganteum.", "links": [{"label": "🔎 Infos", "url": "https://www.google.com/search?q=Sequoiaen%20zu%20Buergl%C3%ABnster%20Luxembourg"}], "photos": [], "details": {"espece": "Sequoiadendron giganteum", "fiche": "À vérifier"}}}, {"type": "Feature", "geometry": {"type": "Point", "coordinates": [6.281302, 49.592023]}, "properties": {"id": "lu-arbre-0468", "name": "Spirebeem um Pläitrengerhaff", "theme": "arbre-remarquable", "description": "Sorbus domestica.", "links": [{"label": "🔎 Infos", "url": "https://www.google.com/search?q=Spirebeem%20um%20Pl%C3%A4itrengerhaff%20Luxembourg"}], "photos": [], "details": {"espece": "Sorbus domestica", "fiche": "À vérifier"}}}, {"type": "Feature", "geometry": {"type": "Point", "coordinates": [6.281579, 49.592131]}, "properties": {"id": "lu-arbre-0469", "name": "Séisskäschtebam um Pläitrengerhaff", "theme": "arbre-remarquable", "description": "Castanea sativa.", "links": [{"label": "🔎 Infos", "url": "https://www.google.com/search?q=S%C3%A9issk%C3%A4schtebam%20um%20Pl%C3%A4itrengerhaff%20Luxembourg"}], "photos": [], "details": {"espece": "Castanea sativa", "fiche": "À vérifier"}}}, {"type": "Feature", "geometry": {"type": "Point", "coordinates": [6.19693, 49.610489]}, "properties": {"id": "lu-arbre-0470", "name": "Séisskäschtebam um Scheedhaff", "theme": "arbre-remarquable", "description": "Castanea sativa.", "links": [{"label": "🔎 Infos", "url": "https://www.google.com/search?q=S%C3%A9issk%C3%A4schtebam%20um%20Scheedhaff%20Luxembourg"}], "photos": [], "details": {"espece": "Castanea sativa", "fiche": "À vérifier"}}}, {"type": "Feature", "geometry": {"type": "Point", "coordinates": [5.926414, 49.543053]}, "properties": {"id": "lu-arbre-0471", "name": "Trauerbuch zu Suessem", "theme": "arbre-remarquable", "description": "Fagus sylvatica.", "links": [{"label": "🔎 Infos", "url": "https://www.google.com/search?q=Trauerbuch%20zu%20Suessem%20Luxembourg"}], "photos": [], "details": {"espece": "Fagus sylvatica", "fiche": "À vérifier"}}}, {"type": "Feature", "geometry": {"type": "Point", "coordinates": [6.194326, 49.706189]}, "properties": {"id": "lu-arbre-0472", "name": "Wakelter um Amberknäppchen", "theme": "arbre-remarquable", "description": "Juniperus comunis.", "links": [{"label": "🔎 Infos", "url": "https://www.google.com/search?q=Wakelter%20um%20Amberkn%C3%A4ppchen%20Luxembourg"}], "photos": [], "details": {"espece": "Juniperus comunis", "fiche": "À vérifier"}}}, {"type": "Feature", "geometry": {"type": "Point", "coordinates": [6.128482, 49.92376]}, "properties": {"id": "lu-arbre-0473", "name": "Willibrorduslannen zu Laaschent", "theme": "arbre-remarquable", "description": "Arbre remarquable.", "links": [{"label": "🔎 Infos", "url": "https://www.google.com/search?q=Willibrorduslannen%20zu%20Laaschent%20Luxembourg"}], "photos": [], "details": {"fiche": "À vérifier"}}}, {"type": "Feature", "geometry": {"type": "Point", "coordinates": [6.128468, 49.923849]}, "properties": {"id": "lu-arbre-0474", "name": "Willibrorduslannen zu Laaschent", "theme": "arbre-remarquable", "description": "Arbre remarquable.", "links": [{"label": "🔎 Infos", "url": "https://www.google.com/search?q=Willibrorduslannen%20zu%20Laaschent%20Luxembourg"}], "photos": [], "details": {"fiche": "À vérifier"}}}, {"type": "Feature", "geometry": {"type": "Point", "coordinates": [6.013947, 49.546744]}, "properties": {"id": "lu-plon-0001", "name": "Splash Dive Center", "theme": "plongee", "description": "Spot de plongée.", "links": [{"label": "🌐 Site officiel", "url": "https://www.splash.lu/"}, {"label": "🔎 Infos", "url": "https://www.google.com/search?q=Splash%20Dive%20Center%20Luxembourg"}], "photos": [], "details": {"fiche": "Référencé"}}}, {"type": "Feature", "geometry": {"type": "Point", "coordinates": [5.942545, 49.670726]}, "properties": {"id": "lu-vid-0001", "name": "Aire de vidange", "theme": "vidange", "description": "Aire de vidange pour fourgons et camping-cars (gratuit, public).", "links": [{"label": "🗺️ Voir sur OpenStreetMap", "url": "https://www.openstreetmap.org/node/12015218401"}, {"label": "🔎 Infos", "url": "https://www.google.com/search?q=Aire%20de%20vidange%20Luxembourg"}], "photos": [], "details": {"type": "Aire dédiée", "tarif": "Gratuit", "acces": "Public"}}}, {"type": "Feature", "geometry": {"type": "Point", "coordinates": [6.251776, 49.705052]}, "properties": {"id": "lu-vid-0002", "name": "Aire de vidange", "theme": "vidange", "description": "Aire de vidange pour fourgons et camping-cars.", "links": [{"label": "🗺️ Voir sur OpenStreetMap", "url": "https://www.openstreetmap.org/node/5796527613"}, {"label": "🔎 Infos", "url": "https://www.google.com/search?q=Aire%20de%20vidange%20Luxembourg"}], "photos": [], "details": {"type": "Aire dédiée"}}}, {"type": "Feature", "geometry": {"type": "Point", "coordinates": [6.090083, 49.742355]}, "properties": {"id": "lu-vid-0003", "name": "Aire de vidange", "theme": "vidange", "description": "Aire de vidange pour fourgons et camping-cars (gratuit, réservé aux clients).", "links": [{"label": "🗺️ Voir sur OpenStreetMap", "url": "https://www.openstreetmap.org/node/10293712692"}, {"label": "🔎 Infos", "url": "https://www.google.com/search?q=Aire%20de%20vidange%20Luxembourg"}], "photos": [], "details": {"type": "Aire dédiée", "tarif": "Gratuit", "acces": "Réservé aux clients"}}}, {"type": "Feature", "geometry": {"type": "Point", "coordinates": [5.895072, 49.768931]}, "properties": {"id": "lu-vid-0004", "name": "Aire de vidange", "theme": "vidange", "description": "Aire de vidange pour fourgons et camping-cars.", "links": [{"label": "🗺️ Voir sur OpenStreetMap", "url": "https://www.openstreetmap.org/node/5852150013"}, {"label": "🔎 Infos", "url": "https://www.google.com/search?q=Aire%20de%20vidange%20Luxembourg"}], "photos": [], "details": {"type": "Aire dédiée"}}}, {"type": "Feature", "geometry": {"type": "Point", "coordinates": [6.428894, 49.80965]}, "properties": {"id": "lu-vid-0005", "name": "Aire de vidange", "theme": "vidange", "description": "Aire de vidange pour fourgons et camping-cars (gratuit, eau sur place).", "links": [{"label": "🗺️ Voir sur OpenStreetMap", "url": "https://www.openstreetmap.org/node/8450131652"}, {"label": "🔎 Infos", "url": "https://www.google.com/search?q=Aire%20de%20vidange%20Luxembourg"}], "photos": [], "details": {"type": "Aire dédiée", "tarif": "Gratuit", "eau": "Oui"}}}, {"type": "Feature", "geometry": {"type": "Point", "coordinates": [6.342728, 49.826661]}, "properties": {"id": "lu-vid-0006", "name": "Aire de vidange", "theme": "vidange", "description": "Aire de vidange pour fourgons et camping-cars (gratuit, réservé aux clients).", "links": [{"label": "🗺️ Voir sur OpenStreetMap", "url": "https://www.openstreetmap.org/node/4879171927"}, {"label": "🔎 Infos", "url": "https://www.google.com/search?q=Aire%20de%20vidange%20Luxembourg"}], "photos": [], "details": {"type": "Aire dédiée", "tarif": "Gratuit", "acces": "Réservé aux clients"}}}, {"type": "Feature", "geometry": {"type": "Point", "coordinates": [6.287905, 49.839508]}, "properties": {"id": "lu-vid-0007", "name": "Aire de vidange", "theme": "vidange", "description": "Aire de vidange pour fourgons et camping-cars.", "links": [{"label": "🗺️ Voir sur OpenStreetMap", "url": "https://www.openstreetmap.org/node/5030704250"}, {"label": "🔎 Infos", "url": "https://www.google.com/search?q=Aire%20de%20vidange%20Luxembourg"}], "photos": [], "details": {"type": "Aire dédiée"}}}, {"type": "Feature", "geometry": {"type": "Point", "coordinates": [6.188934, 49.872975]}, "properties": {"id": "lu-vid-0008", "name": "Aire de vidange", "theme": "vidange", "description": "Aire de vidange pour fourgons et camping-cars (réservé aux clients, eau sur place).", "links": [{"label": "🗺️ Voir sur OpenStreetMap", "url": "https://www.openstreetmap.org/way/666442891"}, {"label": "🔎 Infos", "url": "https://www.google.com/search?q=Aire%20de%20vidange%20Luxembourg"}], "photos": [], "details": {"type": "Aire dédiée", "acces": "Réservé aux clients", "eau": "Oui", "gestionnaire": "Camping Bleesbruck"}}}, {"type": "Feature", "geometry": {"type": "Point", "coordinates": [5.994038, 49.877857]}, "properties": {"id": "lu-vid-0009", "name": "Aire de vidange", "theme": "vidange", "description": "Aire de vidange pour fourgons et camping-cars (gratuit).", "links": [{"label": "🗺️ Voir sur OpenStreetMap", "url": "https://www.openstreetmap.org/node/6537603734"}, {"label": "🔎 Infos", "url": "https://www.google.com/search?q=Aire%20de%20vidange%20Luxembourg"}], "photos": [], "details": {"type": "Aire dédiée", "tarif": "Gratuit"}}}, {"type": "Feature", "geometry": {"type": "Point", "coordinates": [5.808555, 49.885689]}, "properties": {"id": "lu-vid-0010", "name": "Aire de vidange", "theme": "vidange", "description": "Aire de vidange pour fourgons et camping-cars (public) — sur une aire de camping.", "links": [{"label": "🗺️ Voir sur OpenStreetMap", "url": "https://www.openstreetmap.org/node/13732301289"}, {"label": "🔎 Infos", "url": "https://www.google.com/search?q=Aire%20de%20vidange%20Luxembourg"}], "photos": [], "details": {"type": "Aire de camping", "acces": "Public"}}}, {"type": "Feature", "geometry": {"type": "Point", "coordinates": [5.956476, 49.9053]}, "properties": {"id": "lu-vid-0011", "name": "Aire de vidange", "theme": "vidange", "description": "Aire de vidange pour fourgons et camping-cars (gratuit, réservé aux clients).", "links": [{"label": "🗺️ Voir sur OpenStreetMap", "url": "https://www.openstreetmap.org/node/6653995043"}, {"label": "🔎 Infos", "url": "https://www.google.com/search?q=Aire%20de%20vidange%20Luxembourg"}], "photos": [], "details": {"type": "Aire dédiée", "tarif": "Gratuit", "acces": "Réservé aux clients", "horaires": "Apr 1-Oct 30"}}}, {"type": "Feature", "geometry": {"type": "Point", "coordinates": [5.960186, 49.9063]}, "properties": {"id": "lu-vid-0012", "name": "Aire de vidange", "theme": "vidange", "description": "Aire de vidange pour fourgons et camping-cars (gratuit, réservé aux clients).", "links": [{"label": "🗺️ Voir sur OpenStreetMap", "url": "https://www.openstreetmap.org/node/6653995065"}, {"label": "🔎 Infos", "url": "https://www.google.com/search?q=Aire%20de%20vidange%20Luxembourg"}], "photos": [], "details": {"type": "Aire dédiée", "tarif": "Gratuit", "acces": "Réservé aux clients", "horaires": "Apr 1-Oct 30"}}}, {"type": "Feature", "geometry": {"type": "Point", "coordinates": [5.93439, 49.97162]}, "properties": {"id": "lu-vid-0013", "name": "Aire de vidange", "theme": "vidange", "description": "Aire de vidange pour fourgons et camping-cars (payant, public).", "links": [{"label": "🗺️ Voir sur OpenStreetMap", "url": "https://www.openstreetmap.org/way/1212802063"}, {"label": "🔎 Infos", "url": "https://www.google.com/search?q=Aire%20de%20vidange%20Luxembourg"}], "photos": [], "details": {"type": "Aire dédiée", "tarif": "Payant", "acces": "Public"}}}, {"type": "Feature", "geometry": {"type": "Point", "coordinates": [6.003281, 50.119057]}, "properties": {"id": "lu-vid-0014", "name": "Aire de vidange", "theme": "vidange", "description": "Aire de vidange pour fourgons et camping-cars.", "links": [{"label": "🗺️ Voir sur OpenStreetMap", "url": "https://www.openstreetmap.org/node/9948744366"}, {"label": "🔎 Infos", "url": "https://www.google.com/search?q=Aire%20de%20vidange%20Luxembourg"}], "photos": [], "details": {"type": "Aire dédiée"}}}, {"type": "Feature", "geometry": {"type": "Point", "coordinates": [6.101471, 49.844826]}, "properties": {"id": "lu-vid-0015", "name": "Aire camping-cars Ettelbruck", "theme": "vidange", "description": "Aire de vidange pour fourgons et camping-cars (public, eau sur place) — sur une aire de camping.", "links": [{"label": "🗺️ Voir sur OpenStreetMap", "url": "https://www.openstreetmap.org/way/1213655006"}, {"label": "🔎 Infos", "url": "https://www.google.com/search?q=Aire%20camping-cars%20Ettelbruck%20Luxembourg"}], "photos": [], "details": {"type": "Aire de camping", "acces": "Public", "eau": "Oui", "horaires": "24/7"}}}, {"type": "Feature", "geometry": {"type": "Point", "coordinates": [5.874574, 49.911734]}, "properties": {"id": "lu-vid-0016", "name": "Aire de camping-car Camping Liefrange", "theme": "vidange", "description": "Aire de vidange pour fourgons et camping-cars (public, eau sur place) — sur une aire de camping.", "links": [{"label": "🌐 Site officiel", "url": "https://www.camping-liefrange.lu/fr/camping/aire-de-camping-car"}, {"label": "🗺️ Voir sur OpenStreetMap", "url": "https://www.openstreetmap.org/way/1296460841"}, {"label": "🔎 Infos", "url": "https://www.google.com/search?q=Aire%20de%20camping-car%20Camping%20Liefrange%20Luxembourg"}], "photos": [], "details": {"type": "Aire de camping", "acces": "Public", "eau": "Oui"}}}, {"type": "Feature", "geometry": {"type": "Point", "coordinates": [6.199541, 49.799658]}, "properties": {"id": "lu-vid-0017", "name": "Auf Kengert", "theme": "vidange", "description": "Aire de vidange pour fourgons et camping-cars (public, eau sur place) — sur une aire de camping.", "links": [{"label": "🌐 Site officiel", "url": "https://www.kengert.lu/"}, {"label": "🗺️ Voir sur OpenStreetMap", "url": "https://www.openstreetmap.org/way/28336780"}, {"label": "🔎 Infos", "url": "https://www.google.com/search?q=Auf%20Kengert%20Luxembourg"}], "photos": [], "details": {"type": "Aire de camping", "acces": "Public", "eau": "Oui"}}}, {"type": "Feature", "geometry": {"type": "Point", "coordinates": [6.349661, 49.818453]}, "properties": {"id": "lu-vid-0018", "name": "Belle-Vue 2000", "theme": "vidange", "description": "Aire de vidange pour fourgons et camping-cars (public, eau sur place) — sur une aire de camping.", "links": [{"label": "🌐 Site officiel", "url": "https://campingbellevue.lu/"}, {"label": "🗺️ Voir sur OpenStreetMap", "url": "https://www.openstreetmap.org/way/139754099"}, {"label": "🔎 Infos", "url": "https://www.google.com/search?q=Belle-Vue%202000%20Luxembourg"}], "photos": [], "details": {"type": "Aire de camping", "acces": "Public", "eau": "Oui"}}}, {"type": "Feature", "geometry": {"type": "Point", "coordinates": [6.362087, 49.538982]}, "properties": {"id": "lu-vid-0019", "name": "Campcar-Parkplaz Remich", "theme": "vidange", "description": "Aire de vidange pour fourgons et camping-cars (public, eau sur place) — sur une aire de camping.", "links": [{"label": "🌐 Site officiel", "url": "https://visitremich.lu/lb/loger-et-manger/campcar/"}, {"label": "🗺️ Voir sur OpenStreetMap", "url": "https://www.openstreetmap.org/way/1212677326"}, {"label": "🔎 Infos", "url": "https://www.google.com/search?q=Campcar-Parkplaz%20Remich%20Luxembourg"}], "photos": [], "details": {"type": "Aire de camping", "acces": "Public", "eau": "Oui"}}}, {"type": "Feature", "geometry": {"type": "Point", "coordinates": [6.216033, 49.931513]}, "properties": {"id": "lu-vid-0020", "name": "Camperpark Um Deich - Vianden", "theme": "vidange", "description": "Aire de vidange pour fourgons et camping-cars (public, eau sur place) — sur une aire de camping.", "links": [{"label": "🌐 Site officiel", "url": "https://www.visitluxembourg.com/camping/camperpark-vianden"}, {"label": "🗺️ Voir sur OpenStreetMap", "url": "https://www.openstreetmap.org/way/1051306427"}, {"label": "🔎 Infos", "url": "https://www.google.com/search?q=Camperpark%20Um%20Deich%20-%20Vianden%20Luxembourg"}], "photos": [], "details": {"type": "Aire de camping", "acces": "Public", "eau": "Oui"}}}, {"type": "Feature", "geometry": {"type": "Point", "coordinates": [6.212702, 49.782927]}, "properties": {"id": "lu-vid-0021", "name": "Camping Birkelt", "theme": "vidange", "description": "Aire de vidange pour fourgons et camping-cars (public, eau sur place) — sur une aire de camping.", "links": [{"label": "🌐 Site officiel", "url": "http://www.camping-birkelt.lu/"}, {"label": "🗺️ Voir sur OpenStreetMap", "url": "https://www.openstreetmap.org/way/26036823"}, {"label": "🔎 Infos", "url": "https://www.google.com/search?q=Camping%20Birkelt%20Luxembourg"}], "photos": [], "details": {"type": "Aire de camping", "acces": "Public", "eau": "Oui"}}}, {"type": "Feature", "geometry": {"type": "Point", "coordinates": [6.158991, 49.569744]}, "properties": {"id": "lu-vid-0022", "name": "Camping Bon Accueil Alzingen", "theme": "vidange", "description": "Aire de vidange pour fourgons et camping-cars (public) — sur une aire de camping.", "links": [{"label": "🌐 Site officiel", "url": "http://www.camping-alzingen.lu/en"}, {"label": "🗺️ Voir sur OpenStreetMap", "url": "https://www.openstreetmap.org/way/42343638"}, {"label": "🔎 Infos", "url": "https://www.google.com/search?q=Camping%20Bon%20Accueil%20Alzingen%20Luxembourg"}], "photos": [], "details": {"type": "Aire de camping", "acces": "Public"}}}, {"type": "Feature", "geometry": {"type": "Point", "coordinates": [6.081067, 49.846199]}, "properties": {"id": "lu-vid-0023", "name": "Camping Ettelbruck", "theme": "vidange", "description": "Aire de vidange pour fourgons et camping-cars (public, eau sur place) — sur une aire de camping.", "links": [{"label": "🌐 Site officiel", "url": "https://www.campingettelbruck.lu/"}, {"label": "🗺️ Voir sur OpenStreetMap", "url": "https://www.openstreetmap.org/way/26531602"}, {"label": "🔎 Infos", "url": "https://www.google.com/search?q=Camping%20Ettelbruck%20Luxembourg"}], "photos": [], "details": {"type": "Aire de camping", "acces": "Public", "eau": "Oui"}}}, {"type": "Feature", "geometry": {"type": "Point", "coordinates": [5.990407, 49.877621]}, "properties": {"id": "lu-vid-0024", "name": "Camping Fuussekaul", "theme": "vidange", "description": "Aire de vidange pour fourgons et camping-cars (public, eau sur place) — sur une aire de camping.", "links": [{"label": "🌐 Site officiel", "url": "https://www.fuussekaul.lu/"}, {"label": "🗺️ Voir sur OpenStreetMap", "url": "https://www.openstreetmap.org/relation/20035745"}, {"label": "🔎 Infos", "url": "https://www.google.com/search?q=Camping%20Fuussekaul%20Luxembourg"}], "photos": [], "details": {"type": "Aire de camping", "acces": "Public", "eau": "Oui"}}}, {"type": "Feature", "geometry": {"type": "Point", "coordinates": [6.223756, 49.838356]}, "properties": {"id": "lu-vid-0025", "name": "Camping Neumuhle", "theme": "vidange", "description": "Aire de vidange pour fourgons et camping-cars (public, eau sur place) — sur une aire de camping.", "links": [{"label": "🌐 Site officiel", "url": "https://www.camping-neumuhle.lu/"}, {"label": "🗺️ Voir sur OpenStreetMap", "url": "https://www.openstreetmap.org/way/26749751"}, {"label": "🔎 Infos", "url": "https://www.google.com/search?q=Camping%20Neumuhle%20Luxembourg"}], "photos": [], "details": {"type": "Aire de camping", "acces": "Public", "eau": "Oui"}}}, {"type": "Feature", "geometry": {"type": "Point", "coordinates": [6.504716, 49.807886]}, "properties": {"id": "lu-vid-0026", "name": "Camping Rosport", "theme": "vidange", "description": "Aire de vidange pour fourgons et camping-cars (public) — sur une aire de camping.", "links": [{"label": "🌐 Site officiel", "url": "https://www.camping-rosport.lu/"}, {"label": "🗺️ Voir sur OpenStreetMap", "url": "https://www.openstreetmap.org/way/132108379"}, {"label": "🔎 Infos", "url": "https://www.google.com/search?q=Camping%20Rosport%20Luxembourg"}], "photos": [], "details": {"type": "Aire de camping", "acces": "Public"}}}, {"type": "Feature", "geometry": {"type": "Point", "coordinates": [6.00072, 50.118241]}, "properties": {"id": "lu-vid-0027", "name": "Camping Troisvierges", "theme": "vidange", "description": "Aire de vidange pour fourgons et camping-cars (public, eau sur place) — sur une aire de camping.", "links": [{"label": "🌐 Site officiel", "url": "https://www.camping-troisvierges.lu"}, {"label": "🗺️ Voir sur OpenStreetMap", "url": "https://www.openstreetmap.org/way/185069323"}, {"label": "🔎 Infos", "url": "https://www.google.com/search?q=Camping%20Troisvierges%20Luxembourg"}], "photos": [], "details": {"type": "Aire de camping", "acces": "Public", "eau": "Oui"}}}, {"type": "Feature", "geometry": {"type": "Point", "coordinates": [6.027138, 50.090595]}, "properties": {"id": "lu-vid-0028", "name": "Camping Woltzdal", "theme": "vidange", "description": "Aire de vidange pour fourgons et camping-cars (public, eau sur place) — sur une aire de camping.", "links": [{"label": "🌐 Site officiel", "url": "https://www.campingwoltzdal.com/"}, {"label": "🗺️ Voir sur OpenStreetMap", "url": "https://www.openstreetmap.org/way/100828401"}, {"label": "🔎 Infos", "url": "https://www.google.com/search?q=Camping%20Woltzdal%20Luxembourg"}], "photos": [], "details": {"type": "Aire de camping", "acces": "Public", "eau": "Oui"}}}, {"type": "Feature", "geometry": {"type": "Point", "coordinates": [6.165736, 49.866768]}, "properties": {"id": "lu-vid-0029", "name": "Camping de la Sûre", "theme": "vidange", "description": "Aire de vidange pour fourgons et camping-cars (réservé aux clients) — sur une aire de camping.", "links": [{"label": "🌐 Site officiel", "url": "https://camping.diekirch.lu/"}, {"label": "🗺️ Voir sur OpenStreetMap", "url": "https://www.openstreetmap.org/way/143182874"}, {"label": "🔎 Infos", "url": "https://www.google.com/search?q=Camping%20de%20la%20S%C3%BBre%20Luxembourg"}], "photos": [], "details": {"type": "Aire de camping", "acces": "Réservé aux clients"}}}, {"type": "Feature", "geometry": {"type": "Point", "coordinates": [6.221658, 49.927173]}, "properties": {"id": "lu-vid-0030", "name": "Camping du Moulin", "theme": "vidange", "description": "Aire de vidange pour fourgons et camping-cars (public) — sur une aire de camping.", "links": [{"label": "🗺️ Voir sur OpenStreetMap", "url": "https://www.openstreetmap.org/way/67879506"}, {"label": "🔎 Infos", "url": "https://www.google.com/search?q=Camping%20du%20Moulin%20Luxembourg"}], "photos": [], "details": {"type": "Aire de camping", "acces": "Public"}}}, {"type": "Feature", "geometry": {"type": "Point", "coordinates": [6.333025, 49.840472]}, "properties": {"id": "lu-vid-0031", "name": "Camping-Altschmiede", "theme": "vidange", "description": "Aire de vidange pour fourgons et camping-cars (public) — sur une aire de camping.", "links": [{"label": "🌐 Site officiel", "url": "https://www.camping-altschmiede.de/"}, {"label": "🗺️ Voir sur OpenStreetMap", "url": "https://www.openstreetmap.org/way/138563466"}, {"label": "🔎 Infos", "url": "https://www.google.com/search?q=Camping-Altschmiede%20Luxembourg"}], "photos": [], "details": {"type": "Aire de camping", "acces": "Public", "horaires": "Apr-Oct", "gestionnaire": "Camping-Altschmiede GmbH"}}}, {"type": "Feature", "geometry": {"type": "Point", "coordinates": [5.994683, 49.879364]}, "properties": {"id": "lu-vid-0032", "name": "De Reenert", "theme": "vidange", "description": "Aire de vidange pour fourgons et camping-cars (public) — sur une aire de camping.", "links": [{"label": "🌐 Site officiel", "url": "https://www.reenert.lu/"}, {"label": "🗺️ Voir sur OpenStreetMap", "url": "https://www.openstreetmap.org/way/696206527"}, {"label": "🔎 Infos", "url": "https://www.google.com/search?q=De%20Reenert%20Luxembourg"}], "photos": [], "details": {"type": "Aire de camping", "acces": "Public", "gestionnaire": "Henri Brack"}}}, {"type": "Feature", "geometry": {"type": "Point", "coordinates": [6.107289, 49.571836]}, "properties": {"id": "lu-vid-0033", "name": "Kockelscheuer", "theme": "vidange", "description": "Aire de vidange pour fourgons et camping-cars (public, eau sur place) — sur une aire de camping.", "links": [{"label": "🌐 Site officiel", "url": "https://en.ccclv.lu/"}, {"label": "🗺️ Voir sur OpenStreetMap", "url": "https://www.openstreetmap.org/way/27754967"}, {"label": "🔎 Infos", "url": "https://www.google.com/search?q=Kockelscheuer%20Luxembourg"}], "photos": [], "details": {"type": "Aire de camping", "acces": "Public", "eau": "Oui"}}}, {"type": "Feature", "geometry": {"type": "Point", "coordinates": [6.33077, 49.779866]}, "properties": {"id": "lu-vid-0034", "name": "La Pinede", "theme": "vidange", "description": "Aire de vidange pour fourgons et camping-cars (public) — sur une aire de camping.", "links": [{"label": "🌐 Site officiel", "url": "https://www.visitconsdorf.lu/fr/loger-manger/campings"}, {"label": "🗺️ Voir sur OpenStreetMap", "url": "https://www.openstreetmap.org/way/397375584"}, {"label": "🔎 Infos", "url": "https://www.google.com/search?q=La%20Pinede%20Luxembourg"}], "photos": [], "details": {"type": "Aire de camping", "acces": "Public", "gestionnaire": "Municipal Consdorf"}}}, {"type": "Feature", "geometry": {"type": "Point", "coordinates": [6.475138, 49.821525]}, "properties": {"id": "lu-vid-0035", "name": "Minden Beach Camping", "theme": "vidange", "description": "Aire de vidange pour fourgons et camping-cars (public, eau sur place) — sur une aire de camping.", "links": [{"label": "🗺️ Voir sur OpenStreetMap", "url": "https://www.openstreetmap.org/way/189029768"}, {"label": "🔎 Infos", "url": "https://www.google.com/search?q=Minden%20Beach%20Camping%20Luxembourg"}], "photos": [], "details": {"type": "Aire de camping", "acces": "Public", "eau": "Oui"}}}, {"type": "Feature", "geometry": {"type": "Point", "coordinates": [6.365075, 49.509096]}, "properties": {"id": "lu-vid-0036", "name": "Sportboothafen Schwebsange Wohnmobilstellplatz", "theme": "vidange", "description": "Aire de vidange pour fourgons et camping-cars (public, eau sur place) — sur une aire de camping.", "links": [{"label": "🌐 Site officiel", "url": "https://www.schengen.lu/port-de-schwebsingen/"}, {"label": "🗺️ Voir sur OpenStreetMap", "url": "https://www.openstreetmap.org/way/1188511013"}, {"label": "🔎 Infos", "url": "https://www.google.com/search?q=Sportboothafen%20Schwebsange%20Wohnmobilstellplatz%20Luxembourg"}], "photos": [], "details": {"type": "Aire de camping", "acces": "Public", "eau": "Oui"}}}, {"type": "Feature", "geometry": {"type": "Point", "coordinates": [5.995553, 49.4605]}, "properties": {"id": "lu-aire-0001", "name": "Aire de repos", "theme": "aire-repos", "description": "Aire de repos en bord de route — eau potable, banc.", "links": [{"label": "🗺️ Source OpenStreetMap (ODbL)", "url": "https://www.openstreetmap.org/node/11168294705"}, {"label": "🔎 Infos", "url": "https://www.google.com/search?q=Aire%20de%20repos%20Luxembourg"}], "photos": [], "details": {"cadre": "Bord de route", "equipements": "Eau potable, Banc", "note": "Équipements relevés à proximité immédiate ; la liste peut être incomplète."}}}, {"type": "Feature", "geometry": {"type": "Point", "coordinates": [6.349887, 49.468061]}, "properties": {"id": "lu-aire-0002", "name": "Aire de repos", "theme": "aire-repos", "description": "Aire de repos en bord de route — table.", "links": [{"label": "🗺️ Source OpenStreetMap (ODbL)", "url": "https://www.openstreetmap.org/way/1007450970"}, {"label": "🔎 Infos", "url": "https://www.google.com/search?q=Aire%20de%20repos%20Luxembourg"}], "photos": [], "details": {"cadre": "Bord de route", "equipements": "Table", "note": "Équipements relevés à proximité immédiate ; la liste peut être incomplète."}}}, {"type": "Feature", "geometry": {"type": "Point", "coordinates": [5.995475, 49.471595]}, "properties": {"id": "lu-aire-0003", "name": "Aire de pique-nique", "theme": "aire-repos", "description": "Aire de pique-nique en pleine nature — table, poubelle.", "links": [{"label": "🗺️ Source OpenStreetMap (ODbL)", "url": "https://www.openstreetmap.org/node/1803217831"}, {"label": "🔎 Infos", "url": "https://www.google.com/search?q=Aire%20de%20pique-nique%20Luxembourg"}], "photos": [], "details": {"cadre": "Nature", "equipements": "Table, Poubelle", "note": "Équipements relevés à proximité immédiate ; la liste peut être incomplète."}}}, {"type": "Feature", "geometry": {"type": "Point", "coordinates": [5.992326, 49.47634]}, "properties": {"id": "lu-aire-0004", "name": "Aire de pique-nique", "theme": "aire-repos", "description": "Aire de pique-nique en pleine nature — poubelle, banc.", "links": [{"label": "🗺️ Source OpenStreetMap (ODbL)", "url": "https://www.openstreetmap.org/node/2657959211"}, {"label": "🔎 Infos", "url": "https://www.google.com/search?q=Aire%20de%20pique-nique%20Luxembourg"}], "photos": [], "details": {"cadre": "Nature", "equipements": "Poubelle, Banc", "note": "Équipements relevés à proximité immédiate ; la liste peut être incomplète."}}}, {"type": "Feature", "geometry": {"type": "Point", "coordinates": [6.121154, 49.477466]}, "properties": {"id": "lu-aire-0005", "name": "Poste frontière de Zoufftgen", "theme": "aire-repos", "description": "Aire de repos en bord de route.", "links": [{"label": "🗺️ Source OpenStreetMap (ODbL)", "url": "https://www.openstreetmap.org/way/790743245"}, {"label": "🔎 Infos", "url": "https://www.google.com/search?q=Poste%20fronti%C3%A8re%20de%20Zoufftgen%20Luxembourg"}], "photos": [], "details": {"cadre": "Bord de route", "note": "Équipements non renseignés pour cette aire."}}}, {"type": "Feature", "geometry": {"type": "Point", "coordinates": [6.324268, 49.480019]}, "properties": {"id": "lu-aire-0006", "name": "Aire de pique-nique", "theme": "aire-repos", "description": "Aire de pique-nique en pleine nature — poubelle.", "links": [{"label": "🗺️ Source OpenStreetMap (ODbL)", "url": "https://www.openstreetmap.org/node/2894263409"}, {"label": "🔎 Infos", "url": "https://www.google.com/search?q=Aire%20de%20pique-nique%20Luxembourg"}], "photos": [], "details": {"cadre": "Nature", "equipements": "Poubelle", "note": "Équipements relevés à proximité immédiate ; la liste peut être incomplète."}}}, {"type": "Feature", "geometry": {"type": "Point", "coordinates": [5.985521, 49.482453]}, "properties": {"id": "lu-aire-0007", "name": "Aire de pique-nique", "theme": "aire-repos", "description": "Aire de pique-nique en pleine nature — table, poubelle, jeux enfants, banc, barbecue.", "links": [{"label": "🗺️ Source OpenStreetMap (ODbL)", "url": "https://www.openstreetmap.org/node/2165560393"}, {"label": "🔎 Infos", "url": "https://www.google.com/search?q=Aire%20de%20pique-nique%20Luxembourg"}], "photos": [], "details": {"cadre": "Nature", "equipements": "Table, Poubelle, Jeux enfants, Banc, Barbecue", "note": "Équipements relevés à proximité immédiate ; la liste peut être incomplète."}}}, {"type": "Feature", "geometry": {"type": "Point", "coordinates": [5.985706, 49.483408]}, "properties": {"id": "lu-aire-0008", "name": "Aire de pique-nique", "theme": "aire-repos", "description": "Aire de pique-nique en pleine nature — table, poubelle, jeux enfants, banc.", "links": [{"label": "🗺️ Source OpenStreetMap (ODbL)", "url": "https://www.openstreetmap.org/node/1803217869"}, {"label": "🔎 Infos", "url": "https://www.google.com/search?q=Aire%20de%20pique-nique%20Luxembourg"}], "photos": [], "details": {"cadre": "Nature", "equipements": "Table, Poubelle, Jeux enfants, Banc", "note": "Équipements relevés à proximité immédiate ; la liste peut être incomplète."}}}, {"type": "Feature", "geometry": {"type": "Point", "coordinates": [6.360024, 49.492305]}, "properties": {"id": "lu-aire-0009", "name": "Aire de pique-nique", "theme": "aire-repos", "description": "Aire de pique-nique en pleine nature — toilettes.", "links": [{"label": "🗺️ Source OpenStreetMap (ODbL)", "url": "https://www.openstreetmap.org/node/1726594792"}, {"label": "🔎 Infos", "url": "https://www.google.com/search?q=Aire%20de%20pique-nique%20Luxembourg"}], "photos": [], "details": {"cadre": "Nature", "equipements": "Toilettes", "note": "Équipements relevés à proximité immédiate ; la liste peut être incomplète."}}}, {"type": "Feature", "geometry": {"type": "Point", "coordinates": [5.911824, 49.505702]}, "properties": {"id": "lu-aire-0010", "name": "Aire de pique-nique", "theme": "aire-repos", "description": "Aire de pique-nique en pleine nature — poubelle, banc.", "links": [{"label": "🗺️ Source OpenStreetMap (ODbL)", "url": "https://www.openstreetmap.org/node/3683914556"}, {"label": "🔎 Infos", "url": "https://www.google.com/search?q=Aire%20de%20pique-nique%20Luxembourg"}], "photos": [], "details": {"cadre": "Nature", "equipements": "Poubelle, Banc", "note": "Équipements relevés à proximité immédiate ; la liste peut être incomplète."}}}, {"type": "Feature", "geometry": {"type": "Point", "coordinates": [6.096099, 49.508045]}, "properties": {"id": "lu-aire-0011", "name": "Centre routier sécurisé", "theme": "aire-repos", "description": "Aire de repos en bord de route.", "links": [{"label": "🗺️ Source OpenStreetMap (ODbL)", "url": "https://www.openstreetmap.org/way/640483349"}, {"label": "🔎 Infos", "url": "https://www.google.com/search?q=Centre%20routier%20s%C3%A9curis%C3%A9%20Luxembourg"}], "photos": [], "details": {"cadre": "Bord de route", "note": "Équipements non renseignés pour cette aire."}}}, {"type": "Feature", "geometry": {"type": "Point", "coordinates": [5.914103, 49.508104]}, "properties": {"id": "lu-aire-0012", "name": "Aire de pique-nique", "theme": "aire-repos", "description": "Aire de pique-nique en pleine nature — poubelle, jeux enfants, banc.", "links": [{"label": "🗺️ Source OpenStreetMap (ODbL)", "url": "https://www.openstreetmap.org/way/639742191"}, {"label": "🔎 Infos", "url": "https://www.google.com/search?q=Aire%20de%20pique-nique%20Luxembourg"}], "photos": [], "details": {"cadre": "Nature", "equipements": "Poubelle, Jeux enfants, Banc", "note": "Équipements relevés à proximité immédiate ; la liste peut être incomplète."}}}, {"type": "Feature", "geometry": {"type": "Point", "coordinates": [5.873524, 49.509499]}, "properties": {"id": "lu-aire-0013", "name": "Aire de pique-nique", "theme": "aire-repos", "description": "Aire de pique-nique en pleine nature — poubelle, jeux enfants, banc.", "links": [{"label": "🗺️ Source OpenStreetMap (ODbL)", "url": "https://www.openstreetmap.org/node/3062726607"}, {"label": "🔎 Infos", "url": "https://www.google.com/search?q=Aire%20de%20pique-nique%20Luxembourg"}], "photos": [], "details": {"cadre": "Nature", "equipements": "Poubelle, Jeux enfants, Banc", "note": "Équipements relevés à proximité immédiate ; la liste peut être incomplète."}}}, {"type": "Feature", "geometry": {"type": "Point", "coordinates": [5.873653, 49.510146]}, "properties": {"id": "lu-aire-0014", "name": "Aire de pique-nique", "theme": "aire-repos", "description": "Aire de pique-nique en pleine nature — poubelle, jeux enfants, banc.", "links": [{"label": "🗺️ Source OpenStreetMap (ODbL)", "url": "https://www.openstreetmap.org/node/1856025980"}, {"label": "🔎 Infos", "url": "https://www.google.com/search?q=Aire%20de%20pique-nique%20Luxembourg"}], "photos": [], "details": {"cadre": "Nature", "equipements": "Poubelle, Jeux enfants, Banc", "note": "Équipements relevés à proximité immédiate ; la liste peut être incomplète."}}}, {"type": "Feature", "geometry": {"type": "Point", "coordinates": [6.118772, 49.513924]}, "properties": {"id": "lu-aire-0015", "name": "Aire de pique-nique", "theme": "aire-repos", "description": "Aire de pique-nique en pleine nature — toilettes, jeux enfants, banc.", "links": [{"label": "🗺️ Source OpenStreetMap (ODbL)", "url": "https://www.openstreetmap.org/way/346178405"}, {"label": "🔎 Infos", "url": "https://www.google.com/search?q=Aire%20de%20pique-nique%20Luxembourg"}], "photos": [], "details": {"cadre": "Nature", "equipements": "Toilettes, Jeux enfants, Banc", "note": "Équipements relevés à proximité immédiate ; la liste peut être incomplète."}}}, {"type": "Feature", "geometry": {"type": "Point", "coordinates": [6.118762, 49.513942]}, "properties": {"id": "lu-aire-0016", "name": "Aire de pique-nique", "theme": "aire-repos", "description": "Aire de pique-nique en pleine nature — toilettes, jeux enfants, banc.", "links": [{"label": "🗺️ Source OpenStreetMap (ODbL)", "url": "https://www.openstreetmap.org/node/1810128784"}, {"label": "🔎 Infos", "url": "https://www.google.com/search?q=Aire%20de%20pique-nique%20Luxembourg"}], "photos": [], "details": {"cadre": "Nature", "equipements": "Toilettes, Jeux enfants, Banc", "note": "Équipements relevés à proximité immédiate ; la liste peut être incomplète."}}}, {"type": "Feature", "geometry": {"type": "Point", "coordinates": [5.870289, 49.514311]}, "properties": {"id": "lu-aire-0017", "name": "Aire de pique-nique", "theme": "aire-repos", "description": "Aire de pique-nique en pleine nature — table, poubelle, jeux enfants, banc.", "links": [{"label": "🗺️ Source OpenStreetMap (ODbL)", "url": "https://www.openstreetmap.org/node/3710302595"}, {"label": "🔎 Infos", "url": "https://www.google.com/search?q=Aire%20de%20pique-nique%20Luxembourg"}], "photos": [], "details": {"cadre": "Nature", "equipements": "Table, Poubelle, Jeux enfants, Banc", "note": "Équipements relevés à proximité immédiate ; la liste peut être incomplète."}}}, {"type": "Feature", "geometry": {"type": "Point", "coordinates": [5.871173, 49.514377]}, "properties": {"id": "lu-aire-0018", "name": "Aire de pique-nique", "theme": "aire-repos", "description": "Aire de pique-nique en pleine nature — table, poubelle, banc.", "links": [{"label": "🗺️ Source OpenStreetMap (ODbL)", "url": "https://www.openstreetmap.org/node/2971289157"}, {"label": "🔎 Infos", "url": "https://www.google.com/search?q=Aire%20de%20pique-nique%20Luxembourg"}], "photos": [], "details": {"cadre": "Nature", "equipements": "Table, Poubelle, Banc", "note": "Équipements relevés à proximité immédiate ; la liste peut être incomplète."}}}, {"type": "Feature", "geometry": {"type": "Point", "coordinates": [5.911048, 49.516241]}, "properties": {"id": "lu-aire-0019", "name": "Aire de pique-nique", "theme": "aire-repos", "description": "Aire de pique-nique en pleine nature — jeux enfants, banc.", "links": [{"label": "🗺️ Source OpenStreetMap (ODbL)", "url": "https://www.openstreetmap.org/node/3037217281"}, {"label": "🔎 Infos", "url": "https://www.google.com/search?q=Aire%20de%20pique-nique%20Luxembourg"}], "photos": [], "details": {"cadre": "Nature", "equipements": "Jeux enfants, Banc", "note": "Équipements relevés à proximité immédiate ; la liste peut être incomplète."}}}, {"type": "Feature", "geometry": {"type": "Point", "coordinates": [5.874639, 49.516809]}, "properties": {"id": "lu-aire-0020", "name": "Aire de pique-nique", "theme": "aire-repos", "description": "Aire de pique-nique en pleine nature — poubelle, banc.", "links": [{"label": "🗺️ Source OpenStreetMap (ODbL)", "url": "https://www.openstreetmap.org/node/3059414816"}, {"label": "🔎 Infos", "url": "https://www.google.com/search?q=Aire%20de%20pique-nique%20Luxembourg"}], "photos": [], "details": {"cadre": "Nature", "equipements": "Poubelle, Banc", "note": "Équipements relevés à proximité immédiate ; la liste peut être incomplète."}}}, {"type": "Feature", "geometry": {"type": "Point", "coordinates": [5.869034, 49.517368]}, "properties": {"id": "lu-aire-0021", "name": "Aire de pique-nique", "theme": "aire-repos", "description": "Aire de pique-nique en pleine nature — poubelle, banc.", "links": [{"label": "🗺️ Source OpenStreetMap (ODbL)", "url": "https://www.openstreetmap.org/node/2971289159"}, {"label": "🔎 Infos", "url": "https://www.google.com/search?q=Aire%20de%20pique-nique%20Luxembourg"}], "photos": [], "details": {"cadre": "Nature", "equipements": "Poubelle, Banc", "note": "Équipements relevés à proximité immédiate ; la liste peut être incomplète."}}}, {"type": "Feature", "geometry": {"type": "Point", "coordinates": [5.874065, 49.517557]}, "properties": {"id": "lu-aire-0022", "name": "Aire de pique-nique", "theme": "aire-repos", "description": "Aire de pique-nique en pleine nature — banc.", "links": [{"label": "🗺️ Source OpenStreetMap (ODbL)", "url": "https://www.openstreetmap.org/node/3059414813"}, {"label": "🔎 Infos", "url": "https://www.google.com/search?q=Aire%20de%20pique-nique%20Luxembourg"}], "photos": [], "details": {"cadre": "Nature", "equipements": "Banc", "note": "Équipements relevés à proximité immédiate ; la liste peut être incomplète."}}}, {"type": "Feature", "geometry": {"type": "Point", "coordinates": [6.28541, 49.519637]}, "properties": {"id": "lu-aire-0023", "name": "Aire de pique-nique", "theme": "aire-repos", "description": "Aire de pique-nique en pleine nature — table.", "links": [{"label": "🗺️ Source OpenStreetMap (ODbL)", "url": "https://www.openstreetmap.org/way/1294775200"}, {"label": "🔎 Infos", "url": "https://www.google.com/search?q=Aire%20de%20pique-nique%20Luxembourg"}], "photos": [], "details": {"cadre": "Nature", "equipements": "Table", "note": "Équipements relevés à proximité immédiate ; la liste peut être incomplète."}}}, {"type": "Feature", "geometry": {"type": "Point", "coordinates": [5.879902, 49.520764]}, "properties": {"id": "lu-aire-0024", "name": "Aire de pique-nique", "theme": "aire-repos", "description": "Aire de pique-nique en pleine nature — banc.", "links": [{"label": "🗺️ Source OpenStreetMap (ODbL)", "url": "https://www.openstreetmap.org/node/2971287631"}, {"label": "🔎 Infos", "url": "https://www.google.com/search?q=Aire%20de%20pique-nique%20Luxembourg"}], "photos": [], "details": {"cadre": "Nature", "equipements": "Banc", "note": "Équipements relevés à proximité immédiate ; la liste peut être incomplète."}}}, {"type": "Feature", "geometry": {"type": "Point", "coordinates": [5.87977, 49.521215]}, "properties": {"id": "lu-aire-0025", "name": "Aire de pique-nique", "theme": "aire-repos", "description": "Aire de pique-nique en pleine nature — banc.", "links": [{"label": "🗺️ Source OpenStreetMap (ODbL)", "url": "https://www.openstreetmap.org/node/2971287625"}, {"label": "🔎 Infos", "url": "https://www.google.com/search?q=Aire%20de%20pique-nique%20Luxembourg"}], "photos": [], "details": {"cadre": "Nature", "equipements": "Banc", "note": "Équipements relevés à proximité immédiate ; la liste peut être incomplète."}}}, {"type": "Feature", "geometry": {"type": "Point", "coordinates": [6.325179, 49.524116]}, "properties": {"id": "lu-aire-0026", "name": "Aire de repos", "theme": "aire-repos", "description": "Aire de repos en bord de route — table.", "links": [{"label": "🗺️ Source OpenStreetMap (ODbL)", "url": "https://www.openstreetmap.org/node/1917141772"}, {"label": "🔎 Infos", "url": "https://www.google.com/search?q=Aire%20de%20repos%20Luxembourg"}], "photos": [], "details": {"cadre": "Bord de route", "equipements": "Table", "note": "Équipements relevés à proximité immédiate ; la liste peut être incomplète."}}}, {"type": "Feature", "geometry": {"type": "Point", "coordinates": [6.356376, 49.527983]}, "properties": {"id": "lu-aire-0027", "name": "Aire de pique-nique", "theme": "aire-repos", "description": "Aire de pique-nique en pleine nature — poubelle.", "links": [{"label": "🗺️ Source OpenStreetMap (ODbL)", "url": "https://www.openstreetmap.org/node/10033202857"}, {"label": "🔎 Infos", "url": "https://www.google.com/search?q=Aire%20de%20pique-nique%20Luxembourg"}], "photos": [], "details": {"cadre": "Nature", "equipements": "Poubelle", "note": "Équipements relevés à proximité immédiate ; la liste peut être incomplète."}}}, {"type": "Feature", "geometry": {"type": "Point", "coordinates": [5.874718, 49.530562]}, "properties": {"id": "lu-aire-0028", "name": "Aire de pique-nique", "theme": "aire-repos", "description": "Aire de pique-nique en pleine nature — poubelle, jeux enfants, banc.", "links": [{"label": "🗺️ Source OpenStreetMap (ODbL)", "url": "https://www.openstreetmap.org/node/493322694"}, {"label": "🔎 Infos", "url": "https://www.google.com/search?q=Aire%20de%20pique-nique%20Luxembourg"}], "photos": [], "details": {"cadre": "Nature", "equipements": "Poubelle, Jeux enfants, Banc", "note": "Équipements relevés à proximité immédiate ; la liste peut être incomplète."}}}, {"type": "Feature", "geometry": {"type": "Point", "coordinates": [5.874541, 49.530566]}, "properties": {"id": "lu-aire-0029", "name": "Aire de pique-nique", "theme": "aire-repos", "description": "Aire de pique-nique en pleine nature — poubelle, jeux enfants, banc.", "links": [{"label": "🗺️ Source OpenStreetMap (ODbL)", "url": "https://www.openstreetmap.org/node/2971287587"}, {"label": "🔎 Infos", "url": "https://www.google.com/search?q=Aire%20de%20pique-nique%20Luxembourg"}], "photos": [], "details": {"cadre": "Nature", "equipements": "Poubelle, Jeux enfants, Banc", "note": "Équipements relevés à proximité immédiate ; la liste peut être incomplète."}}}, {"type": "Feature", "geometry": {"type": "Point", "coordinates": [6.343727, 49.534718]}, "properties": {"id": "lu-aire-0030", "name": "Aire de pique-nique", "theme": "aire-repos", "description": "Aire de pique-nique en pleine nature — banc.", "links": [{"label": "🗺️ Source OpenStreetMap (ODbL)", "url": "https://www.openstreetmap.org/way/254169673"}, {"label": "🔎 Infos", "url": "https://www.google.com/search?q=Aire%20de%20pique-nique%20Luxembourg"}], "photos": [], "details": {"cadre": "Nature", "equipements": "Banc", "note": "Équipements relevés à proximité immédiate ; la liste peut être incomplète."}}}, {"type": "Feature", "geometry": {"type": "Point", "coordinates": [6.338912, 49.5384]}, "properties": {"id": "lu-aire-0031", "name": "Aire de pique-nique", "theme": "aire-repos", "description": "Aire de pique-nique en pleine nature — poubelle, banc.", "links": [{"label": "🗺️ Source OpenStreetMap (ODbL)", "url": "https://www.openstreetmap.org/node/747330393"}, {"label": "🔎 Infos", "url": "https://www.google.com/search?q=Aire%20de%20pique-nique%20Luxembourg"}], "photos": [], "details": {"cadre": "Nature", "equipements": "Poubelle, Banc", "note": "Équipements relevés à proximité immédiate ; la liste peut être incomplète."}}}, {"type": "Feature", "geometry": {"type": "Point", "coordinates": [6.3277, 49.53873]}, "properties": {"id": "lu-aire-0032", "name": "Aire de pique-nique", "theme": "aire-repos", "description": "Aire de pique-nique en pleine nature — poubelle.", "links": [{"label": "🗺️ Source OpenStreetMap (ODbL)", "url": "https://www.openstreetmap.org/node/4834576761"}, {"label": "🔎 Infos", "url": "https://www.google.com/search?q=Aire%20de%20pique-nique%20Luxembourg"}], "photos": [], "details": {"cadre": "Nature", "equipements": "Poubelle", "note": "Équipements relevés à proximité immédiate ; la liste peut être incomplète."}}}, {"type": "Feature", "geometry": {"type": "Point", "coordinates": [5.874957, 49.539878]}, "properties": {"id": "lu-aire-0033", "name": "Aire de pique-nique", "theme": "aire-repos", "description": "Aire de pique-nique en pleine nature — table, banc.", "links": [{"label": "🗺️ Source OpenStreetMap (ODbL)", "url": "https://www.openstreetmap.org/node/1257995840"}, {"label": "🔎 Infos", "url": "https://www.google.com/search?q=Aire%20de%20pique-nique%20Luxembourg"}], "photos": [], "details": {"cadre": "Nature", "equipements": "Table, Banc", "note": "Équipements relevés à proximité immédiate ; la liste peut être incomplète."}}}, {"type": "Feature", "geometry": {"type": "Point", "coordinates": [5.876477, 49.541663]}, "properties": {"id": "lu-aire-0034", "name": "Aire de pique-nique", "theme": "aire-repos", "description": "Aire de pique-nique en pleine nature — banc.", "links": [{"label": "🗺️ Source OpenStreetMap (ODbL)", "url": "https://www.openstreetmap.org/node/3006338622"}, {"label": "🔎 Infos", "url": "https://www.google.com/search?q=Aire%20de%20pique-nique%20Luxembourg"}], "photos": [], "details": {"cadre": "Nature", "equipements": "Banc", "note": "Équipements relevés à proximité immédiate ; la liste peut être incomplète."}}}, {"type": "Feature", "geometry": {"type": "Point", "coordinates": [6.117235, 49.54206]}, "properties": {"id": "lu-aire-0035", "name": "Aire de Berchem-Ouest", "theme": "aire-repos", "description": "Aire de repos en bord de route — toilettes, table.", "links": [{"label": "🗺️ Source OpenStreetMap (ODbL)", "url": "https://www.openstreetmap.org/way/200245824"}, {"label": "🔎 Infos", "url": "https://www.google.com/search?q=Aire%20de%20Berchem-Ouest%20Luxembourg"}], "photos": [], "details": {"cadre": "Bord de route", "equipements": "Toilettes, Table", "note": "Équipements relevés à proximité immédiate ; la liste peut être incomplète."}}}, {"type": "Feature", "geometry": {"type": "Point", "coordinates": [6.364526, 49.542191]}, "properties": {"id": "lu-aire-0036", "name": "Aire de pique-nique", "theme": "aire-repos", "description": "Aire de pique-nique en pleine nature — toilettes, poubelle, jeux enfants, banc.", "links": [{"label": "🗺️ Source OpenStreetMap (ODbL)", "url": "https://www.openstreetmap.org/node/5237627842"}, {"label": "🔎 Infos", "url": "https://www.google.com/search?q=Aire%20de%20pique-nique%20Luxembourg"}], "photos": [], "details": {"cadre": "Nature", "equipements": "Toilettes, Poubelle, Jeux enfants, Banc", "note": "Équipements relevés à proximité immédiate ; la liste peut être incomplète."}}}, {"type": "Feature", "geometry": {"type": "Point", "coordinates": [6.119026, 49.542235]}, "properties": {"id": "lu-aire-0037", "name": "Aire de Berchem-Est", "theme": "aire-repos", "description": "Aire de repos en bord de route — toilettes, table.", "links": [{"label": "🗺️ Source OpenStreetMap (ODbL)", "url": "https://www.openstreetmap.org/way/200245823"}, {"label": "🔎 Infos", "url": "https://www.google.com/search?q=Aire%20de%20Berchem-Est%20Luxembourg"}], "photos": [], "details": {"cadre": "Bord de route", "equipements": "Toilettes, Table", "note": "Équipements relevés à proximité immédiate ; la liste peut être incomplète."}}}, {"type": "Feature", "geometry": {"type": "Point", "coordinates": [5.852761, 49.543121]}, "properties": {"id": "lu-aire-0038", "name": "Aire de pique-nique", "theme": "aire-repos", "description": "Aire de pique-nique en pleine nature — banc.", "links": [{"label": "🗺️ Source OpenStreetMap (ODbL)", "url": "https://www.openstreetmap.org/node/1303602911"}, {"label": "🔎 Infos", "url": "https://www.google.com/search?q=Aire%20de%20pique-nique%20Luxembourg"}], "photos": [], "details": {"cadre": "Nature", "equipements": "Banc", "note": "Équipements relevés à proximité immédiate ; la liste peut être incomplète."}}}, {"type": "Feature", "geometry": {"type": "Point", "coordinates": [6.04051, 49.544638]}, "properties": {"id": "lu-aire-0039", "name": "Aire de Pontpierre", "theme": "aire-repos", "description": "Aire de repos en bord de route.", "links": [{"label": "🗺️ Source OpenStreetMap (ODbL)", "url": "https://www.openstreetmap.org/way/537944265"}, {"label": "🔎 Infos", "url": "https://www.google.com/search?q=Aire%20de%20Pontpierre%20Luxembourg"}], "photos": [], "details": {"cadre": "Bord de route", "note": "Équipements non renseignés pour cette aire."}}}, {"type": "Feature", "geometry": {"type": "Point", "coordinates": [6.044744, 49.548541]}, "properties": {"id": "lu-aire-0040", "name": "Aire de Pontpierre", "theme": "aire-repos", "description": "Aire de repos en bord de route — toilettes.", "links": [{"label": "🗺️ Source OpenStreetMap (ODbL)", "url": "https://www.openstreetmap.org/way/538949795"}, {"label": "🔎 Infos", "url": "https://www.google.com/search?q=Aire%20de%20Pontpierre%20Luxembourg"}], "photos": [], "details": {"cadre": "Bord de route", "equipements": "Toilettes", "note": "Équipements relevés à proximité immédiate ; la liste peut être incomplète."}}}, {"type": "Feature", "geometry": {"type": "Point", "coordinates": [6.251842, 49.55722]}, "properties": {"id": "lu-aire-0041", "name": "Aire de pique-nique", "theme": "aire-repos", "description": "Aire de pique-nique en pleine nature — poubelle.", "links": [{"label": "🗺️ Source OpenStreetMap (ODbL)", "url": "https://www.openstreetmap.org/node/5135576022"}, {"label": "🔎 Infos", "url": "https://www.google.com/search?q=Aire%20de%20pique-nique%20Luxembourg"}], "photos": [], "details": {"cadre": "Nature", "equipements": "Poubelle", "note": "Équipements relevés à proximité immédiate ; la liste peut être incomplète."}}}, {"type": "Feature", "geometry": {"type": "Point", "coordinates": [6.367445, 49.557311]}, "properties": {"id": "lu-aire-0042", "name": "Aire de pique-nique", "theme": "aire-repos", "description": "Aire de pique-nique en pleine nature — banc.", "links": [{"label": "🗺️ Source OpenStreetMap (ODbL)", "url": "https://www.openstreetmap.org/node/1352845112"}, {"label": "🔎 Infos", "url": "https://www.google.com/search?q=Aire%20de%20pique-nique%20Luxembourg"}], "photos": [], "details": {"cadre": "Nature", "equipements": "Banc", "note": "Équipements relevés à proximité immédiate ; la liste peut être incomplète."}}}, {"type": "Feature", "geometry": {"type": "Point", "coordinates": [6.030577, 49.55987]}, "properties": {"id": "lu-aire-0043", "name": "Aire de pique-nique", "theme": "aire-repos", "description": "Aire de pique-nique en pleine nature — poubelle.", "links": [{"label": "🗺️ Source OpenStreetMap (ODbL)", "url": "https://www.openstreetmap.org/node/1714626371"}, {"label": "🔎 Infos", "url": "https://www.google.com/search?q=Aire%20de%20pique-nique%20Luxembourg"}], "photos": [], "details": {"cadre": "Nature", "equipements": "Poubelle", "note": "Équipements relevés à proximité immédiate ; la liste peut être incomplète."}}}, {"type": "Feature", "geometry": {"type": "Point", "coordinates": [6.161682, 49.564839]}, "properties": {"id": "lu-aire-0044", "name": "Aire de pique-nique", "theme": "aire-repos", "description": "Aire de pique-nique en pleine nature — poubelle.", "links": [{"label": "🗺️ Source OpenStreetMap (ODbL)", "url": "https://www.openstreetmap.org/node/5626668183"}, {"label": "🔎 Infos", "url": "https://www.google.com/search?q=Aire%20de%20pique-nique%20Luxembourg"}], "photos": [], "details": {"cadre": "Nature", "equipements": "Poubelle", "note": "Équipements relevés à proximité immédiate ; la liste peut être incomplète."}}}, {"type": "Feature", "geometry": {"type": "Point", "coordinates": [6.047129, 49.56543]}, "properties": {"id": "lu-aire-0045", "name": "Aire de pique-nique", "theme": "aire-repos", "description": "Aire de pique-nique en pleine nature — poubelle.", "links": [{"label": "🗺️ Source OpenStreetMap (ODbL)", "url": "https://www.openstreetmap.org/node/1485598567"}, {"label": "🔎 Infos", "url": "https://www.google.com/search?q=Aire%20de%20pique-nique%20Luxembourg"}], "photos": [], "details": {"cadre": "Nature", "equipements": "Poubelle", "note": "Équipements relevés à proximité immédiate ; la liste peut être incomplète."}}}, {"type": "Feature", "geometry": {"type": "Point", "coordinates": [6.10684, 49.566002]}, "properties": {"id": "lu-aire-0046", "name": "Aire de pique-nique", "theme": "aire-repos", "description": "Aire de pique-nique en pleine nature — banc.", "links": [{"label": "🗺️ Source OpenStreetMap (ODbL)", "url": "https://www.openstreetmap.org/node/474758151"}, {"label": "🔎 Infos", "url": "https://www.google.com/search?q=Aire%20de%20pique-nique%20Luxembourg"}], "photos": [], "details": {"cadre": "Nature", "equipements": "Banc", "note": "Équipements relevés à proximité immédiate ; la liste peut être incomplète."}}}, {"type": "Feature", "geometry": {"type": "Point", "coordinates": [6.057402, 49.56903]}, "properties": {"id": "lu-aire-0047", "name": "Aire de pique-nique", "theme": "aire-repos", "description": "Aire de pique-nique en pleine nature — poubelle, banc, barbecue.", "links": [{"label": "🗺️ Source OpenStreetMap (ODbL)", "url": "https://www.openstreetmap.org/node/851497302"}, {"label": "🔎 Infos", "url": "https://www.google.com/search?q=Aire%20de%20pique-nique%20Luxembourg"}], "photos": [], "details": {"cadre": "Nature", "equipements": "Poubelle, Banc, Barbecue", "note": "Équipements relevés à proximité immédiate ; la liste peut être incomplète."}}}, {"type": "Feature", "geometry": {"type": "Point", "coordinates": [6.026212, 49.57022]}, "properties": {"id": "lu-aire-0048", "name": "Aire de pique-nique", "theme": "aire-repos", "description": "Aire de pique-nique en pleine nature — poubelle, barbecue.", "links": [{"label": "🗺️ Source OpenStreetMap (ODbL)", "url": "https://www.openstreetmap.org/node/1712891693"}, {"label": "🔎 Infos", "url": "https://www.google.com/search?q=Aire%20de%20pique-nique%20Luxembourg"}], "photos": [], "details": {"cadre": "Nature", "equipements": "Poubelle, Barbecue", "note": "Équipements relevés à proximité immédiate ; la liste peut être incomplète."}}}, {"type": "Feature", "geometry": {"type": "Point", "coordinates": [6.061981, 49.573194]}, "properties": {"id": "lu-aire-0049", "name": "Aire de pique-nique", "theme": "aire-repos", "description": "Aire de pique-nique en pleine nature — poubelle.", "links": [{"label": "🗺️ Source OpenStreetMap (ODbL)", "url": "https://www.openstreetmap.org/node/1399659247"}, {"label": "🔎 Infos", "url": "https://www.google.com/search?q=Aire%20de%20pique-nique%20Luxembourg"}], "photos": [], "details": {"cadre": "Nature", "equipements": "Poubelle", "note": "Équipements relevés à proximité immédiate ; la liste peut être incomplète."}}}, {"type": "Feature", "geometry": {"type": "Point", "coordinates": [6.253029, 49.573732]}, "properties": {"id": "lu-aire-0050", "name": "Aire de pique-nique", "theme": "aire-repos", "description": "Aire de pique-nique en pleine nature — poubelle.", "links": [{"label": "🗺️ Source OpenStreetMap (ODbL)", "url": "https://www.openstreetmap.org/node/5275957844"}, {"label": "🔎 Infos", "url": "https://www.google.com/search?q=Aire%20de%20pique-nique%20Luxembourg"}], "photos": [], "details": {"cadre": "Nature", "equipements": "Poubelle", "note": "Équipements relevés à proximité immédiate ; la liste peut être incomplète."}}}, {"type": "Feature", "geometry": {"type": "Point", "coordinates": [6.062408, 49.574003]}, "properties": {"id": "lu-aire-0051", "name": "Aire de pique-nique", "theme": "aire-repos", "description": "Aire de pique-nique en pleine nature — poubelle, barbecue.", "links": [{"label": "🗺️ Source OpenStreetMap (ODbL)", "url": "https://www.openstreetmap.org/node/1399659283"}, {"label": "🔎 Infos", "url": "https://www.google.com/search?q=Aire%20de%20pique-nique%20Luxembourg"}], "photos": [], "details": {"cadre": "Nature", "equipements": "Poubelle, Barbecue", "note": "Équipements relevés à proximité immédiate ; la liste peut être incomplète."}}}, {"type": "Feature", "geometry": {"type": "Point", "coordinates": [6.143216, 49.577685]}, "properties": {"id": "lu-aire-0052", "name": "Aire de pique-nique", "theme": "aire-repos", "description": "Aire de pique-nique en pleine nature — poubelle, banc.", "links": [{"label": "🗺️ Source OpenStreetMap (ODbL)", "url": "https://www.openstreetmap.org/node/5011238248"}, {"label": "🔎 Infos", "url": "https://www.google.com/search?q=Aire%20de%20pique-nique%20Luxembourg"}], "photos": [], "details": {"cadre": "Nature", "equipements": "Poubelle, Banc", "note": "Équipements relevés à proximité immédiate ; la liste peut être incomplète."}}}, {"type": "Feature", "geometry": {"type": "Point", "coordinates": [6.139094, 49.579008]}, "properties": {"id": "lu-aire-0053", "name": "Aire de pique-nique", "theme": "aire-repos", "description": "Aire de pique-nique en pleine nature — poubelle.", "links": [{"label": "🗺️ Source OpenStreetMap (ODbL)", "url": "https://www.openstreetmap.org/node/1582441129"}, {"label": "🔎 Infos", "url": "https://www.google.com/search?q=Aire%20de%20pique-nique%20Luxembourg"}], "photos": [], "details": {"cadre": "Nature", "equipements": "Poubelle", "note": "Équipements relevés à proximité immédiate ; la liste peut être incomplète."}}}, {"type": "Feature", "geometry": {"type": "Point", "coordinates": [6.139043, 49.579043]}, "properties": {"id": "lu-aire-0054", "name": "Aire de pique-nique", "theme": "aire-repos", "description": "Aire de pique-nique en pleine nature — poubelle.", "links": [{"label": "🗺️ Source OpenStreetMap (ODbL)", "url": "https://www.openstreetmap.org/node/1716739518"}, {"label": "🔎 Infos", "url": "https://www.google.com/search?q=Aire%20de%20pique-nique%20Luxembourg"}], "photos": [], "details": {"cadre": "Nature", "equipements": "Poubelle", "note": "Équipements relevés à proximité immédiate ; la liste peut être incomplète."}}}, {"type": "Feature", "geometry": {"type": "Point", "coordinates": [6.369073, 49.57966]}, "properties": {"id": "lu-aire-0055", "name": "Aire de pique-nique", "theme": "aire-repos", "description": "Aire de pique-nique en pleine nature — table, banc.", "links": [{"label": "🗺️ Source OpenStreetMap (ODbL)", "url": "https://www.openstreetmap.org/node/834478342"}, {"label": "🔎 Infos", "url": "https://www.google.com/search?q=Aire%20de%20pique-nique%20Luxembourg"}], "photos": [], "details": {"cadre": "Nature", "equipements": "Table, Banc", "note": "Équipements relevés à proximité immédiate ; la liste peut être incomplète."}}}, {"type": "Feature", "geometry": {"type": "Point", "coordinates": [6.360433, 49.58018]}, "properties": {"id": "lu-aire-0056", "name": "Aire de pique-nique", "theme": "aire-repos", "description": "Aire de pique-nique en pleine nature — poubelle, banc.", "links": [{"label": "🗺️ Source OpenStreetMap (ODbL)", "url": "https://www.openstreetmap.org/way/1200903967"}, {"label": "🔎 Infos", "url": "https://www.google.com/search?q=Aire%20de%20pique-nique%20Luxembourg"}], "photos": [], "details": {"cadre": "Nature", "equipements": "Poubelle, Banc", "note": "Équipements relevés à proximité immédiate ; la liste peut être incomplète."}}}, {"type": "Feature", "geometry": {"type": "Point", "coordinates": [6.072851, 49.581661]}, "properties": {"id": "lu-aire-0057", "name": "Aire de pique-nique", "theme": "aire-repos", "description": "Aire de pique-nique en pleine nature — poubelle.", "links": [{"label": "🗺️ Source OpenStreetMap (ODbL)", "url": "https://www.openstreetmap.org/node/1260274217"}, {"label": "🔎 Infos", "url": "https://www.google.com/search?q=Aire%20de%20pique-nique%20Luxembourg"}], "photos": [], "details": {"cadre": "Nature", "equipements": "Poubelle", "note": "Équipements relevés à proximité immédiate ; la liste peut être incomplète."}}}, {"type": "Feature", "geometry": {"type": "Point", "coordinates": [6.302033, 49.581679]}, "properties": {"id": "lu-aire-0058", "name": "Aire de repos", "theme": "aire-repos", "description": "Aire de repos en bord de route — poubelle.", "links": [{"label": "🗺️ Source OpenStreetMap (ODbL)", "url": "https://www.openstreetmap.org/node/1800831228"}, {"label": "🔎 Infos", "url": "https://www.google.com/search?q=Aire%20de%20repos%20Luxembourg"}], "photos": [], "details": {"cadre": "Bord de route", "equipements": "Poubelle", "note": "Équipements relevés à proximité immédiate ; la liste peut être incomplète."}}}, {"type": "Feature", "geometry": {"type": "Point", "coordinates": [6.068061, 49.58481]}, "properties": {"id": "lu-aire-0059", "name": "Aire de repos", "theme": "aire-repos", "description": "Aire de repos en bord de route — poubelle.", "links": [{"label": "🗺️ Source OpenStreetMap (ODbL)", "url": "https://www.openstreetmap.org/node/3431742269"}, {"label": "🔎 Infos", "url": "https://www.google.com/search?q=Aire%20de%20repos%20Luxembourg"}], "photos": [], "details": {"cadre": "Bord de route", "equipements": "Poubelle", "note": "Équipements relevés à proximité immédiate ; la liste peut être incomplète."}}}, {"type": "Feature", "geometry": {"type": "Point", "coordinates": [6.373681, 49.588135]}, "properties": {"id": "lu-aire-0060", "name": "Aire de pique-nique", "theme": "aire-repos", "description": "Aire de pique-nique en pleine nature — banc.", "links": [{"label": "🗺️ Source OpenStreetMap (ODbL)", "url": "https://www.openstreetmap.org/node/834478320"}, {"label": "🔎 Infos", "url": "https://www.google.com/search?q=Aire%20de%20pique-nique%20Luxembourg"}], "photos": [], "details": {"cadre": "Nature", "equipements": "Banc", "note": "Équipements relevés à proximité immédiate ; la liste peut être incomplète."}}}, {"type": "Feature", "geometry": {"type": "Point", "coordinates": [6.106678, 49.589743]}, "properties": {"id": "lu-aire-0061", "name": "Aire de pique-nique", "theme": "aire-repos", "description": "Aire de pique-nique en pleine nature — table, poubelle, jeux enfants, banc.", "links": [{"label": "🗺️ Source OpenStreetMap (ODbL)", "url": "https://www.openstreetmap.org/node/11165595630"}, {"label": "🔎 Infos", "url": "https://www.google.com/search?q=Aire%20de%20pique-nique%20Luxembourg"}], "photos": [], "details": {"cadre": "Nature", "equipements": "Table, Poubelle, Jeux enfants, Banc", "note": "Équipements relevés à proximité immédiate ; la liste peut être incomplète."}}}, {"type": "Feature", "geometry": {"type": "Point", "coordinates": [6.257946, 49.591166]}, "properties": {"id": "lu-aire-0062", "name": "Aire de pique-nique", "theme": "aire-repos", "description": "Aire de pique-nique en pleine nature — eau potable.", "links": [{"label": "🗺️ Source OpenStreetMap (ODbL)", "url": "https://www.openstreetmap.org/node/3483694118"}, {"label": "🔎 Infos", "url": "https://www.google.com/search?q=Aire%20de%20pique-nique%20Luxembourg"}], "photos": [], "details": {"cadre": "Nature", "equipements": "Eau potable", "note": "Équipements relevés à proximité immédiate ; la liste peut être incomplète."}}}, {"type": "Feature", "geometry": {"type": "Point", "coordinates": [5.880505, 49.595851]}, "properties": {"id": "lu-aire-0063", "name": "Aire de pique-nique", "theme": "aire-repos", "description": "Aire de pique-nique en pleine nature — toilettes, poubelle, jeux enfants, banc.", "links": [{"label": "🗺️ Source OpenStreetMap (ODbL)", "url": "https://www.openstreetmap.org/node/462111426"}, {"label": "🔎 Infos", "url": "https://www.google.com/search?q=Aire%20de%20pique-nique%20Luxembourg"}], "photos": [], "details": {"cadre": "Nature", "equipements": "Toilettes, Poubelle, Jeux enfants, Banc", "note": "Équipements relevés à proximité immédiate ; la liste peut être incomplète."}}}, {"type": "Feature", "geometry": {"type": "Point", "coordinates": [5.880449, 49.595883]}, "properties": {"id": "lu-aire-0064", "name": "Aire de pique-nique", "theme": "aire-repos", "description": "Aire de pique-nique en pleine nature — toilettes, poubelle, jeux enfants, banc.", "links": [{"label": "🗺️ Source OpenStreetMap (ODbL)", "url": "https://www.openstreetmap.org/node/1899823307"}, {"label": "🔎 Infos", "url": "https://www.google.com/search?q=Aire%20de%20pique-nique%20Luxembourg"}], "photos": [], "details": {"cadre": "Nature", "equipements": "Toilettes, Poubelle, Jeux enfants, Banc", "note": "Équipements relevés à proximité immédiate ; la liste peut être incomplète."}}}, {"type": "Feature", "geometry": {"type": "Point", "coordinates": [6.089854, 49.601035]}, "properties": {"id": "lu-aire-0065", "name": "Aire de pique-nique", "theme": "aire-repos", "description": "Aire de pique-nique en pleine nature — poubelle, banc, barbecue.", "links": [{"label": "🗺️ Source OpenStreetMap (ODbL)", "url": "https://www.openstreetmap.org/node/1372269945"}, {"label": "🔎 Infos", "url": "https://www.google.com/search?q=Aire%20de%20pique-nique%20Luxembourg"}], "photos": [], "details": {"cadre": "Nature", "equipements": "Poubelle, Banc, Barbecue", "note": "Équipements relevés à proximité immédiate ; la liste peut être incomplète."}}}, {"type": "Feature", "geometry": {"type": "Point", "coordinates": [6.115711, 49.601564]}, "properties": {"id": "lu-aire-0066", "name": "Aire de pique-nique", "theme": "aire-repos", "description": "Aire de pique-nique en pleine nature — poubelle, jeux enfants, banc, barbecue.", "links": [{"label": "🗺️ Source OpenStreetMap (ODbL)", "url": "https://www.openstreetmap.org/node/8757251490"}, {"label": "🔎 Infos", "url": "https://www.google.com/search?q=Aire%20de%20pique-nique%20Luxembourg"}], "photos": [], "details": {"cadre": "Nature", "equipements": "Poubelle, Jeux enfants, Banc, Barbecue", "note": "Équipements relevés à proximité immédiate ; la liste peut être incomplète."}}}, {"type": "Feature", "geometry": {"type": "Point", "coordinates": [6.115904, 49.601635]}, "properties": {"id": "lu-aire-0067", "name": "Aire de pique-nique", "theme": "aire-repos", "description": "Aire de pique-nique en pleine nature — poubelle, jeux enfants, barbecue.", "links": [{"label": "🗺️ Source OpenStreetMap (ODbL)", "url": "https://www.openstreetmap.org/node/1319881787"}, {"label": "🔎 Infos", "url": "https://www.google.com/search?q=Aire%20de%20pique-nique%20Luxembourg"}], "photos": [], "details": {"cadre": "Nature", "equipements": "Poubelle, Jeux enfants, Barbecue", "note": "Équipements relevés à proximité immédiate ; la liste peut être incomplète."}}}, {"type": "Feature", "geometry": {"type": "Point", "coordinates": [6.073687, 49.605512]}, "properties": {"id": "lu-aire-0068", "name": "Aire de pique-nique", "theme": "aire-repos", "description": "Aire de pique-nique en pleine nature — toilettes, eau potable, poubelle, jeux enfants, banc.", "links": [{"label": "🗺️ Source OpenStreetMap (ODbL)", "url": "https://www.openstreetmap.org/node/1796180437"}, {"label": "🔎 Infos", "url": "https://www.google.com/search?q=Aire%20de%20pique-nique%20Luxembourg"}], "photos": [], "details": {"cadre": "Nature", "equipements": "Toilettes, Eau potable, Poubelle, Jeux enfants, Banc", "note": "Équipements relevés à proximité immédiate ; la liste peut être incomplète."}}}, {"type": "Feature", "geometry": {"type": "Point", "coordinates": [6.056358, 49.610355]}, "properties": {"id": "lu-aire-0069", "name": "Aire de pique-nique", "theme": "aire-repos", "description": "Aire de pique-nique en pleine nature — poubelle, jeux enfants, banc.", "links": [{"label": "🗺️ Source OpenStreetMap (ODbL)", "url": "https://www.openstreetmap.org/node/1303500669"}, {"label": "🔎 Infos", "url": "https://www.google.com/search?q=Aire%20de%20pique-nique%20Luxembourg"}], "photos": [], "details": {"cadre": "Nature", "equipements": "Poubelle, Jeux enfants, Banc", "note": "Équipements relevés à proximité immédiate ; la liste peut être incomplète."}}}, {"type": "Feature", "geometry": {"type": "Point", "coordinates": [6.049906, 49.612525]}, "properties": {"id": "lu-aire-0070", "name": "Aire de pique-nique", "theme": "aire-repos", "description": "Aire de pique-nique en pleine nature — banc.", "links": [{"label": "🗺️ Source OpenStreetMap (ODbL)", "url": "https://www.openstreetmap.org/node/6436570242"}, {"label": "🔎 Infos", "url": "https://www.google.com/search?q=Aire%20de%20pique-nique%20Luxembourg"}], "photos": [], "details": {"cadre": "Nature", "equipements": "Banc", "note": "Équipements relevés à proximité immédiate ; la liste peut être incomplète."}}}, {"type": "Feature", "geometry": {"type": "Point", "coordinates": [6.050542, 49.613051]}, "properties": {"id": "lu-aire-0071", "name": "Aire de pique-nique", "theme": "aire-repos", "description": "Aire de pique-nique en pleine nature — poubelle, banc.", "links": [{"label": "🗺️ Source OpenStreetMap (ODbL)", "url": "https://www.openstreetmap.org/node/8485811055"}, {"label": "🔎 Infos", "url": "https://www.google.com/search?q=Aire%20de%20pique-nique%20Luxembourg"}], "photos": [], "details": {"cadre": "Nature", "equipements": "Poubelle, Banc", "note": "Équipements relevés à proximité immédiate ; la liste peut être incomplète."}}}, {"type": "Feature", "geometry": {"type": "Point", "coordinates": [6.050493, 49.613053]}, "properties": {"id": "lu-aire-0072", "name": "Aire de pique-nique", "theme": "aire-repos", "description": "Aire de pique-nique en pleine nature — poubelle, banc.", "links": [{"label": "🗺️ Source OpenStreetMap (ODbL)", "url": "https://www.openstreetmap.org/node/8485811056"}, {"label": "🔎 Infos", "url": "https://www.google.com/search?q=Aire%20de%20pique-nique%20Luxembourg"}], "photos": [], "details": {"cadre": "Nature", "equipements": "Poubelle, Banc", "note": "Équipements relevés à proximité immédiate ; la liste peut être incomplète."}}}, {"type": "Feature", "geometry": {"type": "Point", "coordinates": [6.050496, 49.613082]}, "properties": {"id": "lu-aire-0073", "name": "Aire de pique-nique", "theme": "aire-repos", "description": "Aire de pique-nique en pleine nature — poubelle, banc.", "links": [{"label": "🗺️ Source OpenStreetMap (ODbL)", "url": "https://www.openstreetmap.org/node/6436570243"}, {"label": "🔎 Infos", "url": "https://www.google.com/search?q=Aire%20de%20pique-nique%20Luxembourg"}], "photos": [], "details": {"cadre": "Nature", "equipements": "Poubelle, Banc", "note": "Équipements relevés à proximité immédiate ; la liste peut être incomplète."}}}, {"type": "Feature", "geometry": {"type": "Point", "coordinates": [6.076575, 49.613652]}, "properties": {"id": "lu-aire-0074", "name": "Aire de pique-nique", "theme": "aire-repos", "description": "Aire de pique-nique en pleine nature — poubelle, jeux enfants, banc.", "links": [{"label": "🗺️ Source OpenStreetMap (ODbL)", "url": "https://www.openstreetmap.org/node/4639842492"}, {"label": "🔎 Infos", "url": "https://www.google.com/search?q=Aire%20de%20pique-nique%20Luxembourg"}], "photos": [], "details": {"cadre": "Nature", "equipements": "Poubelle, Jeux enfants, Banc", "note": "Équipements relevés à proximité immédiate ; la liste peut être incomplète."}}}, {"type": "Feature", "geometry": {"type": "Point", "coordinates": [6.351686, 49.616366]}, "properties": {"id": "lu-aire-0075", "name": "Aire de pique-nique", "theme": "aire-repos", "description": "Aire de pique-nique en pleine nature — poubelle.", "links": [{"label": "🗺️ Source OpenStreetMap (ODbL)", "url": "https://www.openstreetmap.org/node/5651496608"}, {"label": "🔎 Infos", "url": "https://www.google.com/search?q=Aire%20de%20pique-nique%20Luxembourg"}], "photos": [], "details": {"cadre": "Nature", "equipements": "Poubelle", "note": "Équipements relevés à proximité immédiate ; la liste peut être incomplète."}}}, {"type": "Feature", "geometry": {"type": "Point", "coordinates": [6.051413, 49.618026]}, "properties": {"id": "lu-aire-0076", "name": "Aire de pique-nique", "theme": "aire-repos", "description": "Aire de pique-nique en pleine nature — jeux enfants, barbecue.", "links": [{"label": "🗺️ Source OpenStreetMap (ODbL)", "url": "https://www.openstreetmap.org/node/1377209821"}, {"label": "🔎 Infos", "url": "https://www.google.com/search?q=Aire%20de%20pique-nique%20Luxembourg"}], "photos": [], "details": {"cadre": "Nature", "equipements": "Jeux enfants, Barbecue", "note": "Équipements relevés à proximité immédiate ; la liste peut être incomplète."}}}, {"type": "Feature", "geometry": {"type": "Point", "coordinates": [6.164799, 49.618479]}, "properties": {"id": "lu-aire-0077", "name": "Aire de pique-nique", "theme": "aire-repos", "description": "Aire de pique-nique en pleine nature — jeux enfants.", "links": [{"label": "🗺️ Source OpenStreetMap (ODbL)", "url": "https://www.openstreetmap.org/node/1716406398"}, {"label": "🔎 Infos", "url": "https://www.google.com/search?q=Aire%20de%20pique-nique%20Luxembourg"}], "photos": [], "details": {"cadre": "Nature", "equipements": "Jeux enfants", "note": "Équipements relevés à proximité immédiate ; la liste peut être incomplète."}}}, {"type": "Feature", "geometry": {"type": "Point", "coordinates": [6.096669, 49.618972]}, "properties": {"id": "lu-aire-0078", "name": "Aire de pique-nique", "theme": "aire-repos", "description": "Aire de pique-nique en pleine nature — toilettes, poubelle.", "links": [{"label": "🗺️ Source OpenStreetMap (ODbL)", "url": "https://www.openstreetmap.org/node/1286926022"}, {"label": "🔎 Infos", "url": "https://www.google.com/search?q=Aire%20de%20pique-nique%20Luxembourg"}], "photos": [], "details": {"cadre": "Nature", "equipements": "Toilettes, Poubelle", "note": "Équipements relevés à proximité immédiate ; la liste peut être incomplète."}}}, {"type": "Feature", "geometry": {"type": "Point", "coordinates": [6.096412, 49.618986]}, "properties": {"id": "lu-aire-0079", "name": "Aire de pique-nique", "theme": "aire-repos", "description": "Aire de pique-nique en pleine nature — toilettes, poubelle.", "links": [{"label": "🗺️ Source OpenStreetMap (ODbL)", "url": "https://www.openstreetmap.org/node/1286926021"}, {"label": "🔎 Infos", "url": "https://www.google.com/search?q=Aire%20de%20pique-nique%20Luxembourg"}], "photos": [], "details": {"cadre": "Nature", "equipements": "Toilettes, Poubelle", "note": "Équipements relevés à proximité immédiate ; la liste peut être incomplète."}}}, {"type": "Feature", "geometry": {"type": "Point", "coordinates": [6.093978, 49.620904]}, "properties": {"id": "lu-aire-0080", "name": "Aire de pique-nique", "theme": "aire-repos", "description": "Aire de pique-nique en pleine nature — poubelle.", "links": [{"label": "🗺️ Source OpenStreetMap (ODbL)", "url": "https://www.openstreetmap.org/node/1795007467"}, {"label": "🔎 Infos", "url": "https://www.google.com/search?q=Aire%20de%20pique-nique%20Luxembourg"}], "photos": [], "details": {"cadre": "Nature", "equipements": "Poubelle", "note": "Équipements relevés à proximité immédiate ; la liste peut être incomplète."}}}, {"type": "Feature", "geometry": {"type": "Point", "coordinates": [6.093819, 49.620917]}, "properties": {"id": "lu-aire-0081", "name": "Aire de pique-nique", "theme": "aire-repos", "description": "Aire de pique-nique en pleine nature — poubelle.", "links": [{"label": "🗺️ Source OpenStreetMap (ODbL)", "url": "https://www.openstreetmap.org/node/1795007469"}, {"label": "🔎 Infos", "url": "https://www.google.com/search?q=Aire%20de%20pique-nique%20Luxembourg"}], "photos": [], "details": {"cadre": "Nature", "equipements": "Poubelle", "note": "Équipements relevés à proximité immédiate ; la liste peut être incomplète."}}}, {"type": "Feature", "geometry": {"type": "Point", "coordinates": [6.094311, 49.621043]}, "properties": {"id": "lu-aire-0082", "name": "Aire de pique-nique", "theme": "aire-repos", "description": "Aire de pique-nique en pleine nature — poubelle.", "links": [{"label": "🗺️ Source OpenStreetMap (ODbL)", "url": "https://www.openstreetmap.org/node/1795007471"}, {"label": "🔎 Infos", "url": "https://www.google.com/search?q=Aire%20de%20pique-nique%20Luxembourg"}], "photos": [], "details": {"cadre": "Nature", "equipements": "Poubelle", "note": "Équipements relevés à proximité immédiate ; la liste peut être incomplète."}}}, {"type": "Feature", "geometry": {"type": "Point", "coordinates": [6.006099, 49.624631]}, "properties": {"id": "lu-aire-0083", "name": "Aire de pique-nique", "theme": "aire-repos", "description": "Aire de pique-nique en pleine nature — poubelle.", "links": [{"label": "🗺️ Source OpenStreetMap (ODbL)", "url": "https://www.openstreetmap.org/node/1292224046"}, {"label": "🔎 Infos", "url": "https://www.google.com/search?q=Aire%20de%20pique-nique%20Luxembourg"}], "photos": [], "details": {"cadre": "Nature", "equipements": "Poubelle", "note": "Équipements relevés à proximité immédiate ; la liste peut être incomplète."}}}, {"type": "Feature", "geometry": {"type": "Point", "coordinates": [6.038552, 49.624853]}, "properties": {"id": "lu-aire-0084", "name": "Aire de pique-nique", "theme": "aire-repos", "description": "Aire de pique-nique en pleine nature — poubelle, banc.", "links": [{"label": "🗺️ Source OpenStreetMap (ODbL)", "url": "https://www.openstreetmap.org/node/1699508446"}, {"label": "🔎 Infos", "url": "https://www.google.com/search?q=Aire%20de%20pique-nique%20Luxembourg"}], "photos": [], "details": {"cadre": "Nature", "equipements": "Poubelle, Banc", "note": "Équipements relevés à proximité immédiate ; la liste peut être incomplète."}}}, {"type": "Feature", "geometry": {"type": "Point", "coordinates": [6.03817, 49.624866]}, "properties": {"id": "lu-aire-0085", "name": "Aire de pique-nique", "theme": "aire-repos", "description": "Aire de pique-nique en pleine nature — poubelle, banc.", "links": [{"label": "🗺️ Source OpenStreetMap (ODbL)", "url": "https://www.openstreetmap.org/node/1699508447"}, {"label": "🔎 Infos", "url": "https://www.google.com/search?q=Aire%20de%20pique-nique%20Luxembourg"}], "photos": [], "details": {"cadre": "Nature", "equipements": "Poubelle, Banc", "note": "Équipements relevés à proximité immédiate ; la liste peut être incomplète."}}}, {"type": "Feature", "geometry": {"type": "Point", "coordinates": [6.038362, 49.624872]}, "properties": {"id": "lu-aire-0086", "name": "Aire de pique-nique", "theme": "aire-repos", "description": "Aire de pique-nique en pleine nature — poubelle, banc.", "links": [{"label": "🗺️ Source OpenStreetMap (ODbL)", "url": "https://www.openstreetmap.org/node/1699508448"}, {"label": "🔎 Infos", "url": "https://www.google.com/search?q=Aire%20de%20pique-nique%20Luxembourg"}], "photos": [], "details": {"cadre": "Nature", "equipements": "Poubelle, Banc", "note": "Équipements relevés à proximité immédiate ; la liste peut être incomplète."}}}, {"type": "Feature", "geometry": {"type": "Point", "coordinates": [5.924919, 49.625892]}, "properties": {"id": "lu-aire-0087", "name": "Aire de pique-nique", "theme": "aire-repos", "description": "Aire de pique-nique en pleine nature — poubelle.", "links": [{"label": "🗺️ Source OpenStreetMap (ODbL)", "url": "https://www.openstreetmap.org/node/1795709894"}, {"label": "🔎 Infos", "url": "https://www.google.com/search?q=Aire%20de%20pique-nique%20Luxembourg"}], "photos": [], "details": {"cadre": "Nature", "equipements": "Poubelle", "note": "Équipements relevés à proximité immédiate ; la liste peut être incomplète."}}}, {"type": "Feature", "geometry": {"type": "Point", "coordinates": [6.100842, 49.627194]}, "properties": {"id": "lu-aire-0088", "name": "Aire de pique-nique", "theme": "aire-repos", "description": "Aire de pique-nique en pleine nature — poubelle, jeux enfants, banc, barbecue.", "links": [{"label": "🗺️ Source OpenStreetMap (ODbL)", "url": "https://www.openstreetmap.org/node/1991131131"}, {"label": "🔎 Infos", "url": "https://www.google.com/search?q=Aire%20de%20pique-nique%20Luxembourg"}], "photos": [], "details": {"cadre": "Nature", "equipements": "Poubelle, Jeux enfants, Banc, Barbecue", "note": "Équipements relevés à proximité immédiate ; la liste peut être incomplète."}}}, {"type": "Feature", "geometry": {"type": "Point", "coordinates": [6.100878, 49.627257]}, "properties": {"id": "lu-aire-0089", "name": "Aire de pique-nique", "theme": "aire-repos", "description": "Aire de pique-nique en pleine nature — poubelle, jeux enfants, banc, barbecue.", "links": [{"label": "🗺️ Source OpenStreetMap (ODbL)", "url": "https://www.openstreetmap.org/node/1991131133"}, {"label": "🔎 Infos", "url": "https://www.google.com/search?q=Aire%20de%20pique-nique%20Luxembourg"}], "photos": [], "details": {"cadre": "Nature", "equipements": "Poubelle, Jeux enfants, Banc, Barbecue", "note": "Équipements relevés à proximité immédiate ; la liste peut être incomplète."}}}, {"type": "Feature", "geometry": {"type": "Point", "coordinates": [6.172912, 49.630815]}, "properties": {"id": "lu-aire-0090", "name": "Aire de pique-nique", "theme": "aire-repos", "description": "Aire de pique-nique en pleine nature — eau potable, banc.", "links": [{"label": "🗺️ Source OpenStreetMap (ODbL)", "url": "https://www.openstreetmap.org/node/3812399712"}, {"label": "🔎 Infos", "url": "https://www.google.com/search?q=Aire%20de%20pique-nique%20Luxembourg"}], "photos": [], "details": {"cadre": "Nature", "equipements": "Eau potable, Banc", "note": "Équipements relevés à proximité immédiate ; la liste peut être incomplète."}}}, {"type": "Feature", "geometry": {"type": "Point", "coordinates": [6.108185, 49.630829]}, "properties": {"id": "lu-aire-0091", "name": "Aire de pique-nique", "theme": "aire-repos", "description": "Aire de pique-nique en pleine nature — banc, barbecue.", "links": [{"label": "🗺️ Source OpenStreetMap (ODbL)", "url": "https://www.openstreetmap.org/node/1925297920"}, {"label": "🔎 Infos", "url": "https://www.google.com/search?q=Aire%20de%20pique-nique%20Luxembourg"}], "photos": [], "details": {"cadre": "Nature", "equipements": "Banc, Barbecue", "note": "Équipements relevés à proximité immédiate ; la liste peut être incomplète."}}}, {"type": "Feature", "geometry": {"type": "Point", "coordinates": [6.069697, 49.632089]}, "properties": {"id": "lu-aire-0092", "name": "Aire de pique-nique", "theme": "aire-repos", "description": "Aire de pique-nique en pleine nature — banc.", "links": [{"label": "🗺️ Source OpenStreetMap (ODbL)", "url": "https://www.openstreetmap.org/node/1286925291"}, {"label": "🔎 Infos", "url": "https://www.google.com/search?q=Aire%20de%20pique-nique%20Luxembourg"}], "photos": [], "details": {"cadre": "Nature", "equipements": "Banc", "note": "Équipements relevés à proximité immédiate ; la liste peut être incomplète."}}}, {"type": "Feature", "geometry": {"type": "Point", "coordinates": [5.990702, 49.632207]}, "properties": {"id": "lu-aire-0093", "name": "Aire de pique-nique", "theme": "aire-repos", "description": "Aire de pique-nique en pleine nature — banc.", "links": [{"label": "🗺️ Source OpenStreetMap (ODbL)", "url": "https://www.openstreetmap.org/node/1292224006"}, {"label": "🔎 Infos", "url": "https://www.google.com/search?q=Aire%20de%20pique-nique%20Luxembourg"}], "photos": [], "details": {"cadre": "Nature", "equipements": "Banc", "note": "Équipements relevés à proximité immédiate ; la liste peut être incomplète."}}}, {"type": "Feature", "geometry": {"type": "Point", "coordinates": [6.412267, 49.632741]}, "properties": {"id": "lu-aire-0094", "name": "Aire de pique-nique", "theme": "aire-repos", "description": "Aire de pique-nique en pleine nature — table.", "links": [{"label": "🗺️ Source OpenStreetMap (ODbL)", "url": "https://www.openstreetmap.org/node/12632652113"}, {"label": "🔎 Infos", "url": "https://www.google.com/search?q=Aire%20de%20pique-nique%20Luxembourg"}], "photos": [], "details": {"cadre": "Nature", "equipements": "Table", "note": "Équipements relevés à proximité immédiate ; la liste peut être incomplète."}}}, {"type": "Feature", "geometry": {"type": "Point", "coordinates": [6.11477, 49.633517]}, "properties": {"id": "lu-aire-0095", "name": "Aire de pique-nique", "theme": "aire-repos", "description": "Aire de pique-nique en pleine nature — poubelle, banc.", "links": [{"label": "🗺️ Source OpenStreetMap (ODbL)", "url": "https://www.openstreetmap.org/node/1834077848"}, {"label": "🔎 Infos", "url": "https://www.google.com/search?q=Aire%20de%20pique-nique%20Luxembourg"}], "photos": [], "details": {"cadre": "Nature", "equipements": "Poubelle, Banc", "note": "Équipements relevés à proximité immédiate ; la liste peut être incomplète."}}}, {"type": "Feature", "geometry": {"type": "Point", "coordinates": [5.970294, 49.634722]}, "properties": {"id": "lu-aire-0096", "name": "Aire de pique-nique", "theme": "aire-repos", "description": "Aire de pique-nique en pleine nature — toilettes, table, jeux enfants.", "links": [{"label": "🗺️ Source OpenStreetMap (ODbL)", "url": "https://www.openstreetmap.org/way/450356393"}, {"label": "🔎 Infos", "url": "https://www.google.com/search?q=Aire%20de%20pique-nique%20Luxembourg"}], "photos": [], "details": {"cadre": "Nature", "equipements": "Toilettes, Table, Jeux enfants", "note": "Équipements relevés à proximité immédiate ; la liste peut être incomplète."}}}, {"type": "Feature", "geometry": {"type": "Point", "coordinates": [5.97103, 49.635087]}, "properties": {"id": "lu-aire-0097", "name": "Aire de Capellen", "theme": "aire-repos", "description": "Aire de repos en bord de route — toilettes, table, jeux enfants.", "links": [{"label": "🗺️ Source OpenStreetMap (ODbL)", "url": "https://www.openstreetmap.org/way/450356382"}, {"label": "🔎 Infos", "url": "https://www.google.com/search?q=Aire%20de%20Capellen%20Luxembourg"}], "photos": [], "details": {"cadre": "Bord de route", "equipements": "Toilettes, Table, Jeux enfants", "note": "Équipements relevés à proximité immédiate ; la liste peut être incomplète."}}}, {"type": "Feature", "geometry": {"type": "Point", "coordinates": [5.971084, 49.636696]}, "properties": {"id": "lu-aire-0098", "name": "Aire de Capellen", "theme": "aire-repos", "description": "Aire de repos en bord de route — toilettes, table.", "links": [{"label": "🗺️ Source OpenStreetMap (ODbL)", "url": "https://www.openstreetmap.org/way/100344429"}, {"label": "🔎 Infos", "url": "https://www.google.com/search?q=Aire%20de%20Capellen%20Luxembourg"}], "photos": [], "details": {"cadre": "Bord de route", "equipements": "Toilettes, Table", "note": "Équipements relevés à proximité immédiate ; la liste peut être incomplète."}}}, {"type": "Feature", "geometry": {"type": "Point", "coordinates": [6.065004, 49.637053]}, "properties": {"id": "lu-aire-0099", "name": "Aire de pique-nique", "theme": "aire-repos", "description": "Aire de pique-nique en pleine nature — toilettes, eau potable, poubelle, jeux enfants, banc, barbecue.", "links": [{"label": "🗺️ Source OpenStreetMap (ODbL)", "url": "https://www.openstreetmap.org/node/1422575449"}, {"label": "🔎 Infos", "url": "https://www.google.com/search?q=Aire%20de%20pique-nique%20Luxembourg"}], "photos": [], "details": {"cadre": "Nature", "equipements": "Toilettes, Eau potable, Poubelle, Jeux enfants, Banc, Barbecue", "note": "Équipements relevés à proximité immédiate ; la liste peut être incomplète."}}}, {"type": "Feature", "geometry": {"type": "Point", "coordinates": [6.095179, 49.637111]}, "properties": {"id": "lu-aire-0100", "name": "Aire de pique-nique", "theme": "aire-repos", "description": "Aire de pique-nique en pleine nature — poubelle.", "links": [{"label": "🗺️ Source OpenStreetMap (ODbL)", "url": "https://www.openstreetmap.org/node/1520313304"}, {"label": "🔎 Infos", "url": "https://www.google.com/search?q=Aire%20de%20pique-nique%20Luxembourg"}], "photos": [], "details": {"cadre": "Nature", "equipements": "Poubelle", "note": "Équipements relevés à proximité immédiate ; la liste peut être incomplète."}}}, {"type": "Feature", "geometry": {"type": "Point", "coordinates": [6.110818, 49.638952]}, "properties": {"id": "lu-aire-0101", "name": "Aire de pique-nique", "theme": "aire-repos", "description": "Aire de pique-nique en pleine nature — banc, barbecue.", "links": [{"label": "🗺️ Source OpenStreetMap (ODbL)", "url": "https://www.openstreetmap.org/node/1521754865"}, {"label": "🔎 Infos", "url": "https://www.google.com/search?q=Aire%20de%20pique-nique%20Luxembourg"}], "photos": [], "details": {"cadre": "Nature", "equipements": "Banc, Barbecue", "note": "Équipements relevés à proximité immédiate ; la liste peut être incomplète."}}}, {"type": "Feature", "geometry": {"type": "Point", "coordinates": [6.105498, 49.639487]}, "properties": {"id": "lu-aire-0102", "name": "Aire de pique-nique", "theme": "aire-repos", "description": "Aire de pique-nique en pleine nature — poubelle, banc, barbecue.", "links": [{"label": "🗺️ Source OpenStreetMap (ODbL)", "url": "https://www.openstreetmap.org/node/1519492962"}, {"label": "🔎 Infos", "url": "https://www.google.com/search?q=Aire%20de%20pique-nique%20Luxembourg"}], "photos": [], "details": {"cadre": "Nature", "equipements": "Poubelle, Banc, Barbecue", "note": "Équipements relevés à proximité immédiate ; la liste peut être incomplète."}}}, {"type": "Feature", "geometry": {"type": "Point", "coordinates": [6.1034, 49.642667]}, "properties": {"id": "lu-aire-0103", "name": "Aire de pique-nique", "theme": "aire-repos", "description": "Aire de pique-nique en pleine nature — poubelle.", "links": [{"label": "🗺️ Source OpenStreetMap (ODbL)", "url": "https://www.openstreetmap.org/node/1457249011"}, {"label": "🔎 Infos", "url": "https://www.google.com/search?q=Aire%20de%20pique-nique%20Luxembourg"}], "photos": [], "details": {"cadre": "Nature", "equipements": "Poubelle", "note": "Équipements relevés à proximité immédiate ; la liste peut être incomplète."}}}, {"type": "Feature", "geometry": {"type": "Point", "coordinates": [5.927796, 49.643046]}, "properties": {"id": "lu-aire-0104", "name": "Aire de pique-nique", "theme": "aire-repos", "description": "Aire de pique-nique en pleine nature — poubelle, banc.", "links": [{"label": "🗺️ Source OpenStreetMap (ODbL)", "url": "https://www.openstreetmap.org/node/6017656385"}, {"label": "🔎 Infos", "url": "https://www.google.com/search?q=Aire%20de%20pique-nique%20Luxembourg"}], "photos": [], "details": {"cadre": "Nature", "equipements": "Poubelle, Banc", "note": "Équipements relevés à proximité immédiate ; la liste peut être incomplète."}}}, {"type": "Feature", "geometry": {"type": "Point", "coordinates": [6.024175, 49.645786]}, "properties": {"id": "lu-aire-0105", "name": "Aire de pique-nique", "theme": "aire-repos", "description": "Aire de pique-nique en pleine nature — poubelle, banc.", "links": [{"label": "🗺️ Source OpenStreetMap (ODbL)", "url": "https://www.openstreetmap.org/node/1282080182"}, {"label": "🔎 Infos", "url": "https://www.google.com/search?q=Aire%20de%20pique-nique%20Luxembourg"}], "photos": [], "details": {"cadre": "Nature", "equipements": "Poubelle, Banc", "note": "Équipements relevés à proximité immédiate ; la liste peut être incomplète."}}}, {"type": "Feature", "geometry": {"type": "Point", "coordinates": [6.085599, 49.646092]}, "properties": {"id": "lu-aire-0106", "name": "Aire de pique-nique", "theme": "aire-repos", "description": "Aire de pique-nique en pleine nature — poubelle, banc.", "links": [{"label": "🗺️ Source OpenStreetMap (ODbL)", "url": "https://www.openstreetmap.org/node/1520313396"}, {"label": "🔎 Infos", "url": "https://www.google.com/search?q=Aire%20de%20pique-nique%20Luxembourg"}], "photos": [], "details": {"cadre": "Nature", "equipements": "Poubelle, Banc", "note": "Équipements relevés à proximité immédiate ; la liste peut être incomplète."}}}, {"type": "Feature", "geometry": {"type": "Point", "coordinates": [6.085485, 49.646225]}, "properties": {"id": "lu-aire-0107", "name": "Aire de pique-nique", "theme": "aire-repos", "description": "Aire de pique-nique en pleine nature — poubelle, banc.", "links": [{"label": "🗺️ Source OpenStreetMap (ODbL)", "url": "https://www.openstreetmap.org/node/1520313411"}, {"label": "🔎 Infos", "url": "https://www.google.com/search?q=Aire%20de%20pique-nique%20Luxembourg"}], "photos": [], "details": {"cadre": "Nature", "equipements": "Poubelle, Banc", "note": "Équipements relevés à proximité immédiate ; la liste peut être incomplète."}}}, {"type": "Feature", "geometry": {"type": "Point", "coordinates": [6.109248, 49.648154]}, "properties": {"id": "lu-aire-0108", "name": "Aire de pique-nique", "theme": "aire-repos", "description": "Aire de pique-nique en pleine nature — banc.", "links": [{"label": "🗺️ Source OpenStreetMap (ODbL)", "url": "https://www.openstreetmap.org/node/8090585981"}, {"label": "🔎 Infos", "url": "https://www.google.com/search?q=Aire%20de%20pique-nique%20Luxembourg"}], "photos": [], "details": {"cadre": "Nature", "equipements": "Banc", "note": "Équipements relevés à proximité immédiate ; la liste peut être incomplète."}}}, {"type": "Feature", "geometry": {"type": "Point", "coordinates": [6.043768, 49.650374]}, "properties": {"id": "lu-aire-0109", "name": "Aire de pique-nique", "theme": "aire-repos", "description": "Aire de pique-nique en pleine nature — banc.", "links": [{"label": "🗺️ Source OpenStreetMap (ODbL)", "url": "https://www.openstreetmap.org/node/1455336712"}, {"label": "🔎 Infos", "url": "https://www.google.com/search?q=Aire%20de%20pique-nique%20Luxembourg"}], "photos": [], "details": {"cadre": "Nature", "equipements": "Banc", "note": "Équipements relevés à proximité immédiate ; la liste peut être incomplète."}}}, {"type": "Feature", "geometry": {"type": "Point", "coordinates": [5.94477, 49.650564]}, "properties": {"id": "lu-aire-0110", "name": "Aire de repos", "theme": "aire-repos", "description": "Aire de repos en bord de route — poubelle, banc.", "links": [{"label": "🗺️ Source OpenStreetMap (ODbL)", "url": "https://www.openstreetmap.org/node/7858873024"}, {"label": "🔎 Infos", "url": "https://www.google.com/search?q=Aire%20de%20repos%20Luxembourg"}], "photos": [], "details": {"cadre": "Bord de route", "equipements": "Poubelle, Banc", "note": "Équipements relevés à proximité immédiate ; la liste peut être incomplète."}}}, {"type": "Feature", "geometry": {"type": "Point", "coordinates": [6.300033, 49.654319]}, "properties": {"id": "lu-aire-0111", "name": "Aire de pique-nique", "theme": "aire-repos", "description": "Aire de pique-nique en pleine nature — poubelle.", "links": [{"label": "🗺️ Source OpenStreetMap (ODbL)", "url": "https://www.openstreetmap.org/node/1270655773"}, {"label": "🔎 Infos", "url": "https://www.google.com/search?q=Aire%20de%20pique-nique%20Luxembourg"}], "photos": [], "details": {"cadre": "Nature", "equipements": "Poubelle", "note": "Équipements relevés à proximité immédiate ; la liste peut être incomplète."}}}, {"type": "Feature", "geometry": {"type": "Point", "coordinates": [6.03378, 49.654524]}, "properties": {"id": "lu-aire-0112", "name": "Aire de pique-nique", "theme": "aire-repos", "description": "Aire de pique-nique en pleine nature — poubelle, banc, barbecue.", "links": [{"label": "🗺️ Source OpenStreetMap (ODbL)", "url": "https://www.openstreetmap.org/node/1417495831"}, {"label": "🔎 Infos", "url": "https://www.google.com/search?q=Aire%20de%20pique-nique%20Luxembourg"}], "photos": [], "details": {"cadre": "Nature", "equipements": "Poubelle, Banc, Barbecue", "note": "Équipements relevés à proximité immédiate ; la liste peut être incomplète."}}}, {"type": "Feature", "geometry": {"type": "Point", "coordinates": [6.155767, 49.655449]}, "properties": {"id": "lu-aire-0113", "name": "Aire de pique-nique", "theme": "aire-repos", "description": "Aire de pique-nique en pleine nature — poubelle.", "links": [{"label": "🗺️ Source OpenStreetMap (ODbL)", "url": "https://www.openstreetmap.org/node/442330764"}, {"label": "🔎 Infos", "url": "https://www.google.com/search?q=Aire%20de%20pique-nique%20Luxembourg"}], "photos": [], "details": {"cadre": "Nature", "equipements": "Poubelle", "note": "Équipements relevés à proximité immédiate ; la liste peut être incomplète."}}}, {"type": "Feature", "geometry": {"type": "Point", "coordinates": [6.079557, 49.656587]}, "properties": {"id": "lu-aire-0114", "name": "Aire de pique-nique", "theme": "aire-repos", "description": "Aire de pique-nique en pleine nature — toilettes, jeux enfants, banc.", "links": [{"label": "🗺️ Source OpenStreetMap (ODbL)", "url": "https://www.openstreetmap.org/node/878497006"}, {"label": "🔎 Infos", "url": "https://www.google.com/search?q=Aire%20de%20pique-nique%20Luxembourg"}], "photos": [], "details": {"cadre": "Nature", "equipements": "Toilettes, Jeux enfants, Banc", "note": "Équipements relevés à proximité immédiate ; la liste peut être incomplète."}}}, {"type": "Feature", "geometry": {"type": "Point", "coordinates": [6.076952, 49.656759]}, "properties": {"id": "lu-aire-0115", "name": "Aire de pique-nique", "theme": "aire-repos", "description": "Aire de pique-nique en pleine nature — poubelle, banc.", "links": [{"label": "🗺️ Source OpenStreetMap (ODbL)", "url": "https://www.openstreetmap.org/node/1500286016"}, {"label": "🔎 Infos", "url": "https://www.google.com/search?q=Aire%20de%20pique-nique%20Luxembourg"}], "photos": [], "details": {"cadre": "Nature", "equipements": "Poubelle, Banc", "note": "Équipements relevés à proximité immédiate ; la liste peut être incomplète."}}}, {"type": "Feature", "geometry": {"type": "Point", "coordinates": [6.149137, 49.657595]}, "properties": {"id": "lu-aire-0116", "name": "Aire de pique-nique", "theme": "aire-repos", "description": "Aire de pique-nique en pleine nature — barbecue.", "links": [{"label": "🗺️ Source OpenStreetMap (ODbL)", "url": "https://www.openstreetmap.org/node/1380843041"}, {"label": "🔎 Infos", "url": "https://www.google.com/search?q=Aire%20de%20pique-nique%20Luxembourg"}], "photos": [], "details": {"cadre": "Nature", "equipements": "Barbecue", "note": "Équipements relevés à proximité immédiate ; la liste peut être incomplète."}}}, {"type": "Feature", "geometry": {"type": "Point", "coordinates": [6.069074, 49.659885]}, "properties": {"id": "lu-aire-0117", "name": "Aire de pique-nique", "theme": "aire-repos", "description": "Aire de pique-nique en pleine nature — banc.", "links": [{"label": "🗺️ Source OpenStreetMap (ODbL)", "url": "https://www.openstreetmap.org/node/1832114009"}, {"label": "🔎 Infos", "url": "https://www.google.com/search?q=Aire%20de%20pique-nique%20Luxembourg"}], "photos": [], "details": {"cadre": "Nature", "equipements": "Banc", "note": "Équipements relevés à proximité immédiate ; la liste peut être incomplète."}}}, {"type": "Feature", "geometry": {"type": "Point", "coordinates": [6.128968, 49.663347]}, "properties": {"id": "lu-aire-0118", "name": "Aire de pique-nique", "theme": "aire-repos", "description": "Aire de pique-nique en pleine nature — eau potable, poubelle, jeux enfants, banc, barbecue.", "links": [{"label": "🗺️ Source OpenStreetMap (ODbL)", "url": "https://www.openstreetmap.org/node/1699969912"}, {"label": "🔎 Infos", "url": "https://www.google.com/search?q=Aire%20de%20pique-nique%20Luxembourg"}], "photos": [], "details": {"cadre": "Nature", "equipements": "Eau potable, Poubelle, Jeux enfants, Banc, Barbecue", "note": "Équipements relevés à proximité immédiate ; la liste peut être incomplète."}}}, {"type": "Feature", "geometry": {"type": "Point", "coordinates": [6.148103, 49.665673]}, "properties": {"id": "lu-aire-0119", "name": "Aire de pique-nique", "theme": "aire-repos", "description": "Aire de pique-nique en pleine nature — eau potable, poubelle, banc, barbecue.", "links": [{"label": "🗺️ Source OpenStreetMap (ODbL)", "url": "https://www.openstreetmap.org/node/1377741069"}, {"label": "🔎 Infos", "url": "https://www.google.com/search?q=Aire%20de%20pique-nique%20Luxembourg"}], "photos": [], "details": {"cadre": "Nature", "equipements": "Eau potable, Poubelle, Banc, Barbecue", "note": "Équipements relevés à proximité immédiate ; la liste peut être incomplète."}}}, {"type": "Feature", "geometry": {"type": "Point", "coordinates": [6.094137, 49.667937]}, "properties": {"id": "lu-aire-0120", "name": "Aire de pique-nique", "theme": "aire-repos", "description": "Aire de pique-nique en pleine nature — poubelle, banc.", "links": [{"label": "🗺️ Source OpenStreetMap (ODbL)", "url": "https://www.openstreetmap.org/node/8311642425"}, {"label": "🔎 Infos", "url": "https://www.google.com/search?q=Aire%20de%20pique-nique%20Luxembourg"}], "photos": [], "details": {"cadre": "Nature", "equipements": "Poubelle, Banc", "note": "Équipements relevés à proximité immédiate ; la liste peut être incomplète."}}}, {"type": "Feature", "geometry": {"type": "Point", "coordinates": [6.094344, 49.66795]}, "properties": {"id": "lu-aire-0121", "name": "Aire de pique-nique", "theme": "aire-repos", "description": "Aire de pique-nique en pleine nature — poubelle, banc.", "links": [{"label": "🗺️ Source OpenStreetMap (ODbL)", "url": "https://www.openstreetmap.org/node/1723047375"}, {"label": "🔎 Infos", "url": "https://www.google.com/search?q=Aire%20de%20pique-nique%20Luxembourg"}], "photos": [], "details": {"cadre": "Nature", "equipements": "Poubelle, Banc", "note": "Équipements relevés à proximité immédiate ; la liste peut être incomplète."}}}, {"type": "Feature", "geometry": {"type": "Point", "coordinates": [5.956873, 49.669355]}, "properties": {"id": "lu-aire-0122", "name": "Aire de pique-nique", "theme": "aire-repos", "description": "Aire de pique-nique en pleine nature — poubelle.", "links": [{"label": "🗺️ Source OpenStreetMap (ODbL)", "url": "https://www.openstreetmap.org/node/3613069314"}, {"label": "🔎 Infos", "url": "https://www.google.com/search?q=Aire%20de%20pique-nique%20Luxembourg"}], "photos": [], "details": {"cadre": "Nature", "equipements": "Poubelle", "note": "Équipements relevés à proximité immédiate ; la liste peut être incomplète."}}}, {"type": "Feature", "geometry": {"type": "Point", "coordinates": [6.15204, 49.670417]}, "properties": {"id": "lu-aire-0123", "name": "Aire de pique-nique", "theme": "aire-repos", "description": "Aire de pique-nique en pleine nature — banc.", "links": [{"label": "🗺️ Source OpenStreetMap (ODbL)", "url": "https://www.openstreetmap.org/node/2040223697"}, {"label": "🔎 Infos", "url": "https://www.google.com/search?q=Aire%20de%20pique-nique%20Luxembourg"}], "photos": [], "details": {"cadre": "Nature", "equipements": "Banc", "note": "Équipements relevés à proximité immédiate ; la liste peut être incomplète."}}}, {"type": "Feature", "geometry": {"type": "Point", "coordinates": [6.059599, 49.671919]}, "properties": {"id": "lu-aire-0124", "name": "Aire de repos", "theme": "aire-repos", "description": "Aire de repos en bord de route — table.", "links": [{"label": "🗺️ Source OpenStreetMap (ODbL)", "url": "https://www.openstreetmap.org/node/3374407585"}, {"label": "🔎 Infos", "url": "https://www.google.com/search?q=Aire%20de%20repos%20Luxembourg"}], "photos": [], "details": {"cadre": "Bord de route", "equipements": "Table", "note": "Équipements relevés à proximité immédiate ; la liste peut être incomplète."}}}, {"type": "Feature", "geometry": {"type": "Point", "coordinates": [6.101893, 49.672191]}, "properties": {"id": "lu-aire-0125", "name": "Aire de pique-nique", "theme": "aire-repos", "description": "Aire de pique-nique en pleine nature — poubelle.", "links": [{"label": "🗺️ Source OpenStreetMap (ODbL)", "url": "https://www.openstreetmap.org/node/1723047388"}, {"label": "🔎 Infos", "url": "https://www.google.com/search?q=Aire%20de%20pique-nique%20Luxembourg"}], "photos": [], "details": {"cadre": "Nature", "equipements": "Poubelle", "note": "Équipements relevés à proximité immédiate ; la liste peut être incomplète."}}}, {"type": "Feature", "geometry": {"type": "Point", "coordinates": [6.100778, 49.673325]}, "properties": {"id": "lu-aire-0126", "name": "Aire de pique-nique", "theme": "aire-repos", "description": "Aire de pique-nique en pleine nature — banc.", "links": [{"label": "🗺️ Source OpenStreetMap (ODbL)", "url": "https://www.openstreetmap.org/node/5436328883"}, {"label": "🔎 Infos", "url": "https://www.google.com/search?q=Aire%20de%20pique-nique%20Luxembourg"}], "photos": [], "details": {"cadre": "Nature", "equipements": "Banc", "note": "Équipements relevés à proximité immédiate ; la liste peut être incomplète."}}}, {"type": "Feature", "geometry": {"type": "Point", "coordinates": [6.100724, 49.673352]}, "properties": {"id": "lu-aire-0127", "name": "Aire de pique-nique", "theme": "aire-repos", "description": "Aire de pique-nique en pleine nature — banc.", "links": [{"label": "🗺️ Source OpenStreetMap (ODbL)", "url": "https://www.openstreetmap.org/node/1803085251"}, {"label": "🔎 Infos", "url": "https://www.google.com/search?q=Aire%20de%20pique-nique%20Luxembourg"}], "photos": [], "details": {"cadre": "Nature", "equipements": "Banc", "note": "Équipements relevés à proximité immédiate ; la liste peut être incomplète."}}}, {"type": "Feature", "geometry": {"type": "Point", "coordinates": [5.933197, 49.674745]}, "properties": {"id": "lu-aire-0128", "name": "Aire de repos", "theme": "aire-repos", "description": "Aire de repos en bord de route — banc.", "links": [{"label": "🗺️ Source OpenStreetMap (ODbL)", "url": "https://www.openstreetmap.org/node/1745970578"}, {"label": "🔎 Infos", "url": "https://www.google.com/search?q=Aire%20de%20repos%20Luxembourg"}], "photos": [], "details": {"cadre": "Bord de route", "equipements": "Banc", "note": "Équipements relevés à proximité immédiate ; la liste peut être incomplète."}}}, {"type": "Feature", "geometry": {"type": "Point", "coordinates": [6.11045, 49.674799]}, "properties": {"id": "lu-aire-0129", "name": "Aire de pique-nique", "theme": "aire-repos", "description": "Aire de pique-nique en pleine nature — banc.", "links": [{"label": "🗺️ Source OpenStreetMap (ODbL)", "url": "https://www.openstreetmap.org/node/2718005443"}, {"label": "🔎 Infos", "url": "https://www.google.com/search?q=Aire%20de%20pique-nique%20Luxembourg"}], "photos": [], "details": {"cadre": "Nature", "equipements": "Banc", "note": "Équipements relevés à proximité immédiate ; la liste peut être incomplète."}}}, {"type": "Feature", "geometry": {"type": "Point", "coordinates": [6.108521, 49.67518]}, "properties": {"id": "lu-aire-0130", "name": "Aire de pique-nique", "theme": "aire-repos", "description": "Aire de pique-nique en pleine nature — poubelle, banc.", "links": [{"label": "🗺️ Source OpenStreetMap (ODbL)", "url": "https://www.openstreetmap.org/node/1868609304"}, {"label": "🔎 Infos", "url": "https://www.google.com/search?q=Aire%20de%20pique-nique%20Luxembourg"}], "photos": [], "details": {"cadre": "Nature", "equipements": "Poubelle, Banc", "note": "Équipements relevés à proximité immédiate ; la liste peut être incomplète."}}}, {"type": "Feature", "geometry": {"type": "Point", "coordinates": [5.945938, 49.678638]}, "properties": {"id": "lu-aire-0131", "name": "Aire de pique-nique", "theme": "aire-repos", "description": "Aire de pique-nique en pleine nature — poubelle.", "links": [{"label": "🗺️ Source OpenStreetMap (ODbL)", "url": "https://www.openstreetmap.org/node/2535225691"}, {"label": "🔎 Infos", "url": "https://www.google.com/search?q=Aire%20de%20pique-nique%20Luxembourg"}], "photos": [], "details": {"cadre": "Nature", "equipements": "Poubelle", "note": "Équipements relevés à proximité immédiate ; la liste peut être incomplète."}}}, {"type": "Feature", "geometry": {"type": "Point", "coordinates": [6.110634, 49.678867]}, "properties": {"id": "lu-aire-0132", "name": "Aire de pique-nique", "theme": "aire-repos", "description": "Aire de pique-nique en pleine nature — toilettes, table, jeux enfants.", "links": [{"label": "🗺️ Source OpenStreetMap (ODbL)", "url": "https://www.openstreetmap.org/node/1868609355"}, {"label": "🔎 Infos", "url": "https://www.google.com/search?q=Aire%20de%20pique-nique%20Luxembourg"}], "photos": [], "details": {"cadre": "Nature", "equipements": "Toilettes, Table, Jeux enfants", "note": "Équipements relevés à proximité immédiate ; la liste peut être incomplète."}}}, {"type": "Feature", "geometry": {"type": "Point", "coordinates": [6.108776, 49.678869]}, "properties": {"id": "lu-aire-0133", "name": "Aire de pique-nique", "theme": "aire-repos", "description": "Aire de pique-nique en pleine nature — toilettes, table, poubelle, jeux enfants, banc.", "links": [{"label": "🗺️ Source OpenStreetMap (ODbL)", "url": "https://www.openstreetmap.org/node/1868609358"}, {"label": "🔎 Infos", "url": "https://www.google.com/search?q=Aire%20de%20pique-nique%20Luxembourg"}], "photos": [], "details": {"cadre": "Nature", "equipements": "Toilettes, Table, Poubelle, Jeux enfants, Banc", "note": "Équipements relevés à proximité immédiate ; la liste peut être incomplète."}}}, {"type": "Feature", "geometry": {"type": "Point", "coordinates": [6.110968, 49.679302]}, "properties": {"id": "lu-aire-0134", "name": "Aire de pique-nique", "theme": "aire-repos", "description": "Aire de pique-nique en pleine nature — toilettes, table, jeux enfants.", "links": [{"label": "🗺️ Source OpenStreetMap (ODbL)", "url": "https://www.openstreetmap.org/node/1868609369"}, {"label": "🔎 Infos", "url": "https://www.google.com/search?q=Aire%20de%20pique-nique%20Luxembourg"}], "photos": [], "details": {"cadre": "Nature", "equipements": "Toilettes, Table, Jeux enfants", "note": "Équipements relevés à proximité immédiate ; la liste peut être incomplète."}}}, {"type": "Feature", "geometry": {"type": "Point", "coordinates": [6.431211, 49.680293]}, "properties": {"id": "lu-aire-0135", "name": "Grillhütte", "theme": "aire-repos", "description": "Aire de pique-nique en pleine nature — banc, barbecue.", "links": [{"label": "🗺️ Source OpenStreetMap (ODbL)", "url": "https://www.openstreetmap.org/node/368338859"}, {"label": "🔎 Infos", "url": "https://www.google.com/search?q=Grillh%C3%BCtte%20Luxembourg"}], "photos": [], "details": {"cadre": "Nature", "equipements": "Banc, Barbecue", "note": "Équipements relevés à proximité immédiate ; la liste peut être incomplète."}}}, {"type": "Feature", "geometry": {"type": "Point", "coordinates": [6.137336, 49.680626]}, "properties": {"id": "lu-aire-0136", "name": "Aire de pique-nique", "theme": "aire-repos", "description": "Aire de pique-nique en pleine nature — table, poubelle, barbecue.", "links": [{"label": "🗺️ Source OpenStreetMap (ODbL)", "url": "https://www.openstreetmap.org/node/1699970101"}, {"label": "🔎 Infos", "url": "https://www.google.com/search?q=Aire%20de%20pique-nique%20Luxembourg"}], "photos": [], "details": {"cadre": "Nature", "equipements": "Table, Poubelle, Barbecue", "note": "Équipements relevés à proximité immédiate ; la liste peut être incomplète."}}}, {"type": "Feature", "geometry": {"type": "Point", "coordinates": [5.999671, 49.683182]}, "properties": {"id": "lu-aire-0137", "name": "Aire de pique-nique", "theme": "aire-repos", "description": "Aire de pique-nique en pleine nature — poubelle.", "links": [{"label": "🗺️ Source OpenStreetMap (ODbL)", "url": "https://www.openstreetmap.org/node/4298928283"}, {"label": "🔎 Infos", "url": "https://www.google.com/search?q=Aire%20de%20pique-nique%20Luxembourg"}], "photos": [], "details": {"cadre": "Nature", "equipements": "Poubelle", "note": "Équipements relevés à proximité immédiate ; la liste peut être incomplète."}}}, {"type": "Feature", "geometry": {"type": "Point", "coordinates": [6.449474, 49.683765]}, "properties": {"id": "lu-aire-0138", "name": "Aire de pique-nique", "theme": "aire-repos", "description": "Aire de pique-nique en pleine nature — toilettes, poubelle.", "links": [{"label": "🗺️ Source OpenStreetMap (ODbL)", "url": "https://www.openstreetmap.org/node/874114930"}, {"label": "🔎 Infos", "url": "https://www.google.com/search?q=Aire%20de%20pique-nique%20Luxembourg"}], "photos": [], "details": {"cadre": "Nature", "equipements": "Toilettes, Poubelle", "note": "Équipements relevés à proximité immédiate ; la liste peut être incomplète."}}}, {"type": "Feature", "geometry": {"type": "Point", "coordinates": [6.347805, 49.687642]}, "properties": {"id": "lu-aire-0139", "name": "Aire de pique-nique", "theme": "aire-repos", "description": "Aire de pique-nique en pleine nature — poubelle, jeux enfants.", "links": [{"label": "🗺️ Source OpenStreetMap (ODbL)", "url": "https://www.openstreetmap.org/node/1521799926"}, {"label": "🔎 Infos", "url": "https://www.google.com/search?q=Aire%20de%20pique-nique%20Luxembourg"}], "photos": [], "details": {"cadre": "Nature", "equipements": "Poubelle, Jeux enfants", "note": "Équipements relevés à proximité immédiate ; la liste peut être incomplète."}}}, {"type": "Feature", "geometry": {"type": "Point", "coordinates": [6.382318, 49.689821]}, "properties": {"id": "lu-aire-0140", "name": "Aire de repos", "theme": "aire-repos", "description": "Aire de repos en bord de route — banc.", "links": [{"label": "🗺️ Source OpenStreetMap (ODbL)", "url": "https://www.openstreetmap.org/node/1439420222"}, {"label": "🔎 Infos", "url": "https://www.google.com/search?q=Aire%20de%20repos%20Luxembourg"}], "photos": [], "details": {"cadre": "Bord de route", "equipements": "Banc", "note": "Équipements relevés à proximité immédiate ; la liste peut être incomplète."}}}, {"type": "Feature", "geometry": {"type": "Point", "coordinates": [6.030424, 49.693514]}, "properties": {"id": "lu-aire-0141", "name": "Aire de repos", "theme": "aire-repos", "description": "Aire de repos en bord de route — poubelle.", "links": [{"label": "🗺️ Source OpenStreetMap (ODbL)", "url": "https://www.openstreetmap.org/node/1718366853"}, {"label": "🔎 Infos", "url": "https://www.google.com/search?q=Aire%20de%20repos%20Luxembourg"}], "photos": [], "details": {"cadre": "Bord de route", "equipements": "Poubelle", "note": "Équipements relevés à proximité immédiate ; la liste peut être incomplète."}}}, {"type": "Feature", "geometry": {"type": "Point", "coordinates": [6.149978, 49.694071]}, "properties": {"id": "lu-aire-0142", "name": "Aire de pique-nique", "theme": "aire-repos", "description": "Aire de pique-nique en pleine nature — poubelle, banc.", "links": [{"label": "🗺️ Source OpenStreetMap (ODbL)", "url": "https://www.openstreetmap.org/node/4928019657"}, {"label": "🔎 Infos", "url": "https://www.google.com/search?q=Aire%20de%20pique-nique%20Luxembourg"}], "photos": [], "details": {"cadre": "Nature", "equipements": "Poubelle, Banc", "note": "Équipements relevés à proximité immédiate ; la liste peut être incomplète."}}}, {"type": "Feature", "geometry": {"type": "Point", "coordinates": [6.160918, 49.694259]}, "properties": {"id": "lu-aire-0143", "name": "Aire de pique-nique", "theme": "aire-repos", "description": "Aire de pique-nique en pleine nature — table, poubelle.", "links": [{"label": "🗺️ Source OpenStreetMap (ODbL)", "url": "https://www.openstreetmap.org/node/3758353490"}, {"label": "🔎 Infos", "url": "https://www.google.com/search?q=Aire%20de%20pique-nique%20Luxembourg"}], "photos": [], "details": {"cadre": "Nature", "equipements": "Table, Poubelle", "note": "Équipements relevés à proximité immédiate ; la liste peut être incomplète."}}}, {"type": "Feature", "geometry": {"type": "Point", "coordinates": [6.089132, 49.695541]}, "properties": {"id": "lu-aire-0144", "name": "Aire de repos", "theme": "aire-repos", "description": "Aire de repos en bord de route — poubelle.", "links": [{"label": "🗺️ Source OpenStreetMap (ODbL)", "url": "https://www.openstreetmap.org/node/5900184502"}, {"label": "🔎 Infos", "url": "https://www.google.com/search?q=Aire%20de%20repos%20Luxembourg"}], "photos": [], "details": {"cadre": "Bord de route", "equipements": "Poubelle", "note": "Équipements relevés à proximité immédiate ; la liste peut être incomplète."}}}, {"type": "Feature", "geometry": {"type": "Point", "coordinates": [6.135467, 49.696605]}, "properties": {"id": "lu-aire-0145", "name": "Aire de pique-nique", "theme": "aire-repos", "description": "Aire de pique-nique en pleine nature — eau potable, poubelle.", "links": [{"label": "🗺️ Source OpenStreetMap (ODbL)", "url": "https://www.openstreetmap.org/node/1699970163"}, {"label": "🔎 Infos", "url": "https://www.google.com/search?q=Aire%20de%20pique-nique%20Luxembourg"}], "photos": [], "details": {"cadre": "Nature", "equipements": "Eau potable, Poubelle", "note": "Équipements relevés à proximité immédiate ; la liste peut être incomplète."}}}, {"type": "Feature", "geometry": {"type": "Point", "coordinates": [5.902309, 49.703512]}, "properties": {"id": "lu-aire-0146", "name": "Aire de pique-nique", "theme": "aire-repos", "description": "Aire de pique-nique en pleine nature — table, poubelle.", "links": [{"label": "🗺️ Source OpenStreetMap (ODbL)", "url": "https://www.openstreetmap.org/node/7346060347"}, {"label": "🔎 Infos", "url": "https://www.google.com/search?q=Aire%20de%20pique-nique%20Luxembourg"}], "photos": [], "details": {"cadre": "Nature", "equipements": "Table, Poubelle", "note": "Équipements relevés à proximité immédiate ; la liste peut être incomplète."}}}, {"type": "Feature", "geometry": {"type": "Point", "coordinates": [6.436401, 49.70783]}, "properties": {"id": "lu-aire-0147", "name": "Aire de pique-nique", "theme": "aire-repos", "description": "Aire de pique-nique en pleine nature — poubelle.", "links": [{"label": "🗺️ Source OpenStreetMap (ODbL)", "url": "https://www.openstreetmap.org/node/2196489965"}, {"label": "🔎 Infos", "url": "https://www.google.com/search?q=Aire%20de%20pique-nique%20Luxembourg"}], "photos": [], "details": {"cadre": "Nature", "equipements": "Poubelle", "note": "Équipements relevés à proximité immédiate ; la liste peut être incomplète."}}}, {"type": "Feature", "geometry": {"type": "Point", "coordinates": [6.437023, 49.710253]}, "properties": {"id": "lu-aire-0148", "name": "Aire de pique-nique", "theme": "aire-repos", "description": "Aire de pique-nique en pleine nature — poubelle.", "links": [{"label": "🗺️ Source OpenStreetMap (ODbL)", "url": "https://www.openstreetmap.org/node/2196490032"}, {"label": "🔎 Infos", "url": "https://www.google.com/search?q=Aire%20de%20pique-nique%20Luxembourg"}], "photos": [], "details": {"cadre": "Nature", "equipements": "Poubelle", "note": "Équipements relevés à proximité immédiate ; la liste peut être incomplète."}}}, {"type": "Feature", "geometry": {"type": "Point", "coordinates": [6.060503, 49.71075]}, "properties": {"id": "lu-aire-0149", "name": "Aire de repos", "theme": "aire-repos", "description": "Aire de repos en bord de route — table, eau potable, poubelle, banc.", "links": [{"label": "🗺️ Source OpenStreetMap (ODbL)", "url": "https://www.openstreetmap.org/node/1718481430"}, {"label": "🔎 Infos", "url": "https://www.google.com/search?q=Aire%20de%20repos%20Luxembourg"}], "photos": [], "details": {"cadre": "Bord de route", "equipements": "Table, Eau potable, Poubelle, Banc", "note": "Équipements relevés à proximité immédiate ; la liste peut être incomplète."}}}, {"type": "Feature", "geometry": {"type": "Point", "coordinates": [5.921465, 49.711329]}, "properties": {"id": "lu-aire-0150", "name": "Aire de pique-nique", "theme": "aire-repos", "description": "Aire de pique-nique en pleine nature — poubelle.", "links": [{"label": "🗺️ Source OpenStreetMap (ODbL)", "url": "https://www.openstreetmap.org/node/13114524424"}, {"label": "🔎 Infos", "url": "https://www.google.com/search?q=Aire%20de%20pique-nique%20Luxembourg"}], "photos": [], "details": {"cadre": "Nature", "equipements": "Poubelle", "note": "Équipements relevés à proximité immédiate ; la liste peut être incomplète."}}}, {"type": "Feature", "geometry": {"type": "Point", "coordinates": [5.921442, 49.711344]}, "properties": {"id": "lu-aire-0151", "name": "Aire de pique-nique", "theme": "aire-repos", "description": "Aire de pique-nique en pleine nature — poubelle.", "links": [{"label": "🗺️ Source OpenStreetMap (ODbL)", "url": "https://www.openstreetmap.org/node/13114738969"}, {"label": "🔎 Infos", "url": "https://www.google.com/search?q=Aire%20de%20pique-nique%20Luxembourg"}], "photos": [], "details": {"cadre": "Nature", "equipements": "Poubelle", "note": "Équipements relevés à proximité immédiate ; la liste peut être incomplète."}}}, {"type": "Feature", "geometry": {"type": "Point", "coordinates": [6.275281, 49.71549]}, "properties": {"id": "lu-aire-0152", "name": "Aire de pique-nique", "theme": "aire-repos", "description": "Aire de pique-nique en pleine nature — table.", "links": [{"label": "🗺️ Source OpenStreetMap (ODbL)", "url": "https://www.openstreetmap.org/node/12990091054"}, {"label": "🔎 Infos", "url": "https://www.google.com/search?q=Aire%20de%20pique-nique%20Luxembourg"}], "photos": [], "details": {"cadre": "Nature", "equipements": "Table", "note": "Équipements relevés à proximité immédiate ; la liste peut être incomplète."}}}, {"type": "Feature", "geometry": {"type": "Point", "coordinates": [6.076519, 49.720545]}, "properties": {"id": "lu-aire-0153", "name": "Aire de repos", "theme": "aire-repos", "description": "Aire de repos en bord de route — eau potable.", "links": [{"label": "🗺️ Source OpenStreetMap (ODbL)", "url": "https://www.openstreetmap.org/node/4657703800"}, {"label": "🔎 Infos", "url": "https://www.google.com/search?q=Aire%20de%20repos%20Luxembourg"}], "photos": [], "details": {"cadre": "Bord de route", "equipements": "Eau potable", "note": "Équipements relevés à proximité immédiate ; la liste peut être incomplète."}}}, {"type": "Feature", "geometry": {"type": "Point", "coordinates": [6.111812, 49.721909]}, "properties": {"id": "lu-aire-0154", "name": "Aire de pique-nique", "theme": "aire-repos", "description": "Aire de pique-nique en pleine nature — poubelle, barbecue.", "links": [{"label": "🗺️ Source OpenStreetMap (ODbL)", "url": "https://www.openstreetmap.org/node/1877963809"}, {"label": "🔎 Infos", "url": "https://www.google.com/search?q=Aire%20de%20pique-nique%20Luxembourg"}], "photos": [], "details": {"cadre": "Nature", "equipements": "Poubelle, Barbecue", "note": "Équipements relevés à proximité immédiate ; la liste peut être incomplète."}}}, {"type": "Feature", "geometry": {"type": "Point", "coordinates": [6.511654, 49.723646]}, "properties": {"id": "lu-aire-0155", "name": "Aire de repos", "theme": "aire-repos", "description": "Aire de repos en bord de route — table, poubelle.", "links": [{"label": "🗺️ Source OpenStreetMap (ODbL)", "url": "https://www.openstreetmap.org/node/8631949976"}, {"label": "🔎 Infos", "url": "https://www.google.com/search?q=Aire%20de%20repos%20Luxembourg"}], "photos": [], "details": {"cadre": "Bord de route", "equipements": "Table, Poubelle", "note": "Équipements relevés à proximité immédiate ; la liste peut être incomplète."}}}, {"type": "Feature", "geometry": {"type": "Point", "coordinates": [6.121875, 49.723975]}, "properties": {"id": "lu-aire-0156", "name": "Aire de pique-nique", "theme": "aire-repos", "description": "Aire de pique-nique en pleine nature — jeux enfants.", "links": [{"label": "🗺️ Source OpenStreetMap (ODbL)", "url": "https://www.openstreetmap.org/node/10106800370"}, {"label": "🔎 Infos", "url": "https://www.google.com/search?q=Aire%20de%20pique-nique%20Luxembourg"}], "photos": [], "details": {"cadre": "Nature", "equipements": "Jeux enfants", "note": "Équipements relevés à proximité immédiate ; la liste peut être incomplète."}}}, {"type": "Feature", "geometry": {"type": "Point", "coordinates": [6.121859, 49.724008]}, "properties": {"id": "lu-aire-0157", "name": "Aire de pique-nique", "theme": "aire-repos", "description": "Aire de pique-nique en pleine nature — jeux enfants.", "links": [{"label": "🗺️ Source OpenStreetMap (ODbL)", "url": "https://www.openstreetmap.org/node/10106800371"}, {"label": "🔎 Infos", "url": "https://www.google.com/search?q=Aire%20de%20pique-nique%20Luxembourg"}], "photos": [], "details": {"cadre": "Nature", "equipements": "Jeux enfants", "note": "Équipements relevés à proximité immédiate ; la liste peut être incomplète."}}}, {"type": "Feature", "geometry": {"type": "Point", "coordinates": [6.511987, 49.724092]}, "properties": {"id": "lu-aire-0158", "name": "Aire de repos", "theme": "aire-repos", "description": "Aire de repos en bord de route — table, poubelle.", "links": [{"label": "🗺️ Source OpenStreetMap (ODbL)", "url": "https://www.openstreetmap.org/node/4321057864"}, {"label": "🔎 Infos", "url": "https://www.google.com/search?q=Aire%20de%20repos%20Luxembourg"}], "photos": [], "details": {"cadre": "Bord de route", "equipements": "Table, Poubelle", "note": "Équipements relevés à proximité immédiate ; la liste peut être incomplète."}}}, {"type": "Feature", "geometry": {"type": "Point", "coordinates": [6.149658, 49.724926]}, "properties": {"id": "lu-aire-0159", "name": "Aire de pique-nique", "theme": "aire-repos", "description": "Aire de pique-nique en pleine nature — poubelle, banc.", "links": [{"label": "🗺️ Source OpenStreetMap (ODbL)", "url": "https://www.openstreetmap.org/node/6102866476"}, {"label": "🔎 Infos", "url": "https://www.google.com/search?q=Aire%20de%20pique-nique%20Luxembourg"}], "photos": [], "details": {"cadre": "Nature", "equipements": "Poubelle, Banc", "note": "Équipements relevés à proximité immédiate ; la liste peut être incomplète."}}}, {"type": "Feature", "geometry": {"type": "Point", "coordinates": [6.512862, 49.725136]}, "properties": {"id": "lu-aire-0160", "name": "Aire de repos", "theme": "aire-repos", "description": "Aire de repos en bord de route — table.", "links": [{"label": "🗺️ Source OpenStreetMap (ODbL)", "url": "https://www.openstreetmap.org/node/8631950002"}, {"label": "🔎 Infos", "url": "https://www.google.com/search?q=Aire%20de%20repos%20Luxembourg"}], "photos": [], "details": {"cadre": "Bord de route", "equipements": "Table", "note": "Équipements relevés à proximité immédiate ; la liste peut être incomplète."}}}, {"type": "Feature", "geometry": {"type": "Point", "coordinates": [6.1497, 49.725465]}, "properties": {"id": "lu-aire-0161", "name": "Aire de pique-nique", "theme": "aire-repos", "description": "Aire de pique-nique en pleine nature — poubelle, banc.", "links": [{"label": "🗺️ Source OpenStreetMap (ODbL)", "url": "https://www.openstreetmap.org/node/6102866475"}, {"label": "🔎 Infos", "url": "https://www.google.com/search?q=Aire%20de%20pique-nique%20Luxembourg"}], "photos": [], "details": {"cadre": "Nature", "equipements": "Poubelle, Banc", "note": "Équipements relevés à proximité immédiate ; la liste peut être incomplète."}}}, {"type": "Feature", "geometry": {"type": "Point", "coordinates": [6.287919, 49.725475]}, "properties": {"id": "lu-aire-0162", "name": "Aire de pique-nique", "theme": "aire-repos", "description": "Aire de pique-nique en pleine nature — poubelle.", "links": [{"label": "🗺️ Source OpenStreetMap (ODbL)", "url": "https://www.openstreetmap.org/node/1833960596"}, {"label": "🔎 Infos", "url": "https://www.google.com/search?q=Aire%20de%20pique-nique%20Luxembourg"}], "photos": [], "details": {"cadre": "Nature", "equipements": "Poubelle", "note": "Équipements relevés à proximité immédiate ; la liste peut être incomplète."}}}, {"type": "Feature", "geometry": {"type": "Point", "coordinates": [6.50483, 49.726684]}, "properties": {"id": "lu-aire-0163", "name": "Aire de repos", "theme": "aire-repos", "description": "Aire de repos en bord de route — table.", "links": [{"label": "🗺️ Source OpenStreetMap (ODbL)", "url": "https://www.openstreetmap.org/way/967760201"}, {"label": "🔎 Infos", "url": "https://www.google.com/search?q=Aire%20de%20repos%20Luxembourg"}], "photos": [], "details": {"cadre": "Bord de route", "equipements": "Table", "note": "Équipements relevés à proximité immédiate ; la liste peut être incomplète."}}}, {"type": "Feature", "geometry": {"type": "Point", "coordinates": [6.086215, 49.727109]}, "properties": {"id": "lu-aire-0164", "name": "Aire de pique-nique", "theme": "aire-repos", "description": "Aire de pique-nique en pleine nature — toilettes, table, eau potable, banc.", "links": [{"label": "🗺️ Source OpenStreetMap (ODbL)", "url": "https://www.openstreetmap.org/node/354973308"}, {"label": "🔎 Infos", "url": "https://www.google.com/search?q=Aire%20de%20pique-nique%20Luxembourg"}], "photos": [], "details": {"cadre": "Nature", "equipements": "Toilettes, Table, Eau potable, Banc", "note": "Équipements relevés à proximité immédiate ; la liste peut être incomplète."}}}, {"type": "Feature", "geometry": {"type": "Point", "coordinates": [6.490581, 49.727452]}, "properties": {"id": "lu-aire-0165", "name": "Aire de Wasserbillig", "theme": "aire-repos", "description": "Aire de repos en bord de route — toilettes.", "links": [{"label": "🗺️ Source OpenStreetMap (ODbL)", "url": "https://www.openstreetmap.org/way/522400820"}, {"label": "🔎 Infos", "url": "https://www.google.com/search?q=Aire%20de%20Wasserbillig%20Luxembourg"}], "photos": [], "details": {"cadre": "Bord de route", "equipements": "Toilettes", "note": "Équipements relevés à proximité immédiate ; la liste peut être incomplète."}}}, {"type": "Feature", "geometry": {"type": "Point", "coordinates": [6.492271, 49.727795]}, "properties": {"id": "lu-aire-0166", "name": "Aire de Wasserbillig", "theme": "aire-repos", "description": "Aire de repos en bord de route — toilettes, jeux enfants.", "links": [{"label": "🗺️ Source OpenStreetMap (ODbL)", "url": "https://www.openstreetmap.org/way/522400819"}, {"label": "🔎 Infos", "url": "https://www.google.com/search?q=Aire%20de%20Wasserbillig%20Luxembourg"}], "photos": [], "details": {"cadre": "Bord de route", "equipements": "Toilettes, Jeux enfants", "note": "Équipements relevés à proximité immédiate ; la liste peut être incomplète."}}}, {"type": "Feature", "geometry": {"type": "Point", "coordinates": [6.099346, 49.72796]}, "properties": {"id": "lu-aire-0167", "name": "Aire de repos", "theme": "aire-repos", "description": "Aire de repos en bord de route — poubelle, banc.", "links": [{"label": "🗺️ Source OpenStreetMap (ODbL)", "url": "https://www.openstreetmap.org/node/1733420052"}, {"label": "🔎 Infos", "url": "https://www.google.com/search?q=Aire%20de%20repos%20Luxembourg"}], "photos": [], "details": {"cadre": "Bord de route", "equipements": "Poubelle, Banc", "note": "Équipements relevés à proximité immédiate ; la liste peut être incomplète."}}}, {"type": "Feature", "geometry": {"type": "Point", "coordinates": [6.297564, 49.73328]}, "properties": {"id": "lu-aire-0168", "name": "Aire de repos", "theme": "aire-repos", "description": "Aire de repos en bord de route — table, poubelle, banc.", "links": [{"label": "🗺️ Source OpenStreetMap (ODbL)", "url": "https://www.openstreetmap.org/node/1477014586"}, {"label": "🔎 Infos", "url": "https://www.google.com/search?q=Aire%20de%20repos%20Luxembourg"}], "photos": [], "details": {"cadre": "Bord de route", "equipements": "Table, Poubelle, Banc", "note": "Équipements relevés à proximité immédiate ; la liste peut être incomplète."}}}, {"type": "Feature", "geometry": {"type": "Point", "coordinates": [6.296945, 49.733837]}, "properties": {"id": "lu-aire-0169", "name": "Aire de repos", "theme": "aire-repos", "description": "Aire de repos en bord de route — table, poubelle, banc.", "links": [{"label": "🗺️ Source OpenStreetMap (ODbL)", "url": "https://www.openstreetmap.org/node/1477014615"}, {"label": "🔎 Infos", "url": "https://www.google.com/search?q=Aire%20de%20repos%20Luxembourg"}], "photos": [], "details": {"cadre": "Bord de route", "equipements": "Table, Poubelle, Banc", "note": "Équipements relevés à proximité immédiate ; la liste peut être incomplète."}}}, {"type": "Feature", "geometry": {"type": "Point", "coordinates": [6.287177, 49.735096]}, "properties": {"id": "lu-aire-0170", "name": "Aire de pique-nique", "theme": "aire-repos", "description": "Aire de pique-nique en pleine nature — poubelle, banc.", "links": [{"label": "🗺️ Source OpenStreetMap (ODbL)", "url": "https://www.openstreetmap.org/node/2673340728"}, {"label": "🔎 Infos", "url": "https://www.google.com/search?q=Aire%20de%20pique-nique%20Luxembourg"}], "photos": [], "details": {"cadre": "Nature", "equipements": "Poubelle, Banc", "note": "Équipements relevés à proximité immédiate ; la liste peut être incomplète."}}}, {"type": "Feature", "geometry": {"type": "Point", "coordinates": [6.287197, 49.735325]}, "properties": {"id": "lu-aire-0171", "name": "Aire de pique-nique", "theme": "aire-repos", "description": "Aire de pique-nique en pleine nature — poubelle, banc.", "links": [{"label": "🗺️ Source OpenStreetMap (ODbL)", "url": "https://www.openstreetmap.org/node/2673340734"}, {"label": "🔎 Infos", "url": "https://www.google.com/search?q=Aire%20de%20pique-nique%20Luxembourg"}], "photos": [], "details": {"cadre": "Nature", "equipements": "Poubelle, Banc", "note": "Équipements relevés à proximité immédiate ; la liste peut être incomplète."}}}, {"type": "Feature", "geometry": {"type": "Point", "coordinates": [6.287252, 49.735772]}, "properties": {"id": "lu-aire-0172", "name": "Aire de pique-nique", "theme": "aire-repos", "description": "Aire de pique-nique en pleine nature — poubelle, banc.", "links": [{"label": "🗺️ Source OpenStreetMap (ODbL)", "url": "https://www.openstreetmap.org/node/439786333"}, {"label": "🔎 Infos", "url": "https://www.google.com/search?q=Aire%20de%20pique-nique%20Luxembourg"}], "photos": [], "details": {"cadre": "Nature", "equipements": "Poubelle, Banc", "note": "Équipements relevés à proximité immédiate ; la liste peut être incomplète."}}}, {"type": "Feature", "geometry": {"type": "Point", "coordinates": [6.35739, 49.738005]}, "properties": {"id": "lu-aire-0173", "name": "Aire de repos", "theme": "aire-repos", "description": "Aire de repos en bord de route — table.", "links": [{"label": "🗺️ Source OpenStreetMap (ODbL)", "url": "https://www.openstreetmap.org/way/963984409"}, {"label": "🔎 Infos", "url": "https://www.google.com/search?q=Aire%20de%20repos%20Luxembourg"}], "photos": [], "details": {"cadre": "Bord de route", "equipements": "Table", "note": "Équipements relevés à proximité immédiate ; la liste peut être incomplète."}}}, {"type": "Feature", "geometry": {"type": "Point", "coordinates": [6.303078, 49.745051]}, "properties": {"id": "lu-aire-0174", "name": "Rippëger Kopp", "theme": "aire-repos", "description": "Aire de repos en bord de route.", "links": [{"label": "🗺️ Source OpenStreetMap (ODbL)", "url": "https://www.openstreetmap.org/node/1606913990"}, {"label": "🔎 Infos", "url": "https://www.google.com/search?q=Ripp%C3%ABger%20Kopp%20Luxembourg"}], "photos": [], "details": {"cadre": "Bord de route", "note": "Équipements non renseignés pour cette aire."}}}, {"type": "Feature", "geometry": {"type": "Point", "coordinates": [6.183517, 49.746249]}, "properties": {"id": "lu-aire-0175", "name": "Aire de repos", "theme": "aire-repos", "description": "Aire de repos en bord de route — table, poubelle.", "links": [{"label": "🗺️ Source OpenStreetMap (ODbL)", "url": "https://www.openstreetmap.org/way/816882106"}, {"label": "🔎 Infos", "url": "https://www.google.com/search?q=Aire%20de%20repos%20Luxembourg"}], "photos": [], "details": {"cadre": "Bord de route", "equipements": "Table, Poubelle", "note": "Équipements relevés à proximité immédiate ; la liste peut être incomplète."}}}, {"type": "Feature", "geometry": {"type": "Point", "coordinates": [6.107151, 49.746565]}, "properties": {"id": "lu-aire-0176", "name": "Aire de pique-nique", "theme": "aire-repos", "description": "Aire de pique-nique en pleine nature — toilettes, table, poubelle, jeux enfants, banc.", "links": [{"label": "🗺️ Source OpenStreetMap (ODbL)", "url": "https://www.openstreetmap.org/node/5812124611"}, {"label": "🔎 Infos", "url": "https://www.google.com/search?q=Aire%20de%20pique-nique%20Luxembourg"}], "photos": [], "details": {"cadre": "Nature", "equipements": "Toilettes, Table, Poubelle, Jeux enfants, Banc", "note": "Équipements relevés à proximité immédiate ; la liste peut être incomplète."}}}, {"type": "Feature", "geometry": {"type": "Point", "coordinates": [6.230088, 49.746821]}, "properties": {"id": "lu-aire-0177", "name": "Aire de repos", "theme": "aire-repos", "description": "Aire de repos en bord de route — poubelle, banc.", "links": [{"label": "🗺️ Source OpenStreetMap (ODbL)", "url": "https://www.openstreetmap.org/node/1816539467"}, {"label": "🔎 Infos", "url": "https://www.google.com/search?q=Aire%20de%20repos%20Luxembourg"}], "photos": [], "details": {"cadre": "Bord de route", "equipements": "Poubelle, Banc", "note": "Équipements relevés à proximité immédiate ; la liste peut être incomplète."}}}, {"type": "Feature", "geometry": {"type": "Point", "coordinates": [6.229956, 49.746962]}, "properties": {"id": "lu-aire-0178", "name": "Aire de repos", "theme": "aire-repos", "description": "Aire de repos en bord de route — poubelle, banc.", "links": [{"label": "🗺️ Source OpenStreetMap (ODbL)", "url": "https://www.openstreetmap.org/node/1816539472"}, {"label": "🔎 Infos", "url": "https://www.google.com/search?q=Aire%20de%20repos%20Luxembourg"}], "photos": [], "details": {"cadre": "Bord de route", "equipements": "Poubelle, Banc", "note": "Équipements relevés à proximité immédiate ; la liste peut être incomplète."}}}, {"type": "Feature", "geometry": {"type": "Point", "coordinates": [6.107162, 49.747008]}, "properties": {"id": "lu-aire-0179", "name": "Aire de pique-nique", "theme": "aire-repos", "description": "Aire de pique-nique en pleine nature — poubelle, jeux enfants, banc.", "links": [{"label": "🗺️ Source OpenStreetMap (ODbL)", "url": "https://www.openstreetmap.org/node/1705078914"}, {"label": "🔎 Infos", "url": "https://www.google.com/search?q=Aire%20de%20pique-nique%20Luxembourg"}], "photos": [], "details": {"cadre": "Nature", "equipements": "Poubelle, Jeux enfants, Banc", "note": "Équipements relevés à proximité immédiate ; la liste peut être incomplète."}}}, {"type": "Feature", "geometry": {"type": "Point", "coordinates": [6.266167, 49.748659]}, "properties": {"id": "lu-aire-0180", "name": "Aire de repos", "theme": "aire-repos", "description": "Aire de repos en bord de route — table, poubelle.", "links": [{"label": "🗺️ Source OpenStreetMap (ODbL)", "url": "https://www.openstreetmap.org/node/1540215663"}, {"label": "🔎 Infos", "url": "https://www.google.com/search?q=Aire%20de%20repos%20Luxembourg"}], "photos": [], "details": {"cadre": "Bord de route", "equipements": "Table, Poubelle", "note": "Équipements relevés à proximité immédiate ; la liste peut être incomplète."}}}, {"type": "Feature", "geometry": {"type": "Point", "coordinates": [6.212913, 49.757183]}, "properties": {"id": "lu-aire-0181", "name": "Aire de pique-nique", "theme": "aire-repos", "description": "Aire de pique-nique en pleine nature — table.", "links": [{"label": "🗺️ Source OpenStreetMap (ODbL)", "url": "https://www.openstreetmap.org/way/827810451"}, {"label": "🔎 Infos", "url": "https://www.google.com/search?q=Aire%20de%20pique-nique%20Luxembourg"}], "photos": [], "details": {"cadre": "Nature", "equipements": "Table", "note": "Équipements relevés à proximité immédiate ; la liste peut être incomplète."}}}, {"type": "Feature", "geometry": {"type": "Point", "coordinates": [6.350768, 49.762847]}, "properties": {"id": "lu-aire-0182", "name": "Aire de pique-nique", "theme": "aire-repos", "description": "Aire de pique-nique en pleine nature — banc.", "links": [{"label": "🗺️ Source OpenStreetMap (ODbL)", "url": "https://www.openstreetmap.org/node/2310821631"}, {"label": "🔎 Infos", "url": "https://www.google.com/search?q=Aire%20de%20pique-nique%20Luxembourg"}], "photos": [], "details": {"cadre": "Nature", "equipements": "Banc", "note": "Équipements relevés à proximité immédiate ; la liste peut être incomplète."}}}, {"type": "Feature", "geometry": {"type": "Point", "coordinates": [6.350906, 49.762922]}, "properties": {"id": "lu-aire-0183", "name": "Aire de repos", "theme": "aire-repos", "description": "Aire de repos en bord de route — banc.", "links": [{"label": "🗺️ Source OpenStreetMap (ODbL)", "url": "https://www.openstreetmap.org/node/1025523079"}, {"label": "🔎 Infos", "url": "https://www.google.com/search?q=Aire%20de%20repos%20Luxembourg"}], "photos": [], "details": {"cadre": "Bord de route", "equipements": "Banc", "note": "Équipements relevés à proximité immédiate ; la liste peut être incomplète."}}}, {"type": "Feature", "geometry": {"type": "Point", "coordinates": [6.515728, 49.765501]}, "properties": {"id": "lu-aire-0184", "name": "Aire de repos", "theme": "aire-repos", "description": "Aire de repos en bord de route — table, banc.", "links": [{"label": "🗺️ Source OpenStreetMap (ODbL)", "url": "https://www.openstreetmap.org/way/920211095"}, {"label": "🔎 Infos", "url": "https://www.google.com/search?q=Aire%20de%20repos%20Luxembourg"}], "photos": [], "details": {"cadre": "Bord de route", "equipements": "Table, Banc", "note": "Équipements relevés à proximité immédiate ; la liste peut être incomplète."}}}, {"type": "Feature", "geometry": {"type": "Point", "coordinates": [6.189648, 49.770822]}, "properties": {"id": "lu-aire-0185", "name": "Aire de pique-nique", "theme": "aire-repos", "description": "Aire de pique-nique en pleine nature — table, poubelle, banc.", "links": [{"label": "🗺️ Source OpenStreetMap (ODbL)", "url": "https://www.openstreetmap.org/node/1460500109"}, {"label": "🔎 Infos", "url": "https://www.google.com/search?q=Aire%20de%20pique-nique%20Luxembourg"}], "photos": [], "details": {"cadre": "Nature", "equipements": "Table, Poubelle, Banc", "note": "Équipements relevés à proximité immédiate ; la liste peut être incomplète."}}}, {"type": "Feature", "geometry": {"type": "Point", "coordinates": [6.107866, 49.770848]}, "properties": {"id": "lu-aire-0186", "name": "Aire de pique-nique", "theme": "aire-repos", "description": "Aire de pique-nique en pleine nature — eau potable, poubelle, jeux enfants, banc, barbecue.", "links": [{"label": "🗺️ Source OpenStreetMap (ODbL)", "url": "https://www.openstreetmap.org/node/1877964022"}, {"label": "🔎 Infos", "url": "https://www.google.com/search?q=Aire%20de%20pique-nique%20Luxembourg"}], "photos": [], "details": {"cadre": "Nature", "equipements": "Eau potable, Poubelle, Jeux enfants, Banc, Barbecue", "note": "Équipements relevés à proximité immédiate ; la liste peut être incomplète."}}}, {"type": "Feature", "geometry": {"type": "Point", "coordinates": [5.835279, 49.774646]}, "properties": {"id": "lu-aire-0187", "name": "Aire de pique-nique", "theme": "aire-repos", "description": "Aire de pique-nique en pleine nature — table, banc.", "links": [{"label": "🗺️ Source OpenStreetMap (ODbL)", "url": "https://www.openstreetmap.org/way/1081739334"}, {"label": "🔎 Infos", "url": "https://www.google.com/search?q=Aire%20de%20pique-nique%20Luxembourg"}], "photos": [], "details": {"cadre": "Nature", "equipements": "Table, Banc", "note": "Équipements relevés à proximité immédiate ; la liste peut être incomplète."}}}, {"type": "Feature", "geometry": {"type": "Point", "coordinates": [6.218524, 49.777027]}, "properties": {"id": "lu-aire-0188", "name": "Manzelbach", "theme": "aire-repos", "description": "Aire de pique-nique en pleine nature — poubelle, banc.", "links": [{"label": "🗺️ Source OpenStreetMap (ODbL)", "url": "https://www.openstreetmap.org/node/821460227"}, {"label": "🔎 Infos", "url": "https://www.google.com/search?q=Manzelbach%20Luxembourg"}], "photos": [], "details": {"cadre": "Nature", "equipements": "Poubelle, Banc", "note": "Équipements relevés à proximité immédiate ; la liste peut être incomplète."}}}, {"type": "Feature", "geometry": {"type": "Point", "coordinates": [6.218481, 49.777069]}, "properties": {"id": "lu-aire-0189", "name": "Manzenbaach", "theme": "aire-repos", "description": "Aire de pique-nique en pleine nature — poubelle, banc.", "links": [{"label": "🗺️ Source OpenStreetMap (ODbL)", "url": "https://www.openstreetmap.org/node/1460500136"}, {"label": "🔎 Infos", "url": "https://www.google.com/search?q=Manzenbaach%20Luxembourg"}], "photos": [], "details": {"cadre": "Nature", "equipements": "Poubelle, Banc", "note": "Équipements relevés à proximité immédiate ; la liste peut être incomplète."}}}, {"type": "Feature", "geometry": {"type": "Point", "coordinates": [6.332592, 49.779386]}, "properties": {"id": "lu-aire-0190", "name": "Aire de repos", "theme": "aire-repos", "description": "Aire de repos en bord de route — poubelle, banc.", "links": [{"label": "🗺️ Source OpenStreetMap (ODbL)", "url": "https://www.openstreetmap.org/node/4845482909"}, {"label": "🔎 Infos", "url": "https://www.google.com/search?q=Aire%20de%20repos%20Luxembourg"}], "photos": [], "details": {"cadre": "Bord de route", "equipements": "Poubelle, Banc", "note": "Équipements relevés à proximité immédiate ; la liste peut être incomplète."}}}, {"type": "Feature", "geometry": {"type": "Point", "coordinates": [6.383372, 49.784696]}, "properties": {"id": "lu-aire-0191", "name": "Seidemuer", "theme": "aire-repos", "description": "Aire de repos en bord de route.", "links": [{"label": "🗺️ Source OpenStreetMap (ODbL)", "url": "https://www.openstreetmap.org/node/1102578353"}, {"label": "🔎 Infos", "url": "https://www.google.com/search?q=Seidemuer%20Luxembourg"}], "photos": [], "details": {"cadre": "Bord de route", "note": "Équipements non renseignés pour cette aire."}}}, {"type": "Feature", "geometry": {"type": "Point", "coordinates": [6.254931, 49.786263]}, "properties": {"id": "lu-aire-0192", "name": "Aire de repos", "theme": "aire-repos", "description": "Aire de repos en bord de route — table.", "links": [{"label": "🗺️ Source OpenStreetMap (ODbL)", "url": "https://www.openstreetmap.org/node/999096464"}, {"label": "🔎 Infos", "url": "https://www.google.com/search?q=Aire%20de%20repos%20Luxembourg"}], "photos": [], "details": {"cadre": "Bord de route", "equipements": "Table", "note": "Équipements relevés à proximité immédiate ; la liste peut être incomplète."}}}, {"type": "Feature", "geometry": {"type": "Point", "coordinates": [6.206228, 49.78677]}, "properties": {"id": "lu-aire-0193", "name": "Hangelsbour", "theme": "aire-repos", "description": "Aire de pique-nique en pleine nature — table, poubelle.", "links": [{"label": "🗺️ Source OpenStreetMap (ODbL)", "url": "https://www.openstreetmap.org/node/2766848147"}, {"label": "🔎 Infos", "url": "https://www.google.com/search?q=Hangelsbour%20Luxembourg"}], "photos": [], "details": {"cadre": "Nature", "equipements": "Table, Poubelle", "note": "Équipements relevés à proximité immédiate ; la liste peut être incomplète."}}}, {"type": "Feature", "geometry": {"type": "Point", "coordinates": [6.319101, 49.789006]}, "properties": {"id": "lu-aire-0194", "name": "Aire de pique-nique", "theme": "aire-repos", "description": "Aire de pique-nique en pleine nature — poubelle.", "links": [{"label": "🗺️ Source OpenStreetMap (ODbL)", "url": "https://www.openstreetmap.org/node/4384402097"}, {"label": "🔎 Infos", "url": "https://www.google.com/search?q=Aire%20de%20pique-nique%20Luxembourg"}], "photos": [], "details": {"cadre": "Nature", "equipements": "Poubelle", "note": "Équipements relevés à proximité immédiate ; la liste peut être incomplète."}}}, {"type": "Feature", "geometry": {"type": "Point", "coordinates": [6.319001, 49.789009]}, "properties": {"id": "lu-aire-0195", "name": "Aire de pique-nique", "theme": "aire-repos", "description": "Aire de pique-nique en pleine nature — poubelle.", "links": [{"label": "🗺️ Source OpenStreetMap (ODbL)", "url": "https://www.openstreetmap.org/node/4384402096"}, {"label": "🔎 Infos", "url": "https://www.google.com/search?q=Aire%20de%20pique-nique%20Luxembourg"}], "photos": [], "details": {"cadre": "Nature", "equipements": "Poubelle", "note": "Équipements relevés à proximité immédiate ; la liste peut être incomplète."}}}, {"type": "Feature", "geometry": {"type": "Point", "coordinates": [6.305072, 49.789374]}, "properties": {"id": "lu-aire-0196", "name": "Aire de pique-nique", "theme": "aire-repos", "description": "Aire de pique-nique en pleine nature — toilettes, table, poubelle, jeux enfants, banc.", "links": [{"label": "🗺️ Source OpenStreetMap (ODbL)", "url": "https://www.openstreetmap.org/node/9002026067"}, {"label": "🔎 Infos", "url": "https://www.google.com/search?q=Aire%20de%20pique-nique%20Luxembourg"}], "photos": [], "details": {"cadre": "Nature", "equipements": "Toilettes, Table, Poubelle, Jeux enfants, Banc", "note": "Équipements relevés à proximité immédiate ; la liste peut être incomplète."}}}, {"type": "Feature", "geometry": {"type": "Point", "coordinates": [6.305115, 49.789405]}, "properties": {"id": "lu-aire-0197", "name": "Aire de pique-nique", "theme": "aire-repos", "description": "Aire de pique-nique en pleine nature — toilettes, table, poubelle, jeux enfants, banc.", "links": [{"label": "🗺️ Source OpenStreetMap (ODbL)", "url": "https://www.openstreetmap.org/node/9002026068"}, {"label": "🔎 Infos", "url": "https://www.google.com/search?q=Aire%20de%20pique-nique%20Luxembourg"}], "photos": [], "details": {"cadre": "Nature", "equipements": "Toilettes, Table, Poubelle, Jeux enfants, Banc", "note": "Équipements relevés à proximité immédiate ; la liste peut être incomplète."}}}, {"type": "Feature", "geometry": {"type": "Point", "coordinates": [6.305171, 49.789423]}, "properties": {"id": "lu-aire-0198", "name": "Aire de pique-nique", "theme": "aire-repos", "description": "Aire de pique-nique en pleine nature — toilettes, table, poubelle, jeux enfants, banc.", "links": [{"label": "🗺️ Source OpenStreetMap (ODbL)", "url": "https://www.openstreetmap.org/node/3479643497"}, {"label": "🔎 Infos", "url": "https://www.google.com/search?q=Aire%20de%20pique-nique%20Luxembourg"}], "photos": [], "details": {"cadre": "Nature", "equipements": "Toilettes, Table, Poubelle, Jeux enfants, Banc", "note": "Équipements relevés à proximité immédiate ; la liste peut être incomplète."}}}, {"type": "Feature", "geometry": {"type": "Point", "coordinates": [6.504241, 49.790383]}, "properties": {"id": "lu-aire-0199", "name": "Aire de repos", "theme": "aire-repos", "description": "Aire de repos en bord de route — table, poubelle, banc.", "links": [{"label": "🗺️ Source OpenStreetMap (ODbL)", "url": "https://www.openstreetmap.org/node/320477794"}, {"label": "🔎 Infos", "url": "https://www.google.com/search?q=Aire%20de%20repos%20Luxembourg"}], "photos": [], "details": {"cadre": "Bord de route", "equipements": "Table, Poubelle, Banc", "note": "Équipements relevés à proximité immédiate ; la liste peut être incomplète."}}}, {"type": "Feature", "geometry": {"type": "Point", "coordinates": [6.302538, 49.790414]}, "properties": {"id": "lu-aire-0200", "name": "Al Steekaul", "theme": "aire-repos", "description": "Aire de repos en bord de route — table, eau potable, banc.", "links": [{"label": "🗺️ Source OpenStreetMap (ODbL)", "url": "https://www.openstreetmap.org/way/753354336"}, {"label": "🔎 Infos", "url": "https://www.google.com/search?q=Al%20Steekaul%20Luxembourg"}], "photos": [], "details": {"cadre": "Bord de route", "equipements": "Table, Eau potable, Banc", "note": "Équipements relevés à proximité immédiate ; la liste peut être incomplète."}}}, {"type": "Feature", "geometry": {"type": "Point", "coordinates": [6.302524, 49.790464]}, "properties": {"id": "lu-aire-0201", "name": "Aire de pique-nique", "theme": "aire-repos", "description": "Aire de pique-nique en pleine nature — table, eau potable, banc.", "links": [{"label": "🗺️ Source OpenStreetMap (ODbL)", "url": "https://www.openstreetmap.org/node/9732404948"}, {"label": "🔎 Infos", "url": "https://www.google.com/search?q=Aire%20de%20pique-nique%20Luxembourg"}], "photos": [], "details": {"cadre": "Nature", "equipements": "Table, Eau potable, Banc", "note": "Équipements relevés à proximité immédiate ; la liste peut être incomplète."}}}, {"type": "Feature", "geometry": {"type": "Point", "coordinates": [6.374217, 49.790526]}, "properties": {"id": "lu-aire-0202", "name": "Aire de repos", "theme": "aire-repos", "description": "Aire de repos en bord de route — poubelle, banc.", "links": [{"label": "🗺️ Source OpenStreetMap (ODbL)", "url": "https://www.openstreetmap.org/node/5422083953"}, {"label": "🔎 Infos", "url": "https://www.google.com/search?q=Aire%20de%20repos%20Luxembourg"}], "photos": [], "details": {"cadre": "Bord de route", "equipements": "Poubelle, Banc", "note": "Équipements relevés à proximité immédiate ; la liste peut être incomplète."}}}, {"type": "Feature", "geometry": {"type": "Point", "coordinates": [6.370558, 49.794738]}, "properties": {"id": "lu-aire-0203", "name": "Aire de repos", "theme": "aire-repos", "description": "Aire de repos en bord de route — table, banc.", "links": [{"label": "🗺️ Source OpenStreetMap (ODbL)", "url": "https://www.openstreetmap.org/node/1703221791"}, {"label": "🔎 Infos", "url": "https://www.google.com/search?q=Aire%20de%20repos%20Luxembourg"}], "photos": [], "details": {"cadre": "Bord de route", "equipements": "Table, Banc", "note": "Équipements relevés à proximité immédiate ; la liste peut être incomplète."}}}, {"type": "Feature", "geometry": {"type": "Point", "coordinates": [6.414637, 49.79531]}, "properties": {"id": "lu-aire-0204", "name": "Aire de pique-nique", "theme": "aire-repos", "description": "Aire de pique-nique en pleine nature — toilettes, jeux enfants, banc.", "links": [{"label": "🗺️ Source OpenStreetMap (ODbL)", "url": "https://www.openstreetmap.org/node/4095085670"}, {"label": "🔎 Infos", "url": "https://www.google.com/search?q=Aire%20de%20pique-nique%20Luxembourg"}], "photos": [], "details": {"cadre": "Nature", "equipements": "Toilettes, Jeux enfants, Banc", "note": "Équipements relevés à proximité immédiate ; la liste peut être incomplète."}}}, {"type": "Feature", "geometry": {"type": "Point", "coordinates": [6.121281, 49.796136]}, "properties": {"id": "lu-aire-0205", "name": "Aire de pique-nique", "theme": "aire-repos", "description": "Aire de pique-nique en pleine nature — poubelle, banc.", "links": [{"label": "🗺️ Source OpenStreetMap (ODbL)", "url": "https://www.openstreetmap.org/node/1864915497"}, {"label": "🔎 Infos", "url": "https://www.google.com/search?q=Aire%20de%20pique-nique%20Luxembourg"}], "photos": [], "details": {"cadre": "Nature", "equipements": "Poubelle, Banc", "note": "Équipements relevés à proximité immédiate ; la liste peut être incomplète."}}}, {"type": "Feature", "geometry": {"type": "Point", "coordinates": [6.384927, 49.796243]}, "properties": {"id": "lu-aire-0206", "name": "Aire de pique-nique", "theme": "aire-repos", "description": "Aire de pique-nique en pleine nature — table, poubelle.", "links": [{"label": "🗺️ Source OpenStreetMap (ODbL)", "url": "https://www.openstreetmap.org/node/11075718411"}, {"label": "🔎 Infos", "url": "https://www.google.com/search?q=Aire%20de%20pique-nique%20Luxembourg"}], "photos": [], "details": {"cadre": "Nature", "equipements": "Table, Poubelle", "note": "Équipements relevés à proximité immédiate ; la liste peut être incomplète."}}}, {"type": "Feature", "geometry": {"type": "Point", "coordinates": [6.120427, 49.796274]}, "properties": {"id": "lu-aire-0207", "name": "Aire de pique-nique", "theme": "aire-repos", "description": "Aire de pique-nique en pleine nature — poubelle, banc.", "links": [{"label": "🗺️ Source OpenStreetMap (ODbL)", "url": "https://www.openstreetmap.org/node/1864915509"}, {"label": "🔎 Infos", "url": "https://www.google.com/search?q=Aire%20de%20pique-nique%20Luxembourg"}], "photos": [], "details": {"cadre": "Nature", "equipements": "Poubelle, Banc", "note": "Équipements relevés à proximité immédiate ; la liste peut être incomplète."}}}, {"type": "Feature", "geometry": {"type": "Point", "coordinates": [6.052529, 49.797478]}, "properties": {"id": "lu-aire-0208", "name": "Aire de pique-nique", "theme": "aire-repos", "description": "Aire de pique-nique en pleine nature — toilettes, table, poubelle, jeux enfants, banc, abri.", "links": [{"label": "🗺️ Source OpenStreetMap (ODbL)", "url": "https://www.openstreetmap.org/node/1832600987"}, {"label": "🔎 Infos", "url": "https://www.google.com/search?q=Aire%20de%20pique-nique%20Luxembourg"}], "photos": [], "details": {"cadre": "Nature", "equipements": "Toilettes, Table, Poubelle, Jeux enfants, Banc, Abri", "note": "Équipements relevés à proximité immédiate ; la liste peut être incomplète."}}}, {"type": "Feature", "geometry": {"type": "Point", "coordinates": [6.508895, 49.799166]}, "properties": {"id": "lu-aire-0209", "name": "Aire de repos", "theme": "aire-repos", "description": "Aire de repos en bord de route — table, banc.", "links": [{"label": "🗺️ Source OpenStreetMap (ODbL)", "url": "https://www.openstreetmap.org/way/80400831"}, {"label": "🔎 Infos", "url": "https://www.google.com/search?q=Aire%20de%20repos%20Luxembourg"}], "photos": [], "details": {"cadre": "Bord de route", "equipements": "Table, Banc", "note": "Équipements relevés à proximité immédiate ; la liste peut être incomplète."}}}, {"type": "Feature", "geometry": {"type": "Point", "coordinates": [6.134758, 49.799521]}, "properties": {"id": "lu-aire-0210", "name": "Aire de pique-nique", "theme": "aire-repos", "description": "Aire de pique-nique en pleine nature — poubelle, jeux enfants, banc.", "links": [{"label": "🗺️ Source OpenStreetMap (ODbL)", "url": "https://www.openstreetmap.org/node/1864915650"}, {"label": "🔎 Infos", "url": "https://www.google.com/search?q=Aire%20de%20pique-nique%20Luxembourg"}], "photos": [], "details": {"cadre": "Nature", "equipements": "Poubelle, Jeux enfants, Banc", "note": "Équipements relevés à proximité immédiate ; la liste peut être incomplète."}}}, {"type": "Feature", "geometry": {"type": "Point", "coordinates": [6.152871, 49.799787]}, "properties": {"id": "lu-aire-0211", "name": "Aire de pique-nique", "theme": "aire-repos", "description": "Aire de pique-nique en pleine nature — poubelle.", "links": [{"label": "🗺️ Source OpenStreetMap (ODbL)", "url": "https://www.openstreetmap.org/node/7902903963"}, {"label": "🔎 Infos", "url": "https://www.google.com/search?q=Aire%20de%20pique-nique%20Luxembourg"}], "photos": [], "details": {"cadre": "Nature", "equipements": "Poubelle", "note": "Équipements relevés à proximité immédiate ; la liste peut être incomplète."}}}, {"type": "Feature", "geometry": {"type": "Point", "coordinates": [6.174114, 49.799809]}, "properties": {"id": "lu-aire-0212", "name": "Aire de pique-nique", "theme": "aire-repos", "description": "Aire de pique-nique en pleine nature — poubelle.", "links": [{"label": "🗺️ Source OpenStreetMap (ODbL)", "url": "https://www.openstreetmap.org/node/2128915538"}, {"label": "🔎 Infos", "url": "https://www.google.com/search?q=Aire%20de%20pique-nique%20Luxembourg"}], "photos": [], "details": {"cadre": "Nature", "equipements": "Poubelle", "note": "Équipements relevés à proximité immédiate ; la liste peut être incomplète."}}}, {"type": "Feature", "geometry": {"type": "Point", "coordinates": [6.134853, 49.800058]}, "properties": {"id": "lu-aire-0213", "name": "Aire de pique-nique", "theme": "aire-repos", "description": "Aire de pique-nique en pleine nature — poubelle, jeux enfants.", "links": [{"label": "🗺️ Source OpenStreetMap (ODbL)", "url": "https://www.openstreetmap.org/node/1864915689"}, {"label": "🔎 Infos", "url": "https://www.google.com/search?q=Aire%20de%20pique-nique%20Luxembourg"}], "photos": [], "details": {"cadre": "Nature", "equipements": "Poubelle, Jeux enfants", "note": "Équipements relevés à proximité immédiate ; la liste peut être incomplète."}}}, {"type": "Feature", "geometry": {"type": "Point", "coordinates": [6.129786, 49.802245]}, "properties": {"id": "lu-aire-0214", "name": "Bei der Bomm", "theme": "aire-repos", "description": "Aire de pique-nique en pleine nature — poubelle.", "links": [{"label": "🗺️ Source OpenStreetMap (ODbL)", "url": "https://www.openstreetmap.org/node/793701304"}, {"label": "🔎 Infos", "url": "https://www.google.com/search?q=Bei%20der%20Bomm%20Luxembourg"}], "photos": [], "details": {"cadre": "Nature", "equipements": "Poubelle", "note": "Équipements relevés à proximité immédiate ; la liste peut être incomplète."}}}, {"type": "Feature", "geometry": {"type": "Point", "coordinates": [6.129786, 49.802245]}, "properties": {"id": "lu-aire-0215", "name": "Bei der Bomm", "theme": "aire-repos", "description": "Aire de repos en bord de route — poubelle.", "links": [{"label": "🗺️ Source OpenStreetMap (ODbL)", "url": "https://www.openstreetmap.org/node/793701304"}, {"label": "🔎 Infos", "url": "https://www.google.com/search?q=Bei%20der%20Bomm%20Luxembourg"}], "photos": [], "details": {"cadre": "Bord de route", "equipements": "Poubelle", "note": "Équipements relevés à proximité immédiate ; la liste peut être incomplète."}}}, {"type": "Feature", "geometry": {"type": "Point", "coordinates": [5.764104, 49.815064]}, "properties": {"id": "lu-aire-0216", "name": "Aire de repos", "theme": "aire-repos", "description": "Aire de repos en bord de route — table.", "links": [{"label": "🗺️ Source OpenStreetMap (ODbL)", "url": "https://www.openstreetmap.org/node/1041537150"}, {"label": "🔎 Infos", "url": "https://www.google.com/search?q=Aire%20de%20repos%20Luxembourg"}], "photos": [], "details": {"cadre": "Bord de route", "equipements": "Table", "note": "Équipements relevés à proximité immédiate ; la liste peut être incomplète."}}}, {"type": "Feature", "geometry": {"type": "Point", "coordinates": [6.402533, 49.815665]}, "properties": {"id": "lu-aire-0217", "name": "Aire de pique-nique", "theme": "aire-repos", "description": "Aire de pique-nique en pleine nature — poubelle, banc.", "links": [{"label": "🗺️ Source OpenStreetMap (ODbL)", "url": "https://www.openstreetmap.org/node/4424918610"}, {"label": "🔎 Infos", "url": "https://www.google.com/search?q=Aire%20de%20pique-nique%20Luxembourg"}], "photos": [], "details": {"cadre": "Nature", "equipements": "Poubelle, Banc", "note": "Équipements relevés à proximité immédiate ; la liste peut être incomplète."}}}, {"type": "Feature", "geometry": {"type": "Point", "coordinates": [6.369762, 49.817664]}, "properties": {"id": "lu-aire-0218", "name": "Aire de repos", "theme": "aire-repos", "description": "Aire de repos en bord de route — poubelle.", "links": [{"label": "🗺️ Source OpenStreetMap (ODbL)", "url": "https://www.openstreetmap.org/node/5596732324"}, {"label": "🔎 Infos", "url": "https://www.google.com/search?q=Aire%20de%20repos%20Luxembourg"}], "photos": [], "details": {"cadre": "Bord de route", "equipements": "Poubelle", "note": "Équipements relevés à proximité immédiate ; la liste peut être incomplète."}}}, {"type": "Feature", "geometry": {"type": "Point", "coordinates": [6.368558, 49.817669]}, "properties": {"id": "lu-aire-0219", "name": "Aire de pique-nique", "theme": "aire-repos", "description": "Aire de pique-nique en pleine nature — poubelle.", "links": [{"label": "🗺️ Source OpenStreetMap (ODbL)", "url": "https://www.openstreetmap.org/node/1718033924"}, {"label": "🔎 Infos", "url": "https://www.google.com/search?q=Aire%20de%20pique-nique%20Luxembourg"}], "photos": [], "details": {"cadre": "Nature", "equipements": "Poubelle", "note": "Équipements relevés à proximité immédiate ; la liste peut être incomplète."}}}, {"type": "Feature", "geometry": {"type": "Point", "coordinates": [6.466667, 49.820092]}, "properties": {"id": "lu-aire-0220", "name": "Aire de repos", "theme": "aire-repos", "description": "Aire de repos en bord de route — poubelle.", "links": [{"label": "🗺️ Source OpenStreetMap (ODbL)", "url": "https://www.openstreetmap.org/node/277445730"}, {"label": "🔎 Infos", "url": "https://www.google.com/search?q=Aire%20de%20repos%20Luxembourg"}], "photos": [], "details": {"cadre": "Bord de route", "equipements": "Poubelle", "note": "Équipements relevés à proximité immédiate ; la liste peut être incomplète."}}}, {"type": "Feature", "geometry": {"type": "Point", "coordinates": [6.195049, 49.820188]}, "properties": {"id": "lu-aire-0221", "name": "Aire de repos", "theme": "aire-repos", "description": "Aire de repos en bord de route — banc.", "links": [{"label": "🗺️ Source OpenStreetMap (ODbL)", "url": "https://www.openstreetmap.org/way/121108825"}, {"label": "🔎 Infos", "url": "https://www.google.com/search?q=Aire%20de%20repos%20Luxembourg"}], "photos": [], "details": {"cadre": "Bord de route", "equipements": "Banc", "note": "Équipements relevés à proximité immédiate ; la liste peut être incomplète."}}}, {"type": "Feature", "geometry": {"type": "Point", "coordinates": [6.397355, 49.821908]}, "properties": {"id": "lu-aire-0222", "name": "Aire de repos", "theme": "aire-repos", "description": "Aire de repos en bord de route — table, banc.", "links": [{"label": "🗺️ Source OpenStreetMap (ODbL)", "url": "https://www.openstreetmap.org/node/6518533385"}, {"label": "🔎 Infos", "url": "https://www.google.com/search?q=Aire%20de%20repos%20Luxembourg"}], "photos": [], "details": {"cadre": "Bord de route", "equipements": "Table, Banc", "note": "Équipements relevés à proximité immédiate ; la liste peut être incomplète."}}}, {"type": "Feature", "geometry": {"type": "Point", "coordinates": [6.296411, 49.82405]}, "properties": {"id": "lu-aire-0223", "name": "Aire de pique-nique", "theme": "aire-repos", "description": "Aire de pique-nique en pleine nature — table, banc.", "links": [{"label": "🗺️ Source OpenStreetMap (ODbL)", "url": "https://www.openstreetmap.org/node/3478142139"}, {"label": "🔎 Infos", "url": "https://www.google.com/search?q=Aire%20de%20pique-nique%20Luxembourg"}], "photos": [], "details": {"cadre": "Nature", "equipements": "Table, Banc", "note": "Équipements relevés à proximité immédiate ; la liste peut être incomplète."}}}, {"type": "Feature", "geometry": {"type": "Point", "coordinates": [6.341481, 49.827095]}, "properties": {"id": "lu-aire-0224", "name": "Aire de pique-nique", "theme": "aire-repos", "description": "Aire de pique-nique en pleine nature — toilettes, table, eau potable, jeux enfants.", "links": [{"label": "🗺️ Source OpenStreetMap (ODbL)", "url": "https://www.openstreetmap.org/node/13003871572"}, {"label": "🔎 Infos", "url": "https://www.google.com/search?q=Aire%20de%20pique-nique%20Luxembourg"}], "photos": [], "details": {"cadre": "Nature", "equipements": "Toilettes, Table, Eau potable, Jeux enfants", "note": "Équipements relevés à proximité immédiate ; la liste peut être incomplète."}}}, {"type": "Feature", "geometry": {"type": "Point", "coordinates": [6.341982, 49.827251]}, "properties": {"id": "lu-aire-0225", "name": "Aire de pique-nique", "theme": "aire-repos", "description": "Aire de pique-nique en pleine nature — toilettes, table, eau potable, jeux enfants.", "links": [{"label": "🗺️ Source OpenStreetMap (ODbL)", "url": "https://www.openstreetmap.org/way/362559260"}, {"label": "🔎 Infos", "url": "https://www.google.com/search?q=Aire%20de%20pique-nique%20Luxembourg"}], "photos": [], "details": {"cadre": "Nature", "equipements": "Toilettes, Table, Eau potable, Jeux enfants", "note": "Équipements relevés à proximité immédiate ; la liste peut être incomplète."}}}, {"type": "Feature", "geometry": {"type": "Point", "coordinates": [6.290798, 49.831417]}, "properties": {"id": "lu-aire-0226", "name": "Aire de pique-nique", "theme": "aire-repos", "description": "Aire de pique-nique en pleine nature — poubelle.", "links": [{"label": "🗺️ Source OpenStreetMap (ODbL)", "url": "https://www.openstreetmap.org/node/2957792530"}, {"label": "🔎 Infos", "url": "https://www.google.com/search?q=Aire%20de%20pique-nique%20Luxembourg"}], "photos": [], "details": {"cadre": "Nature", "equipements": "Poubelle", "note": "Équipements relevés à proximité immédiate ; la liste peut être incomplète."}}}, {"type": "Feature", "geometry": {"type": "Point", "coordinates": [6.290777, 49.831492]}, "properties": {"id": "lu-aire-0227", "name": "Aire de repos", "theme": "aire-repos", "description": "Aire de repos en bord de route — poubelle.", "links": [{"label": "🗺️ Source OpenStreetMap (ODbL)", "url": "https://www.openstreetmap.org/node/2825012942"}, {"label": "🔎 Infos", "url": "https://www.google.com/search?q=Aire%20de%20repos%20Luxembourg"}], "photos": [], "details": {"cadre": "Bord de route", "equipements": "Poubelle", "note": "Équipements relevés à proximité immédiate ; la liste peut être incomplète."}}}, {"type": "Feature", "geometry": {"type": "Point", "coordinates": [6.232705, 49.836077]}, "properties": {"id": "lu-aire-0228", "name": "Aire de pique-nique", "theme": "aire-repos", "description": "Aire de pique-nique en pleine nature — table, banc.", "links": [{"label": "🗺️ Source OpenStreetMap (ODbL)", "url": "https://www.openstreetmap.org/node/1155359640"}, {"label": "🔎 Infos", "url": "https://www.google.com/search?q=Aire%20de%20pique-nique%20Luxembourg"}], "photos": [], "details": {"cadre": "Nature", "equipements": "Table, Banc", "note": "Équipements relevés à proximité immédiate ; la liste peut être incomplète."}}}, {"type": "Feature", "geometry": {"type": "Point", "coordinates": [6.316511, 49.837703]}, "properties": {"id": "lu-aire-0229", "name": "Aire de pique-nique", "theme": "aire-repos", "description": "Aire de pique-nique en pleine nature — banc.", "links": [{"label": "🗺️ Source OpenStreetMap (ODbL)", "url": "https://www.openstreetmap.org/node/2966710110"}, {"label": "🔎 Infos", "url": "https://www.google.com/search?q=Aire%20de%20pique-nique%20Luxembourg"}], "photos": [], "details": {"cadre": "Nature", "equipements": "Banc", "note": "Équipements relevés à proximité immédiate ; la liste peut être incomplète."}}}, {"type": "Feature", "geometry": {"type": "Point", "coordinates": [5.784007, 49.838127]}, "properties": {"id": "lu-aire-0230", "name": "Aire de repos", "theme": "aire-repos", "description": "Aire de repos en bord de route — poubelle.", "links": [{"label": "🗺️ Source OpenStreetMap (ODbL)", "url": "https://www.openstreetmap.org/node/3699541172"}, {"label": "🔎 Infos", "url": "https://www.google.com/search?q=Aire%20de%20repos%20Luxembourg"}], "photos": [], "details": {"cadre": "Bord de route", "equipements": "Poubelle", "note": "Équipements relevés à proximité immédiate ; la liste peut être incomplète."}}}, {"type": "Feature", "geometry": {"type": "Point", "coordinates": [6.3075, 49.840998]}, "properties": {"id": "lu-aire-0231", "name": "Aire de pique-nique", "theme": "aire-repos", "description": "Aire de pique-nique en pleine nature — table, poubelle.", "links": [{"label": "🗺️ Source OpenStreetMap (ODbL)", "url": "https://www.openstreetmap.org/way/518853759"}, {"label": "🔎 Infos", "url": "https://www.google.com/search?q=Aire%20de%20pique-nique%20Luxembourg"}], "photos": [], "details": {"cadre": "Nature", "equipements": "Table, Poubelle", "note": "Équipements relevés à proximité immédiate ; la liste peut être incomplète."}}}, {"type": "Feature", "geometry": {"type": "Point", "coordinates": [6.231653, 49.843262]}, "properties": {"id": "lu-aire-0232", "name": "Aire de pique-nique", "theme": "aire-repos", "description": "Aire de pique-nique en pleine nature — poubelle.", "links": [{"label": "🗺️ Source OpenStreetMap (ODbL)", "url": "https://www.openstreetmap.org/node/2580941379"}, {"label": "🔎 Infos", "url": "https://www.google.com/search?q=Aire%20de%20pique-nique%20Luxembourg"}], "photos": [], "details": {"cadre": "Nature", "equipements": "Poubelle", "note": "Équipements relevés à proximité immédiate ; la liste peut être incomplète."}}}, {"type": "Feature", "geometry": {"type": "Point", "coordinates": [6.301015, 49.843289]}, "properties": {"id": "lu-aire-0233", "name": "Bibich", "theme": "aire-repos", "description": "Aire de pique-nique en pleine nature — table, poubelle, banc.", "links": [{"label": "🗺️ Source OpenStreetMap (ODbL)", "url": "https://www.openstreetmap.org/way/1530627439"}, {"label": "🔎 Infos", "url": "https://www.google.com/search?q=Bibich%20Luxembourg"}], "photos": [], "details": {"cadre": "Nature", "equipements": "Table, Poubelle, Banc", "note": "Équipements relevés à proximité immédiate ; la liste peut être incomplète."}}}, {"type": "Feature", "geometry": {"type": "Point", "coordinates": [6.256702, 49.846615]}, "properties": {"id": "lu-aire-0234", "name": "Aire de pique-nique", "theme": "aire-repos", "description": "Aire de pique-nique en pleine nature — table, poubelle.", "links": [{"label": "🗺️ Source OpenStreetMap (ODbL)", "url": "https://www.openstreetmap.org/node/7926146191"}, {"label": "🔎 Infos", "url": "https://www.google.com/search?q=Aire%20de%20pique-nique%20Luxembourg"}], "photos": [], "details": {"cadre": "Nature", "equipements": "Table, Poubelle", "note": "Équipements relevés à proximité immédiate ; la liste peut être incomplète."}}}, {"type": "Feature", "geometry": {"type": "Point", "coordinates": [6.354507, 49.849794]}, "properties": {"id": "lu-aire-0235", "name": "Aire de repos", "theme": "aire-repos", "description": "Aire de repos en bord de route — table, poubelle.", "links": [{"label": "🗺️ Source OpenStreetMap (ODbL)", "url": "https://www.openstreetmap.org/way/971594566"}, {"label": "🔎 Infos", "url": "https://www.google.com/search?q=Aire%20de%20repos%20Luxembourg"}], "photos": [], "details": {"cadre": "Bord de route", "equipements": "Table, Poubelle", "note": "Équipements relevés à proximité immédiate ; la liste peut être incomplète."}}}, {"type": "Feature", "geometry": {"type": "Point", "coordinates": [6.274966, 49.856691]}, "properties": {"id": "lu-aire-0236", "name": "Aire de repos", "theme": "aire-repos", "description": "Aire de repos en bord de route — poubelle, banc.", "links": [{"label": "🗺️ Source OpenStreetMap (ODbL)", "url": "https://www.openstreetmap.org/node/2518347886"}, {"label": "🔎 Infos", "url": "https://www.google.com/search?q=Aire%20de%20repos%20Luxembourg"}], "photos": [], "details": {"cadre": "Bord de route", "equipements": "Poubelle, Banc", "note": "Équipements relevés à proximité immédiate ; la liste peut être incomplète."}}}, {"type": "Feature", "geometry": {"type": "Point", "coordinates": [6.159114, 49.861348]}, "properties": {"id": "lu-aire-0237", "name": "Aire de repos", "theme": "aire-repos", "description": "Aire de repos en bord de route — poubelle, banc.", "links": [{"label": "🗺️ Source OpenStreetMap (ODbL)", "url": "https://www.openstreetmap.org/way/1214892317"}, {"label": "🔎 Infos", "url": "https://www.google.com/search?q=Aire%20de%20repos%20Luxembourg"}], "photos": [], "details": {"cadre": "Bord de route", "equipements": "Poubelle, Banc", "note": "Équipements relevés à proximité immédiate ; la liste peut être incomplète."}}}, {"type": "Feature", "geometry": {"type": "Point", "coordinates": [5.933615, 49.864772]}, "properties": {"id": "lu-aire-0238", "name": "Aire de repos", "theme": "aire-repos", "description": "Aire de repos en bord de route — poubelle.", "links": [{"label": "🗺️ Source OpenStreetMap (ODbL)", "url": "https://www.openstreetmap.org/node/1137667666"}, {"label": "🔎 Infos", "url": "https://www.google.com/search?q=Aire%20de%20repos%20Luxembourg"}], "photos": [], "details": {"cadre": "Bord de route", "equipements": "Poubelle", "note": "Équipements relevés à proximité immédiate ; la liste peut être incomplète."}}}, {"type": "Feature", "geometry": {"type": "Point", "coordinates": [5.83236, 49.865766]}, "properties": {"id": "lu-aire-0239", "name": "Aire de repos", "theme": "aire-repos", "description": "Aire de repos en bord de route — table, eau potable.", "links": [{"label": "🗺️ Source OpenStreetMap (ODbL)", "url": "https://www.openstreetmap.org/node/1366682064"}, {"label": "🔎 Infos", "url": "https://www.google.com/search?q=Aire%20de%20repos%20Luxembourg"}], "photos": [], "details": {"cadre": "Bord de route", "equipements": "Table, Eau potable", "note": "Équipements relevés à proximité immédiate ; la liste peut être incomplète."}}}, {"type": "Feature", "geometry": {"type": "Point", "coordinates": [6.258213, 49.866111]}, "properties": {"id": "lu-aire-0240", "name": "Aire de pique-nique", "theme": "aire-repos", "description": "Aire de pique-nique en pleine nature — poubelle.", "links": [{"label": "🗺️ Source OpenStreetMap (ODbL)", "url": "https://www.openstreetmap.org/node/5248894887"}, {"label": "🔎 Infos", "url": "https://www.google.com/search?q=Aire%20de%20pique-nique%20Luxembourg"}], "photos": [], "details": {"cadre": "Nature", "equipements": "Poubelle", "note": "Équipements relevés à proximité immédiate ; la liste peut être incomplète."}}}, {"type": "Feature", "geometry": {"type": "Point", "coordinates": [5.838426, 49.866893]}, "properties": {"id": "lu-aire-0241", "name": "Aire de pique-nique", "theme": "aire-repos", "description": "Aire de pique-nique en pleine nature — table, poubelle, banc.", "links": [{"label": "🗺️ Source OpenStreetMap (ODbL)", "url": "https://www.openstreetmap.org/way/757268625"}, {"label": "🔎 Infos", "url": "https://www.google.com/search?q=Aire%20de%20pique-nique%20Luxembourg"}], "photos": [], "details": {"cadre": "Nature", "equipements": "Table, Poubelle, Banc", "note": "Équipements relevés à proximité immédiate ; la liste peut être incomplète."}}}, {"type": "Feature", "geometry": {"type": "Point", "coordinates": [6.260245, 49.867042]}, "properties": {"id": "lu-aire-0242", "name": "Aire de pique-nique", "theme": "aire-repos", "description": "Aire de pique-nique en pleine nature — banc.", "links": [{"label": "🗺️ Source OpenStreetMap (ODbL)", "url": "https://www.openstreetmap.org/node/5248894896"}, {"label": "🔎 Infos", "url": "https://www.google.com/search?q=Aire%20de%20pique-nique%20Luxembourg"}], "photos": [], "details": {"cadre": "Nature", "equipements": "Banc", "note": "Équipements relevés à proximité immédiate ; la liste peut être incomplète."}}}, {"type": "Feature", "geometry": {"type": "Point", "coordinates": [6.291215, 49.871047]}, "properties": {"id": "lu-aire-0243", "name": "Aire de repos", "theme": "aire-repos", "description": "Aire de repos en bord de route — poubelle.", "links": [{"label": "🗺️ Source OpenStreetMap (ODbL)", "url": "https://www.openstreetmap.org/node/2725908270"}, {"label": "🔎 Infos", "url": "https://www.google.com/search?q=Aire%20de%20repos%20Luxembourg"}], "photos": [], "details": {"cadre": "Bord de route", "equipements": "Poubelle", "note": "Équipements relevés à proximité immédiate ; la liste peut être incomplète."}}}, {"type": "Feature", "geometry": {"type": "Point", "coordinates": [5.808221, 49.871797]}, "properties": {"id": "lu-aire-0244", "name": "Aire de pique-nique", "theme": "aire-repos", "description": "Aire de pique-nique en pleine nature — table, banc.", "links": [{"label": "🗺️ Source OpenStreetMap (ODbL)", "url": "https://www.openstreetmap.org/way/33081943"}, {"label": "🔎 Infos", "url": "https://www.google.com/search?q=Aire%20de%20pique-nique%20Luxembourg"}], "photos": [], "details": {"cadre": "Nature", "equipements": "Table, Banc", "note": "Équipements relevés à proximité immédiate ; la liste peut être incomplète."}}}, {"type": "Feature", "geometry": {"type": "Point", "coordinates": [6.112665, 49.871949]}, "properties": {"id": "lu-aire-0245", "name": "Aire de repos", "theme": "aire-repos", "description": "Aire de repos en bord de route — table, poubelle, banc.", "links": [{"label": "🗺️ Source OpenStreetMap (ODbL)", "url": "https://www.openstreetmap.org/node/5773200059"}, {"label": "🔎 Infos", "url": "https://www.google.com/search?q=Aire%20de%20repos%20Luxembourg"}], "photos": [], "details": {"cadre": "Bord de route", "equipements": "Table, Poubelle, Banc", "note": "Équipements relevés à proximité immédiate ; la liste peut être incomplète."}}}, {"type": "Feature", "geometry": {"type": "Point", "coordinates": [6.290212, 49.874869]}, "properties": {"id": "lu-aire-0246", "name": "Aire de pique-nique", "theme": "aire-repos", "description": "Aire de pique-nique en pleine nature — table, poubelle.", "links": [{"label": "🗺️ Source OpenStreetMap (ODbL)", "url": "https://www.openstreetmap.org/node/3773197559"}, {"label": "🔎 Infos", "url": "https://www.google.com/search?q=Aire%20de%20pique-nique%20Luxembourg"}], "photos": [], "details": {"cadre": "Nature", "equipements": "Table, Poubelle", "note": "Équipements relevés à proximité immédiate ; la liste peut être incomplète."}}}, {"type": "Feature", "geometry": {"type": "Point", "coordinates": [5.968991, 49.879967]}, "properties": {"id": "lu-aire-0247", "name": "Aire de pique-nique", "theme": "aire-repos", "description": "Aire de pique-nique en pleine nature — banc.", "links": [{"label": "🗺️ Source OpenStreetMap (ODbL)", "url": "https://www.openstreetmap.org/node/1796702644"}, {"label": "🔎 Infos", "url": "https://www.google.com/search?q=Aire%20de%20pique-nique%20Luxembourg"}], "photos": [], "details": {"cadre": "Nature", "equipements": "Banc", "note": "Équipements relevés à proximité immédiate ; la liste peut être incomplète."}}}, {"type": "Feature", "geometry": {"type": "Point", "coordinates": [6.18429, 49.885137]}, "properties": {"id": "lu-aire-0248", "name": "Aire de repos", "theme": "aire-repos", "description": "Aire de repos en bord de route — poubelle, banc.", "links": [{"label": "🗺️ Source OpenStreetMap (ODbL)", "url": "https://www.openstreetmap.org/way/872292372"}, {"label": "🔎 Infos", "url": "https://www.google.com/search?q=Aire%20de%20repos%20Luxembourg"}], "photos": [], "details": {"cadre": "Bord de route", "equipements": "Poubelle, Banc", "note": "Équipements relevés à proximité immédiate ; la liste peut être incomplète."}}}, {"type": "Feature", "geometry": {"type": "Point", "coordinates": [6.183807, 49.885391]}, "properties": {"id": "lu-aire-0249", "name": "Aire de pique-nique", "theme": "aire-repos", "description": "Aire de pique-nique en pleine nature — poubelle, banc.", "links": [{"label": "🗺️ Source OpenStreetMap (ODbL)", "url": "https://www.openstreetmap.org/node/291241279"}, {"label": "🔎 Infos", "url": "https://www.google.com/search?q=Aire%20de%20pique-nique%20Luxembourg"}], "photos": [], "details": {"cadre": "Nature", "equipements": "Poubelle, Banc", "note": "Équipements relevés à proximité immédiate ; la liste peut être incomplète."}}}, {"type": "Feature", "geometry": {"type": "Point", "coordinates": [5.808279, 49.88558]}, "properties": {"id": "lu-aire-0250", "name": "Aire de pique-nique", "theme": "aire-repos", "description": "Aire de pique-nique en pleine nature — table, jeux enfants.", "links": [{"label": "🗺️ Source OpenStreetMap (ODbL)", "url": "https://www.openstreetmap.org/node/13955746054"}, {"label": "🔎 Infos", "url": "https://www.google.com/search?q=Aire%20de%20pique-nique%20Luxembourg"}], "photos": [], "details": {"cadre": "Nature", "equipements": "Table, Jeux enfants", "note": "Équipements relevés à proximité immédiate ; la liste peut être incomplète."}}}, {"type": "Feature", "geometry": {"type": "Point", "coordinates": [6.094524, 49.888344]}, "properties": {"id": "lu-aire-0251", "name": "Aire de pique-nique", "theme": "aire-repos", "description": "Aire de pique-nique en pleine nature — jeux enfants.", "links": [{"label": "🗺️ Source OpenStreetMap (ODbL)", "url": "https://www.openstreetmap.org/node/5773200057"}, {"label": "🔎 Infos", "url": "https://www.google.com/search?q=Aire%20de%20pique-nique%20Luxembourg"}], "photos": [], "details": {"cadre": "Nature", "equipements": "Jeux enfants", "acces": "Privé", "note": "Équipements relevés à proximité immédiate ; la liste peut être incomplète."}}}, {"type": "Feature", "geometry": {"type": "Point", "coordinates": [5.965539, 49.888408]}, "properties": {"id": "lu-aire-0252", "name": "Aire de repos", "theme": "aire-repos", "description": "Aire de repos en bord de route — table.", "links": [{"label": "🗺️ Source OpenStreetMap (ODbL)", "url": "https://www.openstreetmap.org/node/1828261118"}, {"label": "🔎 Infos", "url": "https://www.google.com/search?q=Aire%20de%20repos%20Luxembourg"}], "photos": [], "details": {"cadre": "Bord de route", "equipements": "Table", "note": "Équipements relevés à proximité immédiate ; la liste peut être incomplète."}}}, {"type": "Feature", "geometry": {"type": "Point", "coordinates": [5.900078, 49.8895]}, "properties": {"id": "lu-aire-0253", "name": "Aire de pique-nique", "theme": "aire-repos", "description": "Aire de pique-nique en pleine nature — table.", "links": [{"label": "🗺️ Source OpenStreetMap (ODbL)", "url": "https://www.openstreetmap.org/node/4892514070"}, {"label": "🔎 Infos", "url": "https://www.google.com/search?q=Aire%20de%20pique-nique%20Luxembourg"}], "photos": [], "details": {"cadre": "Nature", "equipements": "Table", "note": "Équipements relevés à proximité immédiate ; la liste peut être incomplète."}}}, {"type": "Feature", "geometry": {"type": "Point", "coordinates": [6.105136, 49.895389]}, "properties": {"id": "lu-aire-0254", "name": "Aire de pique-nique", "theme": "aire-repos", "description": "Aire de pique-nique en pleine nature — poubelle, banc.", "links": [{"label": "🗺️ Source OpenStreetMap (ODbL)", "url": "https://www.openstreetmap.org/node/5773200058"}, {"label": "🔎 Infos", "url": "https://www.google.com/search?q=Aire%20de%20pique-nique%20Luxembourg"}], "photos": [], "details": {"cadre": "Nature", "equipements": "Poubelle, Banc", "note": "Équipements relevés à proximité immédiate ; la liste peut être incomplète."}}}, {"type": "Feature", "geometry": {"type": "Point", "coordinates": [6.105056, 49.895501]}, "properties": {"id": "lu-aire-0255", "name": "Aire de repos", "theme": "aire-repos", "description": "Aire de repos en bord de route — poubelle, banc.", "links": [{"label": "🗺️ Source OpenStreetMap (ODbL)", "url": "https://www.openstreetmap.org/node/5773201057"}, {"label": "🔎 Infos", "url": "https://www.google.com/search?q=Aire%20de%20repos%20Luxembourg"}], "photos": [], "details": {"cadre": "Bord de route", "equipements": "Poubelle, Banc", "note": "Équipements relevés à proximité immédiate ; la liste peut être incomplète."}}}, {"type": "Feature", "geometry": {"type": "Point", "coordinates": [6.105281, 49.895524]}, "properties": {"id": "lu-aire-0256", "name": "Aire de pique-nique", "theme": "aire-repos", "description": "Aire de pique-nique en pleine nature — poubelle, banc.", "links": [{"label": "🗺️ Source OpenStreetMap (ODbL)", "url": "https://www.openstreetmap.org/node/7725233060"}, {"label": "🔎 Infos", "url": "https://www.google.com/search?q=Aire%20de%20pique-nique%20Luxembourg"}], "photos": [], "details": {"cadre": "Nature", "equipements": "Poubelle, Banc", "note": "Équipements relevés à proximité immédiate ; la liste peut être incomplète."}}}, {"type": "Feature", "geometry": {"type": "Point", "coordinates": [6.105386, 49.895788]}, "properties": {"id": "lu-aire-0257", "name": "Aire de pique-nique", "theme": "aire-repos", "description": "Aire de pique-nique en pleine nature — poubelle, banc.", "links": [{"label": "🗺️ Source OpenStreetMap (ODbL)", "url": "https://www.openstreetmap.org/node/7725233062"}, {"label": "🔎 Infos", "url": "https://www.google.com/search?q=Aire%20de%20pique-nique%20Luxembourg"}], "photos": [], "details": {"cadre": "Nature", "equipements": "Poubelle, Banc", "note": "Équipements relevés à proximité immédiate ; la liste peut être incomplète."}}}, {"type": "Feature", "geometry": {"type": "Point", "coordinates": [6.068393, 49.897546]}, "properties": {"id": "lu-aire-0258", "name": "Aire de repos", "theme": "aire-repos", "description": "Aire de repos en bord de route — table, poubelle, banc.", "links": [{"label": "🗺️ Source OpenStreetMap (ODbL)", "url": "https://www.openstreetmap.org/node/1382878203"}, {"label": "🔎 Infos", "url": "https://www.google.com/search?q=Aire%20de%20repos%20Luxembourg"}], "photos": [], "details": {"cadre": "Bord de route", "equipements": "Table, Poubelle, Banc", "note": "Équipements relevés à proximité immédiate ; la liste peut être incomplète."}}}, {"type": "Feature", "geometry": {"type": "Point", "coordinates": [6.090308, 49.898348]}, "properties": {"id": "lu-aire-0259", "name": "Aire de pique-nique", "theme": "aire-repos", "description": "Aire de pique-nique en pleine nature — table, eau potable.", "links": [{"label": "🗺️ Source OpenStreetMap (ODbL)", "url": "https://www.openstreetmap.org/node/1679577906"}, {"label": "🔎 Infos", "url": "https://www.google.com/search?q=Aire%20de%20pique-nique%20Luxembourg"}], "photos": [], "details": {"cadre": "Nature", "equipements": "Table, Eau potable", "note": "Équipements relevés à proximité immédiate ; la liste peut être incomplète."}}}, {"type": "Feature", "geometry": {"type": "Point", "coordinates": [5.917172, 49.90217]}, "properties": {"id": "lu-aire-0260", "name": "Aire de repos", "theme": "aire-repos", "description": "Aire de repos en bord de route — banc.", "links": [{"label": "🗺️ Source OpenStreetMap (ODbL)", "url": "https://www.openstreetmap.org/node/319146087"}, {"label": "🔎 Infos", "url": "https://www.google.com/search?q=Aire%20de%20repos%20Luxembourg"}], "photos": [], "details": {"cadre": "Bord de route", "equipements": "Banc", "note": "Équipements relevés à proximité immédiate ; la liste peut être incomplète."}}}, {"type": "Feature", "geometry": {"type": "Point", "coordinates": [5.896329, 49.903725]}, "properties": {"id": "lu-aire-0261", "name": "Aire de repos", "theme": "aire-repos", "description": "Aire de repos en bord de route — poubelle.", "links": [{"label": "🗺️ Source OpenStreetMap (ODbL)", "url": "https://www.openstreetmap.org/node/5801252418"}, {"label": "🔎 Infos", "url": "https://www.google.com/search?q=Aire%20de%20repos%20Luxembourg"}], "photos": [], "details": {"cadre": "Bord de route", "equipements": "Poubelle", "note": "Équipements relevés à proximité immédiate ; la liste peut être incomplète."}}}, {"type": "Feature", "geometry": {"type": "Point", "coordinates": [6.101644, 49.905291]}, "properties": {"id": "lu-aire-0262", "name": "Ënnert der Kapell", "theme": "aire-repos", "description": "Aire de pique-nique en pleine nature — table, poubelle.", "links": [{"label": "🗺️ Source OpenStreetMap (ODbL)", "url": "https://www.openstreetmap.org/way/1265772985"}, {"label": "🔎 Infos", "url": "https://www.google.com/search?q=%C3%8Bnnert%20der%20Kapell%20Luxembourg"}], "photos": [], "details": {"cadre": "Nature", "equipements": "Table, Poubelle", "note": "Équipements relevés à proximité immédiate ; la liste peut être incomplète."}}}, {"type": "Feature", "geometry": {"type": "Point", "coordinates": [5.878643, 49.90563]}, "properties": {"id": "lu-aire-0263", "name": "Aire de pique-nique", "theme": "aire-repos", "description": "Aire de pique-nique en pleine nature — banc.", "links": [{"label": "🗺️ Source OpenStreetMap (ODbL)", "url": "https://www.openstreetmap.org/node/1358243868"}, {"label": "🔎 Infos", "url": "https://www.google.com/search?q=Aire%20de%20pique-nique%20Luxembourg"}], "photos": [], "details": {"cadre": "Nature", "equipements": "Banc", "note": "Équipements relevés à proximité immédiate ; la liste peut être incomplète."}}}, {"type": "Feature", "geometry": {"type": "Point", "coordinates": [6.078877, 49.905727]}, "properties": {"id": "lu-aire-0264", "name": "Aire de pique-nique", "theme": "aire-repos", "description": "Aire de pique-nique en pleine nature — toilettes.", "links": [{"label": "🗺️ Source OpenStreetMap (ODbL)", "url": "https://www.openstreetmap.org/node/5773109555"}, {"label": "🔎 Infos", "url": "https://www.google.com/search?q=Aire%20de%20pique-nique%20Luxembourg"}], "photos": [], "details": {"cadre": "Nature", "equipements": "Toilettes", "note": "Équipements relevés à proximité immédiate ; la liste peut être incomplète."}}}, {"type": "Feature", "geometry": {"type": "Point", "coordinates": [6.189783, 49.908214]}, "properties": {"id": "lu-aire-0265", "name": "Aire de repos", "theme": "aire-repos", "description": "Aire de repos en bord de route — table, poubelle.", "links": [{"label": "🗺️ Source OpenStreetMap (ODbL)", "url": "https://www.openstreetmap.org/node/2068937806"}, {"label": "🔎 Infos", "url": "https://www.google.com/search?q=Aire%20de%20repos%20Luxembourg"}], "photos": [], "details": {"cadre": "Bord de route", "equipements": "Table, Poubelle", "note": "Équipements relevés à proximité immédiate ; la liste peut être incomplète."}}}, {"type": "Feature", "geometry": {"type": "Point", "coordinates": [5.93428, 49.909923]}, "properties": {"id": "lu-aire-0266", "name": "Aire de pique-nique", "theme": "aire-repos", "description": "Aire de pique-nique en pleine nature — table, banc.", "links": [{"label": "🗺️ Source OpenStreetMap (ODbL)", "url": "https://www.openstreetmap.org/node/1706165316"}, {"label": "🔎 Infos", "url": "https://www.google.com/search?q=Aire%20de%20pique-nique%20Luxembourg"}], "photos": [], "details": {"cadre": "Nature", "equipements": "Table, Banc", "note": "Équipements relevés à proximité immédiate ; la liste peut être incomplète."}}}, {"type": "Feature", "geometry": {"type": "Point", "coordinates": [5.92179, 49.910643]}, "properties": {"id": "lu-aire-0267", "name": "Aire de pique-nique", "theme": "aire-repos", "description": "Aire de pique-nique en pleine nature — poubelle, banc.", "links": [{"label": "🗺️ Source OpenStreetMap (ODbL)", "url": "https://www.openstreetmap.org/node/959149840"}, {"label": "🔎 Infos", "url": "https://www.google.com/search?q=Aire%20de%20pique-nique%20Luxembourg"}], "photos": [], "details": {"cadre": "Nature", "equipements": "Poubelle, Banc", "note": "Équipements relevés à proximité immédiate ; la liste peut être incomplète."}}}, {"type": "Feature", "geometry": {"type": "Point", "coordinates": [5.921767, 49.910645]}, "properties": {"id": "lu-aire-0268", "name": "Aire de pique-nique", "theme": "aire-repos", "description": "Aire de pique-nique en pleine nature — poubelle, banc.", "links": [{"label": "🗺️ Source OpenStreetMap (ODbL)", "url": "https://www.openstreetmap.org/node/497182770"}, {"label": "🔎 Infos", "url": "https://www.google.com/search?q=Aire%20de%20pique-nique%20Luxembourg"}], "photos": [], "details": {"cadre": "Nature", "equipements": "Poubelle, Banc", "note": "Équipements relevés à proximité immédiate ; la liste peut être incomplète."}}}, {"type": "Feature", "geometry": {"type": "Point", "coordinates": [6.151737, 49.911027]}, "properties": {"id": "lu-aire-0269", "name": "Aire de pique-nique", "theme": "aire-repos", "description": "Aire de pique-nique en pleine nature — poubelle.", "links": [{"label": "🗺️ Source OpenStreetMap (ODbL)", "url": "https://www.openstreetmap.org/node/300901631"}, {"label": "🔎 Infos", "url": "https://www.google.com/search?q=Aire%20de%20pique-nique%20Luxembourg"}], "photos": [], "details": {"cadre": "Nature", "equipements": "Poubelle", "note": "Équipements relevés à proximité immédiate ; la liste peut être incomplète."}}}, {"type": "Feature", "geometry": {"type": "Point", "coordinates": [5.931385, 49.911386]}, "properties": {"id": "lu-aire-0270", "name": "Aire de pique-nique", "theme": "aire-repos", "description": "Aire de pique-nique en pleine nature — table.", "links": [{"label": "🗺️ Source OpenStreetMap (ODbL)", "url": "https://www.openstreetmap.org/node/1717527445"}, {"label": "🔎 Infos", "url": "https://www.google.com/search?q=Aire%20de%20pique-nique%20Luxembourg"}], "photos": [], "details": {"cadre": "Nature", "equipements": "Table", "note": "Équipements relevés à proximité immédiate ; la liste peut être incomplète."}}}, {"type": "Feature", "geometry": {"type": "Point", "coordinates": [5.997894, 49.911628]}, "properties": {"id": "lu-aire-0271", "name": "Aire de pique-nique", "theme": "aire-repos", "description": "Aire de pique-nique en pleine nature — poubelle.", "links": [{"label": "🗺️ Source OpenStreetMap (ODbL)", "url": "https://www.openstreetmap.org/node/2985777150"}, {"label": "🔎 Infos", "url": "https://www.google.com/search?q=Aire%20de%20pique-nique%20Luxembourg"}], "photos": [], "details": {"cadre": "Nature", "equipements": "Poubelle", "note": "Équipements relevés à proximité immédiate ; la liste peut être incomplète."}}}, {"type": "Feature", "geometry": {"type": "Point", "coordinates": [5.979469, 49.911859]}, "properties": {"id": "lu-aire-0272", "name": "Aire de repos", "theme": "aire-repos", "description": "Aire de repos en bord de route — table, poubelle.", "links": [{"label": "🗺️ Source OpenStreetMap (ODbL)", "url": "https://www.openstreetmap.org/node/6282395031"}, {"label": "🔎 Infos", "url": "https://www.google.com/search?q=Aire%20de%20repos%20Luxembourg"}], "photos": [], "details": {"cadre": "Bord de route", "equipements": "Table, Poubelle", "note": "Équipements relevés à proximité immédiate ; la liste peut être incomplète."}}}, {"type": "Feature", "geometry": {"type": "Point", "coordinates": [6.055809, 49.912236]}, "properties": {"id": "lu-aire-0273", "name": "Aire de repos", "theme": "aire-repos", "description": "Aire de repos en bord de route — table, poubelle, banc.", "links": [{"label": "🗺️ Source OpenStreetMap (ODbL)", "url": "https://www.openstreetmap.org/node/2787180143"}, {"label": "🔎 Infos", "url": "https://www.google.com/search?q=Aire%20de%20repos%20Luxembourg"}], "photos": [], "details": {"cadre": "Bord de route", "equipements": "Table, Poubelle, Banc", "note": "Équipements relevés à proximité immédiate ; la liste peut être incomplète."}}}, {"type": "Feature", "geometry": {"type": "Point", "coordinates": [5.939667, 49.912627]}, "properties": {"id": "lu-aire-0274", "name": "Aire de pique-nique", "theme": "aire-repos", "description": "Aire de pique-nique en pleine nature — poubelle, banc.", "links": [{"label": "🗺️ Source OpenStreetMap (ODbL)", "url": "https://www.openstreetmap.org/node/4471721406"}, {"label": "🔎 Infos", "url": "https://www.google.com/search?q=Aire%20de%20pique-nique%20Luxembourg"}], "photos": [], "details": {"cadre": "Nature", "equipements": "Poubelle, Banc", "note": "Équipements relevés à proximité immédiate ; la liste peut être incomplète."}}}, {"type": "Feature", "geometry": {"type": "Point", "coordinates": [5.873159, 49.913167]}, "properties": {"id": "lu-aire-0275", "name": "Aire de repos", "theme": "aire-repos", "description": "Aire de repos en bord de route — banc.", "links": [{"label": "🗺️ Source OpenStreetMap (ODbL)", "url": "https://www.openstreetmap.org/way/905310499"}, {"label": "🔎 Infos", "url": "https://www.google.com/search?q=Aire%20de%20repos%20Luxembourg"}], "photos": [], "details": {"cadre": "Bord de route", "equipements": "Banc", "note": "Équipements relevés à proximité immédiate ; la liste peut être incomplète."}}}, {"type": "Feature", "geometry": {"type": "Point", "coordinates": [5.924182, 49.913424]}, "properties": {"id": "lu-aire-0276", "name": "Aire de repos", "theme": "aire-repos", "description": "Aire de repos en bord de route — banc.", "links": [{"label": "🗺️ Source OpenStreetMap (ODbL)", "url": "https://www.openstreetmap.org/node/8120877975"}, {"label": "🔎 Infos", "url": "https://www.google.com/search?q=Aire%20de%20repos%20Luxembourg"}], "photos": [], "details": {"cadre": "Bord de route", "equipements": "Banc", "note": "Équipements relevés à proximité immédiate ; la liste peut être incomplète."}}}, {"type": "Feature", "geometry": {"type": "Point", "coordinates": [5.924062, 49.913454]}, "properties": {"id": "lu-aire-0277", "name": "Aire de pique-nique", "theme": "aire-repos", "description": "Aire de pique-nique en pleine nature — banc.", "links": [{"label": "🗺️ Source OpenStreetMap (ODbL)", "url": "https://www.openstreetmap.org/node/1358243968"}, {"label": "🔎 Infos", "url": "https://www.google.com/search?q=Aire%20de%20pique-nique%20Luxembourg"}], "photos": [], "details": {"cadre": "Nature", "equipements": "Banc", "note": "Équipements relevés à proximité immédiate ; la liste peut être incomplète."}}}, {"type": "Feature", "geometry": {"type": "Point", "coordinates": [6.226929, 49.916576]}, "properties": {"id": "lu-aire-0278", "name": "Aire de pique-nique", "theme": "aire-repos", "description": "Aire de pique-nique en pleine nature — poubelle.", "links": [{"label": "🗺️ Source OpenStreetMap (ODbL)", "url": "https://www.openstreetmap.org/node/290095616"}, {"label": "🔎 Infos", "url": "https://www.google.com/search?q=Aire%20de%20pique-nique%20Luxembourg"}], "photos": [], "details": {"cadre": "Nature", "equipements": "Poubelle", "note": "Équipements relevés à proximité immédiate ; la liste peut être incomplète."}}}, {"type": "Feature", "geometry": {"type": "Point", "coordinates": [5.899349, 49.916945]}, "properties": {"id": "lu-aire-0279", "name": "op der Runschelt", "theme": "aire-repos", "description": "Aire de pique-nique en pleine nature.", "links": [{"label": "🗺️ Source OpenStreetMap (ODbL)", "url": "https://www.openstreetmap.org/node/2358516496"}, {"label": "🔎 Infos", "url": "https://www.google.com/search?q=op%20der%20Runschelt%20Luxembourg"}], "photos": [], "details": {"cadre": "Nature", "note": "Équipements non renseignés pour cette aire."}}}, {"type": "Feature", "geometry": {"type": "Point", "coordinates": [6.222329, 49.919421]}, "properties": {"id": "lu-aire-0280", "name": "Aire de pique-nique", "theme": "aire-repos", "description": "Aire de pique-nique en pleine nature — table, poubelle, banc.", "links": [{"label": "🗺️ Source OpenStreetMap (ODbL)", "url": "https://www.openstreetmap.org/node/6775617245"}, {"label": "🔎 Infos", "url": "https://www.google.com/search?q=Aire%20de%20pique-nique%20Luxembourg"}], "photos": [], "details": {"cadre": "Nature", "equipements": "Table, Poubelle, Banc", "note": "Équipements relevés à proximité immédiate ; la liste peut être incomplète."}}}, {"type": "Feature", "geometry": {"type": "Point", "coordinates": [6.194441, 49.920869]}, "properties": {"id": "lu-aire-0281", "name": "Aire de pique-nique", "theme": "aire-repos", "description": "Aire de pique-nique en pleine nature — table, poubelle, banc.", "links": [{"label": "🗺️ Source OpenStreetMap (ODbL)", "url": "https://www.openstreetmap.org/node/2068937861"}, {"label": "🔎 Infos", "url": "https://www.google.com/search?q=Aire%20de%20pique-nique%20Luxembourg"}], "photos": [], "details": {"cadre": "Nature", "equipements": "Table, Poubelle, Banc", "note": "Équipements relevés à proximité immédiate ; la liste peut être incomplète."}}}, {"type": "Feature", "geometry": {"type": "Point", "coordinates": [6.194439, 49.920888]}, "properties": {"id": "lu-aire-0282", "name": "Aire de repos", "theme": "aire-repos", "description": "Aire de repos en bord de route — table, poubelle, banc.", "links": [{"label": "🗺️ Source OpenStreetMap (ODbL)", "url": "https://www.openstreetmap.org/node/1937273432"}, {"label": "🔎 Infos", "url": "https://www.google.com/search?q=Aire%20de%20repos%20Luxembourg"}], "photos": [], "details": {"cadre": "Bord de route", "equipements": "Table, Poubelle, Banc", "note": "Équipements relevés à proximité immédiate ; la liste peut être incomplète."}}}, {"type": "Feature", "geometry": {"type": "Point", "coordinates": [6.192564, 49.920987]}, "properties": {"id": "lu-aire-0283", "name": "Aire de repos", "theme": "aire-repos", "description": "Aire de repos en bord de route — table, poubelle.", "links": [{"label": "🗺️ Source OpenStreetMap (ODbL)", "url": "https://www.openstreetmap.org/node/2068937872"}, {"label": "🔎 Infos", "url": "https://www.google.com/search?q=Aire%20de%20repos%20Luxembourg"}], "photos": [], "details": {"cadre": "Bord de route", "equipements": "Table, Poubelle", "note": "Équipements relevés à proximité immédiate ; la liste peut être incomplète."}}}, {"type": "Feature", "geometry": {"type": "Point", "coordinates": [6.223816, 49.92136]}, "properties": {"id": "lu-aire-0284", "name": "Aire de pique-nique", "theme": "aire-repos", "description": "Aire de pique-nique en pleine nature — poubelle, banc.", "links": [{"label": "🗺️ Source OpenStreetMap (ODbL)", "url": "https://www.openstreetmap.org/node/290063473"}, {"label": "🔎 Infos", "url": "https://www.google.com/search?q=Aire%20de%20pique-nique%20Luxembourg"}], "photos": [], "details": {"cadre": "Nature", "equipements": "Poubelle, Banc", "note": "Équipements relevés à proximité immédiate ; la liste peut être incomplète."}}}, {"type": "Feature", "geometry": {"type": "Point", "coordinates": [6.223545, 49.921416]}, "properties": {"id": "lu-aire-0285", "name": "Aire de pique-nique", "theme": "aire-repos", "description": "Aire de pique-nique en pleine nature — poubelle, banc.", "links": [{"label": "🗺️ Source OpenStreetMap (ODbL)", "url": "https://www.openstreetmap.org/node/290063479"}, {"label": "🔎 Infos", "url": "https://www.google.com/search?q=Aire%20de%20pique-nique%20Luxembourg"}], "photos": [], "details": {"cadre": "Nature", "equipements": "Poubelle, Banc", "note": "Équipements relevés à proximité immédiate ; la liste peut être incomplète."}}}, {"type": "Feature", "geometry": {"type": "Point", "coordinates": [5.902001, 49.921551]}, "properties": {"id": "lu-aire-0286", "name": "Aire de pique-nique", "theme": "aire-repos", "description": "Aire de pique-nique en pleine nature — table.", "links": [{"label": "🗺️ Source OpenStreetMap (ODbL)", "url": "https://www.openstreetmap.org/way/1537148365"}, {"label": "🔎 Infos", "url": "https://www.google.com/search?q=Aire%20de%20pique-nique%20Luxembourg"}], "photos": [], "details": {"cadre": "Nature", "equipements": "Table", "note": "Équipements relevés à proximité immédiate ; la liste peut être incomplète."}}}, {"type": "Feature", "geometry": {"type": "Point", "coordinates": [5.942293, 49.922385]}, "properties": {"id": "lu-aire-0287", "name": "Aire de repos", "theme": "aire-repos", "description": "Aire de repos en bord de route — banc.", "links": [{"label": "🗺️ Source OpenStreetMap (ODbL)", "url": "https://www.openstreetmap.org/node/9790287099"}, {"label": "🔎 Infos", "url": "https://www.google.com/search?q=Aire%20de%20repos%20Luxembourg"}], "photos": [], "details": {"cadre": "Bord de route", "equipements": "Banc", "note": "Équipements relevés à proximité immédiate ; la liste peut être incomplète."}}}, {"type": "Feature", "geometry": {"type": "Point", "coordinates": [5.941493, 49.923987]}, "properties": {"id": "lu-aire-0288", "name": "Aire de repos", "theme": "aire-repos", "description": "Aire de repos en bord de route — banc.", "links": [{"label": "🗺️ Source OpenStreetMap (ODbL)", "url": "https://www.openstreetmap.org/node/1123125852"}, {"label": "🔎 Infos", "url": "https://www.google.com/search?q=Aire%20de%20repos%20Luxembourg"}], "photos": [], "details": {"cadre": "Bord de route", "equipements": "Banc", "note": "Équipements relevés à proximité immédiate ; la liste peut être incomplète."}}}, {"type": "Feature", "geometry": {"type": "Point", "coordinates": [6.075512, 49.925418]}, "properties": {"id": "lu-aire-0289", "name": "Aire de pique-nique", "theme": "aire-repos", "description": "Aire de pique-nique en pleine nature — poubelle.", "links": [{"label": "🗺️ Source OpenStreetMap (ODbL)", "url": "https://www.openstreetmap.org/node/5773109067"}, {"label": "🔎 Infos", "url": "https://www.google.com/search?q=Aire%20de%20pique-nique%20Luxembourg"}], "photos": [], "details": {"cadre": "Nature", "equipements": "Poubelle", "note": "Équipements relevés à proximité immédiate ; la liste peut être incomplète."}}}, {"type": "Feature", "geometry": {"type": "Point", "coordinates": [6.052647, 49.926407]}, "properties": {"id": "lu-aire-0290", "name": "Aire de pique-nique", "theme": "aire-repos", "description": "Aire de pique-nique en pleine nature — table, poubelle, banc.", "links": [{"label": "🗺️ Source OpenStreetMap (ODbL)", "url": "https://www.openstreetmap.org/way/672630230"}, {"label": "🔎 Infos", "url": "https://www.google.com/search?q=Aire%20de%20pique-nique%20Luxembourg"}], "photos": [], "details": {"cadre": "Nature", "equipements": "Table, Poubelle, Banc", "note": "Équipements relevés à proximité immédiate ; la liste peut être incomplète."}}}, {"type": "Feature", "geometry": {"type": "Point", "coordinates": [6.202958, 49.931965]}, "properties": {"id": "lu-aire-0291", "name": "Aire de pique-nique", "theme": "aire-repos", "description": "Aire de pique-nique en pleine nature — poubelle.", "links": [{"label": "🗺️ Source OpenStreetMap (ODbL)", "url": "https://www.openstreetmap.org/node/291232696"}, {"label": "🔎 Infos", "url": "https://www.google.com/search?q=Aire%20de%20pique-nique%20Luxembourg"}], "photos": [], "details": {"cadre": "Nature", "equipements": "Poubelle", "note": "Équipements relevés à proximité immédiate ; la liste peut être incomplète."}}}, {"type": "Feature", "geometry": {"type": "Point", "coordinates": [6.201515, 49.932282]}, "properties": {"id": "lu-aire-0292", "name": "Aire de pique-nique", "theme": "aire-repos", "description": "Aire de pique-nique en pleine nature — poubelle, banc.", "links": [{"label": "🗺️ Source OpenStreetMap (ODbL)", "url": "https://www.openstreetmap.org/node/290095879"}, {"label": "🔎 Infos", "url": "https://www.google.com/search?q=Aire%20de%20pique-nique%20Luxembourg"}], "photos": [], "details": {"cadre": "Nature", "equipements": "Poubelle, Banc", "note": "Équipements relevés à proximité immédiate ; la liste peut être incomplète."}}}, {"type": "Feature", "geometry": {"type": "Point", "coordinates": [6.193005, 49.932634]}, "properties": {"id": "lu-aire-0293", "name": "Aire de pique-nique", "theme": "aire-repos", "description": "Aire de pique-nique en pleine nature — table.", "links": [{"label": "🗺️ Source OpenStreetMap (ODbL)", "url": "https://www.openstreetmap.org/node/290095752"}, {"label": "🔎 Infos", "url": "https://www.google.com/search?q=Aire%20de%20pique-nique%20Luxembourg"}], "photos": [], "details": {"cadre": "Nature", "equipements": "Table", "note": "Équipements relevés à proximité immédiate ; la liste peut être incomplète."}}}, {"type": "Feature", "geometry": {"type": "Point", "coordinates": [6.187439, 49.933594]}, "properties": {"id": "lu-aire-0294", "name": "Aire de repos", "theme": "aire-repos", "description": "Aire de repos en bord de route — table, poubelle, banc.", "links": [{"label": "🗺️ Source OpenStreetMap (ODbL)", "url": "https://www.openstreetmap.org/node/1080948663"}, {"label": "🔎 Infos", "url": "https://www.google.com/search?q=Aire%20de%20repos%20Luxembourg"}], "photos": [], "details": {"cadre": "Bord de route", "equipements": "Table, Poubelle, Banc", "note": "Équipements relevés à proximité immédiate ; la liste peut être incomplète."}}}, {"type": "Feature", "geometry": {"type": "Point", "coordinates": [6.187585, 49.933637]}, "properties": {"id": "lu-aire-0295", "name": "Aire de pique-nique", "theme": "aire-repos", "description": "Aire de pique-nique en pleine nature — table, poubelle, banc.", "links": [{"label": "🗺️ Source OpenStreetMap (ODbL)", "url": "https://www.openstreetmap.org/node/290095751"}, {"label": "🔎 Infos", "url": "https://www.google.com/search?q=Aire%20de%20pique-nique%20Luxembourg"}], "photos": [], "details": {"cadre": "Nature", "equipements": "Table, Poubelle, Banc", "note": "Équipements relevés à proximité immédiate ; la liste peut être incomplète."}}}, {"type": "Feature", "geometry": {"type": "Point", "coordinates": [6.199113, 49.9347]}, "properties": {"id": "lu-aire-0296", "name": "Aire de pique-nique", "theme": "aire-repos", "description": "Aire de pique-nique en pleine nature — table, poubelle.", "links": [{"label": "🗺️ Source OpenStreetMap (ODbL)", "url": "https://www.openstreetmap.org/node/290095753"}, {"label": "🔎 Infos", "url": "https://www.google.com/search?q=Aire%20de%20pique-nique%20Luxembourg"}], "photos": [], "details": {"cadre": "Nature", "equipements": "Table, Poubelle", "note": "Équipements relevés à proximité immédiate ; la liste peut être incomplète."}}}, {"type": "Feature", "geometry": {"type": "Point", "coordinates": [6.188087, 49.934947]}, "properties": {"id": "lu-aire-0297", "name": "Aire de pique-nique", "theme": "aire-repos", "description": "Aire de pique-nique en pleine nature — table, poubelle.", "links": [{"label": "🗺️ Source OpenStreetMap (ODbL)", "url": "https://www.openstreetmap.org/node/290095748"}, {"label": "🔎 Infos", "url": "https://www.google.com/search?q=Aire%20de%20pique-nique%20Luxembourg"}], "photos": [], "details": {"cadre": "Nature", "equipements": "Table, Poubelle", "note": "Équipements relevés à proximité immédiate ; la liste peut être incomplète."}}}, {"type": "Feature", "geometry": {"type": "Point", "coordinates": [5.916008, 49.935115]}, "properties": {"id": "lu-aire-0298", "name": "Aire de repos", "theme": "aire-repos", "description": "Aire de repos en bord de route — poubelle.", "links": [{"label": "🗺️ Source OpenStreetMap (ODbL)", "url": "https://www.openstreetmap.org/node/1146067687"}, {"label": "🔎 Infos", "url": "https://www.google.com/search?q=Aire%20de%20repos%20Luxembourg"}], "photos": [], "details": {"cadre": "Bord de route", "equipements": "Poubelle", "note": "Équipements relevés à proximité immédiate ; la liste peut être incomplète."}}}, {"type": "Feature", "geometry": {"type": "Point", "coordinates": [6.20459, 49.935722]}, "properties": {"id": "lu-aire-0299", "name": "Aire de pique-nique", "theme": "aire-repos", "description": "Aire de pique-nique en pleine nature — jeux enfants, banc.", "links": [{"label": "🗺️ Source OpenStreetMap (ODbL)", "url": "https://www.openstreetmap.org/node/290096359"}, {"label": "🔎 Infos", "url": "https://www.google.com/search?q=Aire%20de%20pique-nique%20Luxembourg"}], "photos": [], "details": {"cadre": "Nature", "equipements": "Jeux enfants, Banc", "note": "Équipements relevés à proximité immédiate ; la liste peut être incomplète."}}}, {"type": "Feature", "geometry": {"type": "Point", "coordinates": [6.204935, 49.938564]}, "properties": {"id": "lu-aire-0300", "name": "Aire de pique-nique", "theme": "aire-repos", "description": "Aire de pique-nique en pleine nature — banc.", "links": [{"label": "🗺️ Source OpenStreetMap (ODbL)", "url": "https://www.openstreetmap.org/node/290096333"}, {"label": "🔎 Infos", "url": "https://www.google.com/search?q=Aire%20de%20pique-nique%20Luxembourg"}], "photos": [], "details": {"cadre": "Nature", "equipements": "Banc", "note": "Équipements relevés à proximité immédiate ; la liste peut être incomplète."}}}, {"type": "Feature", "geometry": {"type": "Point", "coordinates": [6.204358, 49.939079]}, "properties": {"id": "lu-aire-0301", "name": "Aire de pique-nique", "theme": "aire-repos", "description": "Aire de pique-nique en pleine nature — banc.", "links": [{"label": "🗺️ Source OpenStreetMap (ODbL)", "url": "https://www.openstreetmap.org/node/290096344"}, {"label": "🔎 Infos", "url": "https://www.google.com/search?q=Aire%20de%20pique-nique%20Luxembourg"}], "photos": [], "details": {"cadre": "Nature", "equipements": "Banc", "note": "Équipements relevés à proximité immédiate ; la liste peut être incomplète."}}}, {"type": "Feature", "geometry": {"type": "Point", "coordinates": [5.933063, 49.940743]}, "properties": {"id": "lu-aire-0302", "name": "Aire de repos", "theme": "aire-repos", "description": "Aire de repos en bord de route — poubelle.", "links": [{"label": "🗺️ Source OpenStreetMap (ODbL)", "url": "https://www.openstreetmap.org/way/905770238"}, {"label": "🔎 Infos", "url": "https://www.google.com/search?q=Aire%20de%20repos%20Luxembourg"}], "photos": [], "details": {"cadre": "Bord de route", "equipements": "Poubelle", "note": "Équipements relevés à proximité immédiate ; la liste peut être incomplète."}}}, {"type": "Feature", "geometry": {"type": "Point", "coordinates": [6.200698, 49.94306]}, "properties": {"id": "lu-aire-0303", "name": "Aire de pique-nique", "theme": "aire-repos", "description": "Aire de pique-nique en pleine nature — banc.", "links": [{"label": "🗺️ Source OpenStreetMap (ODbL)", "url": "https://www.openstreetmap.org/node/291262132"}, {"label": "🔎 Infos", "url": "https://www.google.com/search?q=Aire%20de%20pique-nique%20Luxembourg"}], "photos": [], "details": {"cadre": "Nature", "equipements": "Banc", "note": "Équipements relevés à proximité immédiate ; la liste peut être incomplète."}}}, {"type": "Feature", "geometry": {"type": "Point", "coordinates": [6.200432, 49.943802]}, "properties": {"id": "lu-aire-0304", "name": "Aire de pique-nique", "theme": "aire-repos", "description": "Aire de pique-nique en pleine nature — banc.", "links": [{"label": "🗺️ Source OpenStreetMap (ODbL)", "url": "https://www.openstreetmap.org/node/291262111"}, {"label": "🔎 Infos", "url": "https://www.google.com/search?q=Aire%20de%20pique-nique%20Luxembourg"}], "photos": [], "details": {"cadre": "Nature", "equipements": "Banc", "note": "Équipements relevés à proximité immédiate ; la liste peut être incomplète."}}}, {"type": "Feature", "geometry": {"type": "Point", "coordinates": [6.17877, 49.944734]}, "properties": {"id": "lu-aire-0305", "name": "Aire de pique-nique", "theme": "aire-repos", "description": "Aire de pique-nique en pleine nature — table, poubelle.", "links": [{"label": "🗺️ Source OpenStreetMap (ODbL)", "url": "https://www.openstreetmap.org/node/319738273"}, {"label": "🔎 Infos", "url": "https://www.google.com/search?q=Aire%20de%20pique-nique%20Luxembourg"}], "photos": [], "details": {"cadre": "Nature", "equipements": "Table, Poubelle", "note": "Équipements relevés à proximité immédiate ; la liste peut être incomplète."}}}, {"type": "Feature", "geometry": {"type": "Point", "coordinates": [6.178867, 49.944845]}, "properties": {"id": "lu-aire-0306", "name": "Aire de repos", "theme": "aire-repos", "description": "Aire de repos en bord de route — table, poubelle.", "links": [{"label": "🗺️ Source OpenStreetMap (ODbL)", "url": "https://www.openstreetmap.org/node/1212927768"}, {"label": "🔎 Infos", "url": "https://www.google.com/search?q=Aire%20de%20repos%20Luxembourg"}], "photos": [], "details": {"cadre": "Bord de route", "equipements": "Table, Poubelle", "note": "Équipements relevés à proximité immédiate ; la liste peut être incomplète."}}}, {"type": "Feature", "geometry": {"type": "Point", "coordinates": [6.079981, 49.945207]}, "properties": {"id": "lu-aire-0307", "name": "Aire de pique-nique", "theme": "aire-repos", "description": "Aire de pique-nique en pleine nature — toilettes, table, poubelle, jeux enfants, banc.", "links": [{"label": "🗺️ Source OpenStreetMap (ODbL)", "url": "https://www.openstreetmap.org/node/1690925490"}, {"label": "🔎 Infos", "url": "https://www.google.com/search?q=Aire%20de%20pique-nique%20Luxembourg"}], "photos": [], "details": {"cadre": "Nature", "equipements": "Toilettes, Table, Poubelle, Jeux enfants, Banc", "note": "Équipements relevés à proximité immédiate ; la liste peut être incomplète."}}}, {"type": "Feature", "geometry": {"type": "Point", "coordinates": [6.06889, 49.945848]}, "properties": {"id": "lu-aire-0308", "name": "Aire de pique-nique", "theme": "aire-repos", "description": "Aire de pique-nique en pleine nature — poubelle.", "links": [{"label": "🗺️ Source OpenStreetMap (ODbL)", "url": "https://www.openstreetmap.org/node/1690925516"}, {"label": "🔎 Infos", "url": "https://www.google.com/search?q=Aire%20de%20pique-nique%20Luxembourg"}], "photos": [], "details": {"cadre": "Nature", "equipements": "Poubelle", "note": "Équipements relevés à proximité immédiate ; la liste peut être incomplète."}}}, {"type": "Feature", "geometry": {"type": "Point", "coordinates": [6.166909, 49.946373]}, "properties": {"id": "lu-aire-0309", "name": "Aire de repos", "theme": "aire-repos", "description": "Aire de repos en bord de route — toilettes, table, poubelle, banc.", "links": [{"label": "🗺️ Source OpenStreetMap (ODbL)", "url": "https://www.openstreetmap.org/node/7791085725"}, {"label": "🔎 Infos", "url": "https://www.google.com/search?q=Aire%20de%20repos%20Luxembourg"}], "photos": [], "details": {"cadre": "Bord de route", "equipements": "Toilettes, Table, Poubelle, Banc", "note": "Équipements relevés à proximité immédiate ; la liste peut être incomplète."}}}, {"type": "Feature", "geometry": {"type": "Point", "coordinates": [6.199038, 49.946677]}, "properties": {"id": "lu-aire-0310", "name": "Aire de pique-nique", "theme": "aire-repos", "description": "Aire de pique-nique en pleine nature — poubelle.", "links": [{"label": "🗺️ Source OpenStreetMap (ODbL)", "url": "https://www.openstreetmap.org/node/290096253"}, {"label": "🔎 Infos", "url": "https://www.google.com/search?q=Aire%20de%20pique-nique%20Luxembourg"}], "photos": [], "details": {"cadre": "Nature", "equipements": "Poubelle", "note": "Équipements relevés à proximité immédiate ; la liste peut être incomplète."}}}, {"type": "Feature", "geometry": {"type": "Point", "coordinates": [6.147662, 49.947039]}, "properties": {"id": "lu-aire-0311", "name": "Aire de repos", "theme": "aire-repos", "description": "Aire de repos en bord de route — table, poubelle, banc.", "links": [{"label": "🗺️ Source OpenStreetMap (ODbL)", "url": "https://www.openstreetmap.org/node/1212930934"}, {"label": "🔎 Infos", "url": "https://www.google.com/search?q=Aire%20de%20repos%20Luxembourg"}], "photos": [], "details": {"cadre": "Bord de route", "equipements": "Table, Poubelle, Banc", "note": "Équipements relevés à proximité immédiate ; la liste peut être incomplète."}}}, {"type": "Feature", "geometry": {"type": "Point", "coordinates": [6.064352, 49.949017]}, "properties": {"id": "lu-aire-0312", "name": "Aire de pique-nique", "theme": "aire-repos", "description": "Aire de pique-nique en pleine nature — poubelle.", "links": [{"label": "🗺️ Source OpenStreetMap (ODbL)", "url": "https://www.openstreetmap.org/node/1690925552"}, {"label": "🔎 Infos", "url": "https://www.google.com/search?q=Aire%20de%20pique-nique%20Luxembourg"}], "photos": [], "details": {"cadre": "Nature", "equipements": "Poubelle", "note": "Équipements relevés à proximité immédiate ; la liste peut être incomplète."}}}, {"type": "Feature", "geometry": {"type": "Point", "coordinates": [6.123541, 49.950764]}, "properties": {"id": "lu-aire-0313", "name": "Aire de pique-nique", "theme": "aire-repos", "description": "Aire de pique-nique en pleine nature — table, poubelle.", "links": [{"label": "🗺️ Source OpenStreetMap (ODbL)", "url": "https://www.openstreetmap.org/node/7792424277"}, {"label": "🔎 Infos", "url": "https://www.google.com/search?q=Aire%20de%20pique-nique%20Luxembourg"}], "photos": [], "details": {"cadre": "Nature", "equipements": "Table, Poubelle", "note": "Équipements relevés à proximité immédiate ; la liste peut être incomplète."}}}, {"type": "Feature", "geometry": {"type": "Point", "coordinates": [6.008866, 49.954116]}, "properties": {"id": "lu-aire-0314", "name": "Aire de pique-nique", "theme": "aire-repos", "description": "Aire de pique-nique en pleine nature — barbecue.", "links": [{"label": "🗺️ Source OpenStreetMap (ODbL)", "url": "https://www.openstreetmap.org/node/1960560116"}, {"label": "🔎 Infos", "url": "https://www.google.com/search?q=Aire%20de%20pique-nique%20Luxembourg"}], "photos": [], "details": {"cadre": "Nature", "equipements": "Barbecue", "note": "Équipements relevés à proximité immédiate ; la liste peut être incomplète."}}}, {"type": "Feature", "geometry": {"type": "Point", "coordinates": [6.076291, 49.955526]}, "properties": {"id": "lu-aire-0315", "name": "Aire de pique-nique", "theme": "aire-repos", "description": "Aire de pique-nique en pleine nature — poubelle, banc.", "links": [{"label": "🗺️ Source OpenStreetMap (ODbL)", "url": "https://www.openstreetmap.org/node/1690925715"}, {"label": "🔎 Infos", "url": "https://www.google.com/search?q=Aire%20de%20pique-nique%20Luxembourg"}], "photos": [], "details": {"cadre": "Nature", "equipements": "Poubelle, Banc", "note": "Équipements relevés à proximité immédiate ; la liste peut être incomplète."}}}, {"type": "Feature", "geometry": {"type": "Point", "coordinates": [6.190901, 49.956646]}, "properties": {"id": "lu-aire-0316", "name": "Aire de pique-nique", "theme": "aire-repos", "description": "Aire de pique-nique en pleine nature — banc.", "links": [{"label": "🗺️ Source OpenStreetMap (ODbL)", "url": "https://www.openstreetmap.org/node/290096217"}, {"label": "🔎 Infos", "url": "https://www.google.com/search?q=Aire%20de%20pique-nique%20Luxembourg"}], "photos": [], "details": {"cadre": "Nature", "equipements": "Banc", "note": "Équipements relevés à proximité immédiate ; la liste peut être incomplète."}}}, {"type": "Feature", "geometry": {"type": "Point", "coordinates": [6.193027, 49.959609]}, "properties": {"id": "lu-aire-0317", "name": "Aire de pique-nique", "theme": "aire-repos", "description": "Aire de pique-nique en pleine nature — banc.", "links": [{"label": "🗺️ Source OpenStreetMap (ODbL)", "url": "https://www.openstreetmap.org/node/319482706"}, {"label": "🔎 Infos", "url": "https://www.google.com/search?q=Aire%20de%20pique-nique%20Luxembourg"}], "photos": [], "details": {"cadre": "Nature", "equipements": "Banc", "note": "Équipements relevés à proximité immédiate ; la liste peut être incomplète."}}}, {"type": "Feature", "geometry": {"type": "Point", "coordinates": [5.99395, 49.959905]}, "properties": {"id": "lu-aire-0318", "name": "Aire de pique-nique", "theme": "aire-repos", "description": "Aire de pique-nique en pleine nature — poubelle, barbecue.", "links": [{"label": "🗺️ Source OpenStreetMap (ODbL)", "url": "https://www.openstreetmap.org/node/1960560160"}, {"label": "🔎 Infos", "url": "https://www.google.com/search?q=Aire%20de%20pique-nique%20Luxembourg"}], "photos": [], "details": {"cadre": "Nature", "equipements": "Poubelle, Barbecue", "note": "Équipements relevés à proximité immédiate ; la liste peut être incomplète."}}}, {"type": "Feature", "geometry": {"type": "Point", "coordinates": [5.980247, 49.959925]}, "properties": {"id": "lu-aire-0319", "name": "Aire de pique-nique", "theme": "aire-repos", "description": "Aire de pique-nique en pleine nature — poubelle, barbecue.", "links": [{"label": "🗺️ Source OpenStreetMap (ODbL)", "url": "https://www.openstreetmap.org/node/1960560166"}, {"label": "🔎 Infos", "url": "https://www.google.com/search?q=Aire%20de%20pique-nique%20Luxembourg"}], "photos": [], "details": {"cadre": "Nature", "equipements": "Poubelle, Barbecue", "note": "Équipements relevés à proximité immédiate ; la liste peut être incomplète."}}}, {"type": "Feature", "geometry": {"type": "Point", "coordinates": [5.973367, 49.960324]}, "properties": {"id": "lu-aire-0320", "name": "Aire de pique-nique", "theme": "aire-repos", "description": "Aire de pique-nique en pleine nature — table, poubelle, banc.", "links": [{"label": "🗺️ Source OpenStreetMap (ODbL)", "url": "https://www.openstreetmap.org/way/1199992953"}, {"label": "🔎 Infos", "url": "https://www.google.com/search?q=Aire%20de%20pique-nique%20Luxembourg"}], "photos": [], "details": {"cadre": "Nature", "equipements": "Table, Poubelle, Banc", "note": "Équipements relevés à proximité immédiate ; la liste peut être incomplète."}}}, {"type": "Feature", "geometry": {"type": "Point", "coordinates": [5.979958, 49.961694]}, "properties": {"id": "lu-aire-0321", "name": "Aire de pique-nique", "theme": "aire-repos", "description": "Aire de pique-nique en pleine nature — poubelle, jeux enfants.", "links": [{"label": "🗺️ Source OpenStreetMap (ODbL)", "url": "https://www.openstreetmap.org/node/291550651"}, {"label": "🔎 Infos", "url": "https://www.google.com/search?q=Aire%20de%20pique-nique%20Luxembourg"}], "photos": [], "details": {"cadre": "Nature", "equipements": "Poubelle, Jeux enfants", "note": "Équipements relevés à proximité immédiate ; la liste peut être incomplète."}}}, {"type": "Feature", "geometry": {"type": "Point", "coordinates": [6.165766, 49.969015]}, "properties": {"id": "lu-aire-0322", "name": "Aire de pique-nique", "theme": "aire-repos", "description": "Aire de pique-nique en pleine nature — table, banc.", "links": [{"label": "🗺️ Source OpenStreetMap (ODbL)", "url": "https://www.openstreetmap.org/node/1710166902"}, {"label": "🔎 Infos", "url": "https://www.google.com/search?q=Aire%20de%20pique-nique%20Luxembourg"}], "photos": [], "details": {"cadre": "Nature", "equipements": "Table, Banc", "note": "Équipements relevés à proximité immédiate ; la liste peut être incomplète."}}}, {"type": "Feature", "geometry": {"type": "Point", "coordinates": [5.960435, 49.971798]}, "properties": {"id": "lu-aire-0323", "name": "Aire de pique-nique", "theme": "aire-repos", "description": "Aire de pique-nique en pleine nature — table.", "links": [{"label": "🗺️ Source OpenStreetMap (ODbL)", "url": "https://www.openstreetmap.org/node/5772949453"}, {"label": "🔎 Infos", "url": "https://www.google.com/search?q=Aire%20de%20pique-nique%20Luxembourg"}], "photos": [], "details": {"cadre": "Nature", "equipements": "Table", "note": "Équipements relevés à proximité immédiate ; la liste peut être incomplète."}}}, {"type": "Feature", "geometry": {"type": "Point", "coordinates": [5.927055, 49.975113]}, "properties": {"id": "lu-aire-0324", "name": "GrillPark KAUL", "theme": "aire-repos", "description": "Aire de pique-nique en pleine nature — jeux enfants, banc.", "links": [{"label": "🗺️ Source OpenStreetMap (ODbL)", "url": "https://www.openstreetmap.org/way/405344397"}, {"label": "🔎 Infos", "url": "https://www.google.com/search?q=GrillPark%20KAUL%20Luxembourg"}], "photos": [], "details": {"cadre": "Nature", "equipements": "Jeux enfants, Banc", "note": "Équipements relevés à proximité immédiate ; la liste peut être incomplète."}}}, {"type": "Feature", "geometry": {"type": "Point", "coordinates": [6.017991, 49.975243]}, "properties": {"id": "lu-aire-0325", "name": "Aire de pique-nique", "theme": "aire-repos", "description": "Aire de pique-nique en pleine nature — table.", "links": [{"label": "🗺️ Source OpenStreetMap (ODbL)", "url": "https://www.openstreetmap.org/way/222039269"}, {"label": "🔎 Infos", "url": "https://www.google.com/search?q=Aire%20de%20pique-nique%20Luxembourg"}], "photos": [], "details": {"cadre": "Nature", "equipements": "Table", "note": "Équipements relevés à proximité immédiate ; la liste peut être incomplète."}}}, {"type": "Feature", "geometry": {"type": "Point", "coordinates": [5.931122, 49.98467]}, "properties": {"id": "lu-aire-0326", "name": "Aire de repos", "theme": "aire-repos", "description": "Aire de repos en bord de route — poubelle.", "links": [{"label": "🗺️ Source OpenStreetMap (ODbL)", "url": "https://www.openstreetmap.org/way/893278230"}, {"label": "🔎 Infos", "url": "https://www.google.com/search?q=Aire%20de%20repos%20Luxembourg"}], "photos": [], "details": {"cadre": "Bord de route", "equipements": "Poubelle", "note": "Équipements relevés à proximité immédiate ; la liste peut être incomplète."}}}, {"type": "Feature", "geometry": {"type": "Point", "coordinates": [5.856265, 49.985936]}, "properties": {"id": "lu-aire-0327", "name": "Aire de repos", "theme": "aire-repos", "description": "Aire de repos en bord de route — banc.", "links": [{"label": "🗺️ Source OpenStreetMap (ODbL)", "url": "https://www.openstreetmap.org/node/2317959645"}, {"label": "🔎 Infos", "url": "https://www.google.com/search?q=Aire%20de%20repos%20Luxembourg"}], "photos": [], "details": {"cadre": "Bord de route", "equipements": "Banc", "note": "Équipements relevés à proximité immédiate ; la liste peut être incomplète."}}}, {"type": "Feature", "geometry": {"type": "Point", "coordinates": [5.855808, 49.986347]}, "properties": {"id": "lu-aire-0328", "name": "Aire de repos", "theme": "aire-repos", "description": "Aire de repos en bord de route — banc.", "links": [{"label": "🗺️ Source OpenStreetMap (ODbL)", "url": "https://www.openstreetmap.org/node/8303039819"}, {"label": "🔎 Infos", "url": "https://www.google.com/search?q=Aire%20de%20repos%20Luxembourg"}], "photos": [], "details": {"cadre": "Bord de route", "equipements": "Banc", "note": "Équipements relevés à proximité immédiate ; la liste peut être incomplète."}}}, {"type": "Feature", "geometry": {"type": "Point", "coordinates": [6.155459, 49.987963]}, "properties": {"id": "lu-aire-0329", "name": "Aire de repos", "theme": "aire-repos", "description": "Aire de repos en bord de route — table, banc.", "links": [{"label": "🗺️ Source OpenStreetMap (ODbL)", "url": "https://www.openstreetmap.org/way/916922605"}, {"label": "🔎 Infos", "url": "https://www.google.com/search?q=Aire%20de%20repos%20Luxembourg"}], "photos": [], "details": {"cadre": "Bord de route", "equipements": "Table, Banc", "note": "Équipements relevés à proximité immédiate ; la liste peut être incomplète."}}}, {"type": "Feature", "geometry": {"type": "Point", "coordinates": [5.962919, 49.990657]}, "properties": {"id": "lu-aire-0330", "name": "Aire de repos", "theme": "aire-repos", "description": "Aire de repos en bord de route — table.", "links": [{"label": "🗺️ Source OpenStreetMap (ODbL)", "url": "https://www.openstreetmap.org/node/1116989528"}, {"label": "🔎 Infos", "url": "https://www.google.com/search?q=Aire%20de%20repos%20Luxembourg"}], "photos": [], "details": {"cadre": "Bord de route", "equipements": "Table", "note": "Équipements relevés à proximité immédiate ; la liste peut être incomplète."}}}, {"type": "Feature", "geometry": {"type": "Point", "coordinates": [6.015488, 49.996584]}, "properties": {"id": "lu-aire-0331", "name": "Aire de repos", "theme": "aire-repos", "description": "Aire de repos en bord de route — banc.", "links": [{"label": "🗺️ Source OpenStreetMap (ODbL)", "url": "https://www.openstreetmap.org/node/472556446"}, {"label": "🔎 Infos", "url": "https://www.google.com/search?q=Aire%20de%20repos%20Luxembourg"}], "photos": [], "details": {"cadre": "Bord de route", "equipements": "Banc", "note": "Équipements relevés à proximité immédiate ; la liste peut être incomplète."}}}, {"type": "Feature", "geometry": {"type": "Point", "coordinates": [6.128557, 50.033145]}, "properties": {"id": "lu-aire-0332", "name": "Aire de repos", "theme": "aire-repos", "description": "Aire de repos en bord de route — banc.", "links": [{"label": "🗺️ Source OpenStreetMap (ODbL)", "url": "https://www.openstreetmap.org/node/1080746496"}, {"label": "🔎 Infos", "url": "https://www.google.com/search?q=Aire%20de%20repos%20Luxembourg"}], "photos": [], "details": {"cadre": "Bord de route", "equipements": "Banc", "note": "Équipements relevés à proximité immédiate ; la liste peut être incomplète."}}}, {"type": "Feature", "geometry": {"type": "Point", "coordinates": [6.018411, 50.048623]}, "properties": {"id": "lu-aire-0333", "name": "Aire de pique-nique", "theme": "aire-repos", "description": "Aire de pique-nique en pleine nature — banc.", "links": [{"label": "🗺️ Source OpenStreetMap (ODbL)", "url": "https://www.openstreetmap.org/node/5772900155"}, {"label": "🔎 Infos", "url": "https://www.google.com/search?q=Aire%20de%20pique-nique%20Luxembourg"}], "photos": [], "details": {"cadre": "Nature", "equipements": "Banc", "note": "Équipements relevés à proximité immédiate ; la liste peut être incomplète."}}}, {"type": "Feature", "geometry": {"type": "Point", "coordinates": [6.018558, 50.048676]}, "properties": {"id": "lu-aire-0334", "name": "Aire de repos", "theme": "aire-repos", "description": "Aire de repos en bord de route — banc.", "links": [{"label": "🗺️ Source OpenStreetMap (ODbL)", "url": "https://www.openstreetmap.org/way/1037792222"}, {"label": "🔎 Infos", "url": "https://www.google.com/search?q=Aire%20de%20repos%20Luxembourg"}], "photos": [], "details": {"cadre": "Bord de route", "equipements": "Banc", "note": "Équipements relevés à proximité immédiate ; la liste peut être incomplète."}}}, {"type": "Feature", "geometry": {"type": "Point", "coordinates": [6.029949, 50.053621]}, "properties": {"id": "lu-aire-0335", "name": "Aire de pique-nique", "theme": "aire-repos", "description": "Aire de pique-nique en pleine nature — toilettes, table.", "links": [{"label": "🗺️ Source OpenStreetMap (ODbL)", "url": "https://www.openstreetmap.org/node/5514467345"}, {"label": "🔎 Infos", "url": "https://www.google.com/search?q=Aire%20de%20pique-nique%20Luxembourg"}], "photos": [], "details": {"cadre": "Nature", "equipements": "Toilettes, Table", "note": "Équipements relevés à proximité immédiate ; la liste peut être incomplète."}}}, {"type": "Feature", "geometry": {"type": "Point", "coordinates": [6.031059, 50.053697]}, "properties": {"id": "lu-aire-0336", "name": "Aire de pique-nique", "theme": "aire-repos", "description": "Aire de pique-nique en pleine nature — table, banc.", "links": [{"label": "🗺️ Source OpenStreetMap (ODbL)", "url": "https://www.openstreetmap.org/node/293149711"}, {"label": "🔎 Infos", "url": "https://www.google.com/search?q=Aire%20de%20pique-nique%20Luxembourg"}], "photos": [], "details": {"cadre": "Nature", "equipements": "Table, Banc", "note": "Équipements relevés à proximité immédiate ; la liste peut être incomplète."}}}, {"type": "Feature", "geometry": {"type": "Point", "coordinates": [6.048473, 50.055148]}, "properties": {"id": "lu-aire-0337", "name": "Aire de repos", "theme": "aire-repos", "description": "Aire de repos en bord de route — table.", "links": [{"label": "🗺️ Source OpenStreetMap (ODbL)", "url": "https://www.openstreetmap.org/node/1167200285"}, {"label": "🔎 Infos", "url": "https://www.google.com/search?q=Aire%20de%20repos%20Luxembourg"}], "photos": [], "details": {"cadre": "Bord de route", "equipements": "Table", "note": "Équipements relevés à proximité immédiate ; la liste peut être incomplète."}}}, {"type": "Feature", "geometry": {"type": "Point", "coordinates": [5.981883, 50.056426]}, "properties": {"id": "lu-aire-0338", "name": "Aire de repos", "theme": "aire-repos", "description": "Aire de repos en bord de route — table.", "links": [{"label": "🗺️ Source OpenStreetMap (ODbL)", "url": "https://www.openstreetmap.org/node/8191300671"}, {"label": "🔎 Infos", "url": "https://www.google.com/search?q=Aire%20de%20repos%20Luxembourg"}], "photos": [], "details": {"cadre": "Bord de route", "equipements": "Table", "note": "Équipements relevés à proximité immédiate ; la liste peut être incomplète."}}}, {"type": "Feature", "geometry": {"type": "Point", "coordinates": [5.89511, 50.056795]}, "properties": {"id": "lu-aire-0339", "name": "Aire de repos", "theme": "aire-repos", "description": "Aire de repos en bord de route — table.", "links": [{"label": "🗺️ Source OpenStreetMap (ODbL)", "url": "https://www.openstreetmap.org/node/3665521979"}, {"label": "🔎 Infos", "url": "https://www.google.com/search?q=Aire%20de%20repos%20Luxembourg"}], "photos": [], "details": {"cadre": "Bord de route", "equipements": "Table", "note": "Équipements relevés à proximité immédiate ; la liste peut être incomplète."}}}, {"type": "Feature", "geometry": {"type": "Point", "coordinates": [6.108702, 50.064191]}, "properties": {"id": "lu-aire-0340", "name": "Aire de pique-nique", "theme": "aire-repos", "description": "Aire de pique-nique en pleine nature — poubelle, banc.", "links": [{"label": "🗺️ Source OpenStreetMap (ODbL)", "url": "https://www.openstreetmap.org/node/2808950283"}, {"label": "🔎 Infos", "url": "https://www.google.com/search?q=Aire%20de%20pique-nique%20Luxembourg"}], "photos": [], "details": {"cadre": "Nature", "equipements": "Poubelle, Banc", "note": "Équipements relevés à proximité immédiate ; la liste peut être incomplète."}}}, {"type": "Feature", "geometry": {"type": "Point", "coordinates": [6.007083, 50.11246]}, "properties": {"id": "lu-aire-0341", "name": "Aire de pique-nique", "theme": "aire-repos", "description": "Aire de pique-nique en pleine nature — table.", "links": [{"label": "🗺️ Source OpenStreetMap (ODbL)", "url": "https://www.openstreetmap.org/node/2713167564"}, {"label": "🔎 Infos", "url": "https://www.google.com/search?q=Aire%20de%20pique-nique%20Luxembourg"}], "photos": [], "details": {"cadre": "Nature", "equipements": "Table", "note": "Équipements relevés à proximité immédiate ; la liste peut être incomplète."}}}, {"type": "Feature", "geometry": {"type": "Point", "coordinates": [6.000271, 50.117215]}, "properties": {"id": "lu-aire-0342", "name": "Aire de repos", "theme": "aire-repos", "description": "Aire de repos en bord de route — poubelle, banc.", "links": [{"label": "🗺️ Source OpenStreetMap (ODbL)", "url": "https://www.openstreetmap.org/node/1430776848"}, {"label": "🔎 Infos", "url": "https://www.google.com/search?q=Aire%20de%20repos%20Luxembourg"}], "photos": [], "details": {"cadre": "Bord de route", "equipements": "Poubelle, Banc", "note": "Équipements relevés à proximité immédiate ; la liste peut être incomplète."}}}, {"type": "Feature", "geometry": {"type": "Point", "coordinates": [5.99887, 50.118616]}, "properties": {"id": "lu-aire-0343", "name": "Aire de pique-nique", "theme": "aire-repos", "description": "Aire de pique-nique en pleine nature — toilettes, eau potable, poubelle, jeux enfants, banc.", "links": [{"label": "🗺️ Source OpenStreetMap (ODbL)", "url": "https://www.openstreetmap.org/node/9948995576"}, {"label": "🔎 Infos", "url": "https://www.google.com/search?q=Aire%20de%20pique-nique%20Luxembourg"}], "photos": [], "details": {"cadre": "Nature", "equipements": "Toilettes, Eau potable, Poubelle, Jeux enfants, Banc", "note": "Équipements relevés à proximité immédiate ; la liste peut être incomplète."}}}, {"type": "Feature", "geometry": {"type": "Point", "coordinates": [5.99879, 50.11862]}, "properties": {"id": "lu-aire-0344", "name": "Aire de pique-nique", "theme": "aire-repos", "description": "Aire de pique-nique en pleine nature — toilettes, eau potable, poubelle, jeux enfants, banc.", "links": [{"label": "🗺️ Source OpenStreetMap (ODbL)", "url": "https://www.openstreetmap.org/node/12837455325"}, {"label": "🔎 Infos", "url": "https://www.google.com/search?q=Aire%20de%20pique-nique%20Luxembourg"}], "photos": [], "details": {"cadre": "Nature", "equipements": "Toilettes, Eau potable, Poubelle, Jeux enfants, Banc", "note": "Équipements relevés à proximité immédiate ; la liste peut être incomplète."}}}, {"type": "Feature", "geometry": {"type": "Point", "coordinates": [6.129828, 50.122011]}, "properties": {"id": "lu-aire-0345", "name": "Aire de pique-nique", "theme": "aire-repos", "description": "Aire de pique-nique en pleine nature — table, banc.", "links": [{"label": "🗺️ Source OpenStreetMap (ODbL)", "url": "https://www.openstreetmap.org/way/267093413"}, {"label": "🔎 Infos", "url": "https://www.google.com/search?q=Aire%20de%20pique-nique%20Luxembourg"}], "photos": [], "details": {"cadre": "Nature", "equipements": "Table, Banc", "note": "Équipements relevés à proximité immédiate ; la liste peut être incomplète."}}}, {"type": "Feature", "geometry": {"type": "Point", "coordinates": [5.986737, 50.125501]}, "properties": {"id": "lu-aire-0346", "name": "Aire de pique-nique", "theme": "aire-repos", "description": "Aire de pique-nique en pleine nature — poubelle.", "links": [{"label": "🗺️ Source OpenStreetMap (ODbL)", "url": "https://www.openstreetmap.org/node/2915811168"}, {"label": "🔎 Infos", "url": "https://www.google.com/search?q=Aire%20de%20pique-nique%20Luxembourg"}], "photos": [], "details": {"cadre": "Nature", "equipements": "Poubelle", "note": "Équipements relevés à proximité immédiate ; la liste peut être incomplète."}}}, {"type": "Feature", "geometry": {"type": "Point", "coordinates": [5.986769, 50.125546]}, "properties": {"id": "lu-aire-0347", "name": "Aire de pique-nique", "theme": "aire-repos", "description": "Aire de pique-nique en pleine nature — poubelle.", "links": [{"label": "🗺️ Source OpenStreetMap (ODbL)", "url": "https://www.openstreetmap.org/node/2915811170"}, {"label": "🔎 Infos", "url": "https://www.google.com/search?q=Aire%20de%20pique-nique%20Luxembourg"}], "photos": [], "details": {"cadre": "Nature", "equipements": "Poubelle", "note": "Équipements relevés à proximité immédiate ; la liste peut être incomplète."}}}, {"type": "Feature", "geometry": {"type": "Point", "coordinates": [6.13593, 50.129878]}, "properties": {"id": "lu-aire-0348", "name": "Aire de pique-nique", "theme": "aire-repos", "description": "Aire de pique-nique en pleine nature — banc.", "links": [{"label": "🗺️ Source OpenStreetMap (ODbL)", "url": "https://www.openstreetmap.org/node/3072463414"}, {"label": "🔎 Infos", "url": "https://www.google.com/search?q=Aire%20de%20pique-nique%20Luxembourg"}], "photos": [], "details": {"cadre": "Nature", "equipements": "Banc", "note": "Équipements relevés à proximité immédiate ; la liste peut être incomplète."}}}, {"type": "Feature", "geometry": {"type": "Point", "coordinates": [6.135922, 50.129981]}, "properties": {"id": "lu-aire-0349", "name": "Aire de pique-nique", "theme": "aire-repos", "description": "Aire de pique-nique en pleine nature — banc.", "links": [{"label": "🗺️ Source OpenStreetMap (ODbL)", "url": "https://www.openstreetmap.org/node/3072463650"}, {"label": "🔎 Infos", "url": "https://www.google.com/search?q=Aire%20de%20pique-nique%20Luxembourg"}], "photos": [], "details": {"cadre": "Nature", "equipements": "Banc", "note": "Équipements relevés à proximité immédiate ; la liste peut être incomplète."}}}, {"type": "Feature", "geometry": {"type": "Point", "coordinates": [6.135889, 50.130006]}, "properties": {"id": "lu-aire-0350", "name": "Aire de pique-nique", "theme": "aire-repos", "description": "Aire de pique-nique en pleine nature — banc.", "links": [{"label": "🗺️ Source OpenStreetMap (ODbL)", "url": "https://www.openstreetmap.org/node/3072463660"}, {"label": "🔎 Infos", "url": "https://www.google.com/search?q=Aire%20de%20pique-nique%20Luxembourg"}], "photos": [], "details": {"cadre": "Nature", "equipements": "Banc", "note": "Équipements relevés à proximité immédiate ; la liste peut être incomplète."}}}, {"type": "Feature", "geometry": {"type": "Point", "coordinates": [6.135862, 50.130028]}, "properties": {"id": "lu-aire-0351", "name": "Aire de pique-nique", "theme": "aire-repos", "description": "Aire de pique-nique en pleine nature — banc.", "links": [{"label": "🗺️ Source OpenStreetMap (ODbL)", "url": "https://www.openstreetmap.org/node/1445273686"}, {"label": "🔎 Infos", "url": "https://www.google.com/search?q=Aire%20de%20pique-nique%20Luxembourg"}], "photos": [], "details": {"cadre": "Nature", "equipements": "Banc", "note": "Équipements relevés à proximité immédiate ; la liste peut être incomplète."}}}, {"type": "Feature", "geometry": {"type": "Point", "coordinates": [5.969871, 50.134941]}, "properties": {"id": "lu-aire-0352", "name": "Aire de pique-nique", "theme": "aire-repos", "description": "Aire de pique-nique en pleine nature — poubelle.", "links": [{"label": "🗺️ Source OpenStreetMap (ODbL)", "url": "https://www.openstreetmap.org/node/310224096"}, {"label": "🔎 Infos", "url": "https://www.google.com/search?q=Aire%20de%20pique-nique%20Luxembourg"}], "photos": [], "details": {"cadre": "Nature", "equipements": "Poubelle", "note": "Équipements relevés à proximité immédiate ; la liste peut être incomplète."}}}, {"type": "Feature", "geometry": {"type": "Point", "coordinates": [6.067948, 50.139155]}, "properties": {"id": "lu-aire-0353", "name": "Aire de pique-nique", "theme": "aire-repos", "description": "Aire de pique-nique en pleine nature — poubelle.", "links": [{"label": "🗺️ Source OpenStreetMap (ODbL)", "url": "https://www.openstreetmap.org/node/1445828685"}, {"label": "🔎 Infos", "url": "https://www.google.com/search?q=Aire%20de%20pique-nique%20Luxembourg"}], "photos": [], "details": {"cadre": "Nature", "equipements": "Poubelle", "note": "Équipements relevés à proximité immédiate ; la liste peut être incomplète."}}}, {"type": "Feature", "geometry": {"type": "Point", "coordinates": [6.023846, 50.16153]}, "properties": {"id": "lu-aire-0354", "name": "Aire de pique-nique", "theme": "aire-repos", "description": "Aire de pique-nique en pleine nature — table.", "links": [{"label": "🗺️ Source OpenStreetMap (ODbL)", "url": "https://www.openstreetmap.org/node/307938510"}, {"label": "🔎 Infos", "url": "https://www.google.com/search?q=Aire%20de%20pique-nique%20Luxembourg"}], "photos": [], "details": {"cadre": "Nature", "equipements": "Table", "note": "Équipements relevés à proximité immédiate ; la liste peut être incomplète."}}}]}